threshold,tp,fp,tn,fn,tpr,fpr,fnr,tnr,precision,recall,f1,Training Data,Testing Data
0.0,0,0,12445560,51940,0.0,0.0,1.0,1.0,,0.0,,UK (Full),UK
0.018583266422002004,525,2456,12443104,51415,0.010107816711590296,0.00019733945278476822,0.9898921832884097,0.9998026605472152,0.17611539751761154,0.010107816711590296,0.019118370022395803,UK (Full),UK
0.03716653284400401,1261,9133,12436427,50679,0.024278013092029264,0.0007338360025583421,0.9757219869079707,0.9992661639974416,0.12131999230325187,0.024278013092029264,0.04045946032662752,UK (Full),UK
0.05574979926600601,1943,21649,12423911,49997,0.037408548324990375,0.0017394958523360943,0.9625914516750096,0.9982605041476639,0.08235842658528315,0.037408548324990375,0.05144839273420537,UK (Full),UK
0.07433306568800802,2672,42240,12403320,49268,0.05144397381594147,0.0033939814680898246,0.9485560261840585,0.9966060185319102,0.05949412183826149,0.05144397381594147,0.05517697104861025,UK (Full),UK
0.09291633211001002,3412,72003,12373557,48528,0.06569118213323065,0.005785436734064196,0.9343088178667693,0.9942145632659358,0.04524298879533249,0.06569118213323065,0.053582505594597776,UK (Full),UK
0.11149959853201202,4184,110714,12334846,47756,0.08055448594532152,0.008895863263686006,0.9194455140546784,0.991104136736314,0.036414907135024106,0.08055448594532152,0.05015643918052242,UK (Full),UK
0.13008286495401403,5060,158081,12287479,46880,0.09742010011551791,0.01270179887445804,0.9025798998844821,0.987298201125542,0.031016114894477784,0.09742010011551791,0.04705204085902521,UK (Full),UK
0.14866613137601603,5934,213732,12231828,46006,0.11424720831728918,0.017173353388678373,0.8857527916827108,0.9828266466113216,0.02701373904017918,0.11424720831728918,0.04369564737156027,UK (Full),UK
0.16724939779801803,6861,276325,12169235,45079,0.13209472468232575,0.022202697186787898,0.8679052753176743,0.9777973028132121,0.0242278926218104,0.13209472468232575,0.04094579352243633,UK (Full),UK
0.18583266422002004,7842,345625,12099935,44098,0.1509819021948402,0.027770948032872767,0.8490180978051598,0.9722290519671273,0.022185946637168392,0.1509819021948402,0.038687047830945204,UK (Full),UK
0.20441593064202204,8825,420393,12025167,43115,0.16990758567577974,0.03377855235119995,0.8300924143242202,0.9662214476488,0.020560647503133606,0.16990758567577974,0.036682337194850756,UK (Full),UK
0.22299919706402405,9761,500290,11945270,42179,0.1879283788987293,0.040198271512089455,0.8120716211012707,0.9598017284879106,0.019137301956078902,0.1879283788987293,0.03473721109412784,UK (Full),UK
0.24158246348602605,10742,584763,11860797,41198,0.20681555641124375,0.04698567199868869,0.7931844435887563,0.9530143280013114,0.01803847154935727,0.20681555641124375,0.03318274139116064,UK (Full),UK
0.26016572990802805,11715,672967,11772593,40225,0.22554871005005775,0.05407285811164785,0.7744512899499423,0.9459271418883521,0.017110132879205237,0.22554871005005775,0.03180735845521855,UK (Full),UK
0.27874899633003003,12599,765853,11679707,39341,0.24256834809395456,0.061536242643962985,0.7574316519060454,0.938463757356037,0.016184684476371055,0.24256834809395456,0.03034470466960183,UK (Full),UK
0.29733226275203206,13549,861453,11584107,38391,0.26085868309587984,0.06921769691359811,0.7391413169041201,0.9307823030864019,0.015484536035346205,0.26085868309587984,0.029233760041081316,UK (Full),UK
0.3159155291740341,14465,960638,11484922,37475,0.27849441663457836,0.07718720571834453,0.7215055833654216,0.9228127942816554,0.014834330322027519,0.27849441663457836,0.028168246120172186,UK (Full),UK
0.33449879559603607,15384,1063301,11382259,36556,0.29618790912591453,0.08543617161461597,0.7038120908740855,0.914563828385384,0.014261809518070614,0.29618790912591453,0.027213266998341624,UK (Full),UK
0.35308206201803805,16268,1169540,11276020,35672,0.3132075471698113,0.09397246889653821,0.6867924528301886,0.9060275311034618,0.013718915709794503,0.3132075471698113,0.026286449261077375,UK (Full),UK
0.3716653284400401,17104,1278670,11166890,34836,0.32930304197150556,0.10274105785517083,0.6706969580284944,0.8972589421448292,0.013199832686872866,0.32930304197150556,0.025382239852075442,UK (Full),UK
0.3902485948620421,17910,1389689,11055871,34030,0.3448209472468233,0.11166142785057483,0.6551790527531768,0.8883385721494251,0.012723794205594064,0.3448209472468233,0.02454199579456253,UK (Full),UK
0.4088318612840441,18787,1505044,10940516,33153,0.3617058144012322,0.1209301951860744,0.6382941855987678,0.8790698048139256,0.012328794991045595,0.3617058144012322,0.0238448353218837,UK (Full),UK
0.42741512770604606,19600,1623909,10821651,32340,0.37735849056603776,0.13048099081118086,0.6226415094339622,0.8695190091888192,0.011925702871112966,0.37735849056603776,0.023120719054362596,UK (Full),UK
0.4459983941280481,20433,1745604,10699956,31507,0.39339622641509436,0.14025917676665414,0.6066037735849057,0.8597408232333459,0.011569972769539937,0.39339622641509436,0.022478832240451888,UK (Full),UK
0.4645816605500501,21290,1870934,10574626,30650,0.4098960338852522,0.15032943475424168,0.5901039661147478,0.8496705652457583,0.011251310627071636,0.4098960338852522,0.021901444528342258,UK (Full),UK
0.4831649269720521,22133,1999444,10446116,29807,0.42612629957643433,0.16065520555121665,0.5738737004235657,0.8393447944487833,0.010948383366055312,0.42612629957643433,0.02134826963077708,UK (Full),UK
0.5017481933940541,22946,2131767,10313793,28994,0.44177897574123987,0.1712873506696364,0.5582210242587601,0.8287126493303636,0.010649214071665228,0.44177897574123987,0.0207971076558027,UK (Full),UK
0.5203314598160561,23748,2267936,10177624,28192,0.45721986907970735,0.18222852165752285,0.5427801309202926,0.8177714783424772,0.010362685256780604,0.45721986907970735,0.020266049502821275,UK (Full),UK
0.5389147262380581,24575,2408710,10036850,27365,0.47314208702348864,0.19353970411938073,0.5268579129765114,0.8064602958806193,0.010099515675311359,0.47314208702348864,0.019776881368890137,UK (Full),UK
0.5574979926600601,25440,2553548,9892012,26500,0.4897959183673469,0.20517742873763817,0.5102040816326531,0.7948225712623619,0.00986433438232361,0.4897959183673469,0.019339183740490047,UK (Full),UK
0.5760812590820621,26236,2702228,9743332,25704,0.505121293800539,0.21712385782560206,0.4948787061994609,0.7828761421743979,0.009615666543520456,0.505121293800539,0.018872077582969958,UK (Full),UK
0.5946645255040641,27046,2854717,9590843,24894,0.5207162110127069,0.2293763398352505,0.479283788987293,0.7706236601647495,0.009385227029426084,0.5207162110127069,0.018438130921909955,UK (Full),UK
0.6132477919260662,27876,3011195,9434365,24064,0.5366961879091259,0.24194933775579403,0.46330381209087407,0.7580506622442059,0.009172539897883268,0.5366961879091259,0.018036817080236855,UK (Full),UK
0.6318310583480682,28661,3173437,9272123,23279,0.55180978051598,0.2549854727308373,0.44819021948402005,0.7450145272691626,0.008950694201114395,0.55180978051598,0.017615651691836418,UK (Full),UK
0.6504143247700701,29435,3339471,9106089,22505,0.566711590296496,0.26832629467858415,0.433288409703504,0.7316737053214158,0.008737257732925763,0.566711590296496,0.017209193281428045,UK (Full),UK
0.6689975911920721,30236,3509769,8935791,21704,0.5821332306507508,0.2820097287707423,0.41786676934924916,0.7179902712292576,0.008541230873967692,0.5821332306507508,0.01683544709064309,UK (Full),UK
0.6875808576140742,30984,3684904,8760656,20956,0.5965344628417405,0.29608181552296564,0.40346553715825956,0.7039181844770344,0.008338249161438665,0.5965344628417405,0.01644661062023001,UK (Full),UK
0.7061641240360761,31745,3865316,8580244,20195,0.6111859838274932,0.31057790890887993,0.3888140161725067,0.6894220910911201,0.008145882243054445,0.6111859838274932,0.016077483900358597,UK (Full),UK
0.7247473904580781,32502,4050172,8395388,19438,0.6257604928763958,0.32543107742841626,0.37423950712360415,0.6745689225715837,0.0079609589205506,0.6257604928763958,0.015721902939427962,UK (Full),UK
0.7433306568800802,33254,4241513,8204047,18686,0.6402387370042356,0.3408053153092348,0.35976126299576433,0.6591946846907653,0.007779137436028677,0.6402387370042356,0.015371505396598385,UK (Full),UK
0.7619139233020822,33997,4437653,8007907,17943,0.6545437042741625,0.3565651525523962,0.3454562957258375,0.6434348474476038,0.007602786443482831,0.6545437042741625,0.015030982029759549,UK (Full),UK
0.7804971897240842,34688,4639507,7806053,17252,0.6678475163650366,0.37278410935305445,0.3321524836349634,0.6272158906469456,0.007421170918200888,0.6678475163650366,0.014679225201988517,UK (Full),UK
0.7990804561460861,35408,4846519,7599041,16532,0.6817096649980747,0.3894175111445367,0.3182903350019253,0.6105824888554633,0.007252873711548739,0.6817096649980747,0.01435304194458424,UK (Full),UK
0.8176637225680882,36169,5060302,7385258,15771,0.6963611859838275,0.4065949623801581,0.3036388140161725,0.593405037619842,0.007096871541111487,0.6963611859838275,0.01405054880039686,UK (Full),UK
0.8362469889900902,36940,5281038,7164522,15000,0.7112052368117058,0.42433108674900927,0.28879476318829417,0.5756689132509907,0.00694624911949617,0.7112052368117058,0.013758124425736111,UK (Full),UK
0.8548302554120921,37652,5509005,6936555,14288,0.7249133615710435,0.44264822153442673,0.2750866384289565,0.5573517784655733,0.006788232984300273,0.7249133615710435,0.01345051269094739,UK (Full),UK
0.8734135218340942,38379,5742025,6703535,13561,0.7389102810935695,0.46137136456696204,0.2610897189064305,0.538628635433038,0.0066395013220529224,0.7389102810935695,0.013160746348294958,UK (Full),UK
0.8919967882560962,39037,5982796,6462764,12903,0.7515787447054293,0.4807172999848942,0.24842125529457065,0.5192827000151058,0.006482577647038701,0.7515787447054293,0.012854283490673754,UK (Full),UK
0.9105800546780982,39729,6230439,6215121,12211,0.764901809780516,0.5006154001909114,0.23509819021948403,0.49938459980908856,0.006336193862748175,0.764901809780516,0.012568276277469476,UK (Full),UK
0.9291633211001002,40418,6485639,5959921,11522,0.778167115902965,0.5211207048939541,0.22183288409703503,0.4788792951060459,0.006193326230524802,0.778167115902965,0.012288847197710792,UK (Full),UK
0.9477465875221022,41114,6748604,5696956,10826,0.7915671929149019,0.5422499268815546,0.2084328070850982,0.45775007311844546,0.006055332489508401,0.7915671929149019,0.01201872411628877,UK (Full),UK
0.9663298539441042,41798,7018208,5427352,10142,0.804736234116288,0.5639125921212063,0.19526376588371197,0.43608740787879374,0.005920391569072321,0.804736234116288,0.011754307470838502,UK (Full),UK
0.9849131203661062,42484,7294648,5150912,9456,0.8179437812860993,0.586124529551101,0.18205621871390065,0.41387547044889905,0.00579027336566931,0.8179437812860993,0.01149914360017063,UK (Full),UK
1.0034963867881082,43220,7578811,4866749,8720,0.8321139776665383,0.6089570095680709,0.1678860223334617,0.39104299043192914,0.005670404646740482,0.8321139776665383,0.011264050906629698,UK (Full),UK
1.0220796532101102,43932,7868258,4577302,8008,0.845822102425876,0.6322140586683123,0.15417789757412398,0.3677859413316878,0.00555244502470239,0.845822102425876,0.011032466823118155,UK (Full),UK
1.0406629196321122,44655,8162340,4283220,7285,0.8597420100115518,0.6558435297407268,0.1402579899884482,0.3441564702592732,0.005441090191964294,0.8597420100115518,0.010813742934167663,UK (Full),UK
1.0592461860541142,45337,8458385,3987175,6603,0.8728725452445129,0.6796307277454771,0.1271274547554871,0.3203692722545229,0.005331430166696419,0.8728725452445129,0.010598127883032313,UK (Full),UK
1.0778294524761163,45947,8755331,3690229,5993,0.8846168656141702,0.7034903210462204,0.1153831343858298,0.2965096789537795,0.005220491842207462,0.8846168656141702,0.010379728591343848,UK (Full),UK
1.0964127188981183,46541,9050673,3394887,5399,0.8960531382364266,0.7272210330431094,0.10394686176357336,0.27277896695689063,0.005115961875800657,0.8960531382364266,0.01017383683781036,UK (Full),UK
1.1149959853201201,47163,9343939,3101621,4777,0.9080284944166346,0.7507849385644358,0.09197150558336542,0.24921506143556416,0.005022094318643328,0.9080284944166346,0.009988942122676146,UK (Full),UK
1.1335792517421222,47715,9632777,2812783,4225,0.9186561417019639,0.7739930545511813,0.0813438582980362,0.2260069454488187,0.004928985014398028,0.9186561417019639,0.00980536005799989,UK (Full),UK
1.1521625181641242,48242,9913789,2531771,3698,0.9288024643819792,0.7965723519070255,0.0711975356180208,0.20342764809297453,0.004842586817888842,0.9288024643819792,0.009634939026685815,UK (Full),UK
1.1707457845861262,48757,10185425,2260135,3183,0.938717751251444,0.818398288224877,0.06128224874855603,0.18160171177512302,0.004764132590176723,0.938717751251444,0.009480151995086195,UK (Full),UK
1.1893290510081282,49196,10445072,2000488,2744,0.9471698113207547,0.8392609091113618,0.052830188679245285,0.1607390908886382,0.004687892476159366,0.9471698113207547,0.009329609277571616,UK (Full),UK
1.2079123174301303,49627,10691793,1753767,2313,0.955467847516365,0.8590849266726447,0.044532152483634964,0.1409150733273553,0.004620152642760454,0.955467847516365,0.009195838923189812,UK (Full),UK
1.2264955838521323,49973,10922785,1522775,1967,0.9621293800539084,0.8776451200267404,0.037870619946091644,0.12235487997325954,0.0045542788786556675,0.9621293800539084,0.009065645154180188,UK (Full),UK
1.2450788502741343,50286,11135886,1309674,1654,0.9681555641124374,0.8947677726032416,0.03184443588756257,0.10523222739675836,0.004495371607016234,0.9681555641124374,0.00894919004188604,UK (Full),UK
1.2636621166961364,50557,11330062,1115498,1383,0.9733731228340393,0.9103698025641273,0.026626877165960725,0.08963019743587271,0.004442376991972054,0.9733731228340393,0.008844389082094393,UK (Full),UK
1.2822453831181382,50822,11505726,939834,1118,0.9784751636503658,0.9244843944346417,0.02152483634963419,0.07551560556535825,0.004397679999252372,0.9784751636503658,0.008756006811567536,UK (Full),UK
1.3008286495401402,51021,11661895,783665,919,0.9823065075086639,0.9370325642237071,0.017693492491336157,0.06296743577629291,0.00435596054816751,0.9823065075086639,0.008673459326658991,UK (Full),UK
1.3194119159621422,51191,11799194,646366,749,0.9855795148247979,0.9480645306438601,0.014420485175202157,0.05193546935613986,0.004319775264685494,0.9855795148247979,0.008601848798449043,UK (Full),UK
1.3379951823841443,51361,11918238,527322,579,0.9888525221409319,0.9576297089082372,0.011147477859068156,0.042370291091762845,0.004290954107986408,0.9888525221409319,0.008544829409944932,UK (Full),UK
1.3565784488061463,51514,12019633,425927,426,0.9917982287254524,0.9657767910805138,0.008201771274547555,0.034223208919486145,0.004267531494728712,0.9917982287254524,0.008498495473966328,UK (Full),UK
1.3751617152281483,51618,12105732,339828,322,0.9938005390835579,0.9726948405696489,0.0061994609164420485,0.027305159430351066,0.0042458265987242285,0.9938005390835579,0.00845552853605738,UK (Full),UK
1.3937449816501504,51693,12177222,268338,247,0.9952445128994994,0.9784390577844629,0.0047554871005005776,0.02156094221553711,0.004227112544326296,0.9952445128994994,0.008418469235244615,UK (Full),UK
1.4123282480721522,51760,12236023,209537,180,0.9965344628417405,0.983163714609869,0.0034655371582595304,0.0168362853901311,0.004212313970713838,0.9965344628417405,0.00838916724467802,UK (Full),UK
1.4309115144941542,51819,12284010,161550,121,0.9976703889102811,0.9870194671834774,0.0023296110897189064,0.01298053281652252,0.004200690525136171,0.9976703889102811,0.008366155358563757,UK (Full),UK
1.4494947809161562,51853,12322476,123084,87,0.9983249903735079,0.9901102079777848,0.0016750096264921063,0.009889792022215151,0.004190368625240205,0.9983249903735079,0.008345706985741254,UK (Full),UK
1.4680780473381583,51891,12352953,92607,49,0.9990566037735849,0.9925590331009613,0.0009433962264150943,0.0074409668990386936,0.004183123947387004,0.9990566037735849,0.008331363857637733,UK (Full),UK
1.4866613137601603,51909,12376945,68615,31,0.9994031574894109,0.9944867888628555,0.0005968425105891413,0.005513211137144492,0.004176491251727633,0.9994031574894109,0.008318220779863843,UK (Full),UK
1.5052445801821623,51914,12395316,50244,26,0.9994994224104736,0.9959628976116783,0.0005005775895263766,0.004037102388321619,0.004170727141701407,0.9994994224104736,0.008306791570960313,UK (Full),UK
1.5238278466041644,51920,12409081,36479,20,0.9996149403157489,0.9970689145365897,0.0003850596842510589,0.002931085463410244,0.004166599456977814,0.9996149403157489,0.008298608616471538,UK (Full),UK
1.5424111130261664,51929,12419627,25933,11,0.999788217173662,0.9979162850044514,0.0002117828263380824,0.002083714995548613,0.004163794798339518,0.999788217173662,0.008293051716549437,UK (Full),UK
1.5609943794481684,51935,12427252,18308,5,0.9999037350789373,0.9985289532974009,9.626492106276473e-05,0.0014710467025991598,0.004161729445996762,0.9999037350789373,0.008288959165444575,UK (Full),UK
1.5795776458701702,51936,12432882,12678,4,0.9999229880631498,0.9989813234599327,7.701193685021179e-05,0.001018676540067301,0.004159932487602142,0.9999229880631498,0.008285395634182296,UK (Full),UK
1.5981609122921723,51936,12436994,8566,4,0.9999229880631498,0.9993117224134551,7.701193685021179e-05,0.0006882775865449204,0.004158562823236258,0.9999229880631498,0.008282678952895613,UK (Full),UK
1.6167441787141743,51937,12439936,5624,3,0.9999422410473623,0.9995481119371085,5.775895263765884e-05,0.0004518880628915051,0.00415766314627118,0.9999422410473623,0.008280895131328889,UK (Full),UK
1.6353274451361763,51938,12441945,3615,2,0.9999614940315749,0.9997095349666869,3.850596842510589e-05,0.00029046503331308515,0.004157074305882327,0.9999614940315749,0.008279727842485901,UK (Full),UK
1.6539107115581784,51939,12443355,2205,1,0.9999807470157874,0.9998228283821701,1.9252984212552947e-05,0.0001771716178299731,0.00415668490873444,0.9999807470157874,0.008278956142843914,UK (Full),UK
1.6724939779801804,51940,12444269,1291,0,1.0,0.9998962682273839,0.0,0.00010373177261609763,0.0041564605713620825,1.0,0.008278511834693707,UK (Full),UK
1.6910772444021824,51940,12444867,693,0,1.0,0.9999443174915391,0.0,5.568250846084869e-05,0.004156261675482385,1.0,0.008278117329164416,UK (Full),UK
1.7096605108241842,51940,12445173,387,0,1.0,0.9999689045731972,0.0,3.1095426802811605e-05,0.00415615990669205,1.0,0.008277915472984296,UK (Full),UK
1.7282437772461863,51940,12445360,200,0,1.0,0.9999839300119883,0.0,1.6069988011788944e-05,0.004156097717106895,1.0,0.008277792121275869,UK (Full),UK
1.7468270436681883,51940,12445466,94,0,1.0,0.9999924471056345,0.0,7.552894365540803e-06,0.004156062466082962,1.0,0.008277722201619112,UK (Full),UK
1.7654103100901903,51940,12445524,36,0,1.0,0.9999971074021579,0.0,2.8925978421220097e-06,0.004156043178039961,1.0,0.008277683944193686,UK (Full),UK
1.7839935765121924,51940,12445547,13,0,1.0,0.9999989554507792,0.0,1.0445492207662812e-06,0.004156035529382827,1.0,0.00827766877324359,UK (Full),UK
1.8025768429341944,51940,12445556,4,0,1.0,0.9999996786002397,0.0,3.2139976023577886e-07,0.004156032536437699,1.0,0.008277662836799997,UK (Full),UK
1.8211601093561964,51940,12445558,2,0,1.0,0.9999998393001199,0.0,1.6069988011788943e-07,0.004156031871339367,1.0,0.008277661517591465,UK (Full),UK
1.8397433757781982,51940,12445559,1,0,1.0,0.99999991965006,0.0,8.034994005894471e-08,0.004156031538790281,1.0,0.008277660857987356,UK (Full),UK
0.0,0,0,12486147,11353,0.0,0.0,1.0,1.0,,0.0,,UK (Full),Germany
0.018025989484305335,2,4618,12481529,11351,0.00017616489033735576,0.00036984988243370836,0.9998238351096627,0.9996301501175663,0.0004329004329004329,0.00017616489033735576,0.00025042258811744817,UK (Full),Germany
0.03605197896861067,84,82518,12403629,11269,0.007398925394168942,0.0066087640967225515,0.992601074605831,0.9933912359032775,0.001016924529672405,0.007398925394168942,0.0017880900431057425,UK (Full),Germany
0.054077968452916,284,314943,12171204,11069,0.025015414427904517,0.02522339357369411,0.9749845855720954,0.9747766064263059,0.000900938054164142,0.025015414427904517,0.0017392369404127625,UK (Full),Germany
0.07210395793722134,668,696219,11789928,10685,0.058839073372676826,0.055759314702926374,0.9411609266273232,0.9442406852970736,0.0009585485164739764,0.058839073372676826,0.00188636620354682,UK (Full),Germany
0.09012994742152668,1166,1181060,11305087,10187,0.10270413106667842,0.09458962800934508,0.8972958689333216,0.9054103719906549,0.0009862750438579427,0.10270413106667842,0.0019537877258229246,UK (Full),Germany
0.108155936905832,1712,1723836,10762311,9641,0.15079714612877654,0.13805988348527373,0.8492028538712235,0.8619401165147262,0.0009921485812043479,0.15079714612877654,0.001971327093484315,UK (Full),Germany
0.12618192639013734,2294,2288702,10197445,9059,0.20206112921694705,0.1832992996158062,0.7979388707830529,0.8167007003841937,0.0010013112200981582,0.20206112921694705,0.001992747407104657,UK (Full),Germany
0.14420791587444268,2844,2851476,9634671,8509,0.2505064740597199,0.2283711700655134,0.7494935259402801,0.7716288299344866,0.000996384427814681,0.2505064740597199,0.001984874059252399,UK (Full),Germany
0.16223390535874802,3405,3398828,9087319,7948,0.2999207257993482,0.272207911696058,0.7000792742006519,0.7277920883039419,0.001000813289389645,0.2999207257993482,0.00199496951299894,UK (Full),Germany
0.18025989484305335,3943,3922350,8563797,7410,0.3473090813000969,0.3141361382338363,0.6526909186999031,0.6858638617661638,0.0010042551587464308,0.3473090813000969,0.0020027193912301924,UK (Full),Germany
0.1982858843273587,4482,4417096,8069051,6871,0.3947855192460143,0.3537597306839332,0.6052144807539858,0.6462402693160668,0.0010136652570643331,0.3947855192460143,0.0020221384000788643,UK (Full),Germany
0.216311873811664,4953,4883552,7602595,6400,0.43627235092046157,0.39111761218252517,0.5637276490795384,0.6088823878174748,0.0010131931950565663,0.43627235092046157,0.002021691240848204,UK (Full),Germany
0.23433786329596934,5408,5325152,7160995,5945,0.47634986347221,0.42648480752308937,0.52365013652779,0.5735151924769106,0.0010145275543282507,0.47634986347221,0.0020247428215322866,UK (Full),Germany
0.2523638527802747,5823,5739827,6746320,5530,0.5129040782172113,0.45969561306622453,0.4870959217827887,0.5403043869337755,0.0010134623584798935,0.5129040782172113,0.0020229275544931973,UK (Full),Germany
0.27038984226458,6210,6130758,6355389,5143,0.5469919844974896,0.49100479114974377,0.45300801550251035,0.5089952088502562,0.0010119003390599397,0.5469919844974896,0.0020200636889323117,UK (Full),Germany
0.28841583174888535,6560,6499526,5986621,4793,0.5778208403065269,0.520538962099357,0.4221791596934731,0.479461037900643,0.0010082867026350404,0.5778208403065269,0.0020130606515841574,UK (Full),Germany
0.3064418212331907,6903,6847536,5638611,4450,0.6080331189993834,0.5484106506194425,0.39196688100061655,0.4515893493805575,0.0010070846060487226,0.6080331189993834,0.002010838662167453,UK (Full),Germany
0.32446781071749603,7246,7176257,5309890,4107,0.63824539769224,0.5747375070948628,0.3617546023077601,0.4252624929051372,0.001008700072930992,0.63824539769224,0.002014216823797446,UK (Full),Germany
0.34249380020180137,7522,7486330,4999817,3831,0.6625561525587951,0.5995708684192169,0.337443847441205,0.4004291315807831,0.0010037561457045055,0.6625561525587951,0.002004475560627591,UK (Full),Germany
0.3605197896861067,7773,7779146,4707001,3580,0.6846648462961332,0.6230221380542773,0.31533515370386683,0.37697786194572275,0.0009982125151166976,0.6846648462961332,0.001993518564112665,UK (Full),Germany
0.37854577917041204,8015,8056569,4429578,3338,0.7059807980269532,0.6452406014441444,0.29401920197304676,0.35475939855585553,0.0009938516357446336,0.7059807980269532,0.001984908995699199,UK (Full),Germany
0.3965717686547174,8253,8319190,4166957,3100,0.7269444199770986,0.6662735910445392,0.2730555800229014,0.3337264089554608,0.0009910605212188183,0.7269444199770986,0.001979422448996234,UK (Full),Germany
0.4145977581390227,8444,8567916,3918231,2909,0.743768167004316,0.6861937473585726,0.256231832995684,0.3138062526414273,0.00098456687918884,0.743768167004316,0.0019665305535944205,UK (Full),Germany
0.432623747623328,8628,8802422,3683725,2725,0.7599753369153528,0.7049750415400363,0.24002466308464723,0.2950249584599637,0.0009792249504883073,0.7599753369153528,0.001955929693984734,UK (Full),Germany
0.45064973710763334,8811,9025066,3461081,2542,0.7760944243812208,0.7228063228792677,0.2239055756187792,0.2771936771207323,0.0009753287541993321,0.7760944243812208,0.001948209166599412,UK (Full),Germany
0.4686757265919387,8999,9235875,3250272,2354,0.7926539240729322,0.7396897537727211,0.20734607592706775,0.26031024622727894,0.0009734042886901433,0.7926539240729322,0.0019444207666903586,UK (Full),Germany
0.486701716076244,9162,9436050,3050097,2191,0.8070113626354267,0.7557215208182316,0.19298863736457325,0.2442784791817684,0.0009700152839343363,0.8070113626354267,0.001937701480400124,UK (Full),Germany
0.5047277055605494,9311,9626565,2859582,2042,0.8201356469655597,0.7709796304656673,0.17986435303444023,0.22902036953433272,0.0009662847467111449,0.8201356469655597,0.0019302952174142442,UK (Full),Germany
0.5227536950448547,9458,9806418,2679729,1895,0.8330837664053554,0.7853838337799482,0.16691623359464458,0.21461616622005172,0.000963541104227478,0.8330837664053554,0.0019248559283598665,UK (Full),Germany
0.54077968452916,9605,9978113,2508034,1748,0.8460318858451511,0.7991346730100166,0.15396811415484893,0.20086532698998338,0.0009616811367721836,0.8460318858451511,0.0019211784774805579,UK (Full),Germany
0.5588056740134654,9725,10140184,2345963,1628,0.8566017792653924,0.8121147380372824,0.1433982207346076,0.18788526196271757,0.0009581366690085595,0.8566017792653924,0.0019141323193910362,UK (Full),Germany
0.5768316634977707,9843,10293879,2192268,1510,0.8669955077952964,0.8244239796311865,0.1330044922047036,0.17557602036881353,0.0009552858666023792,0.8669955077952964,0.001908468915640458,UK (Full),Germany
0.594857652982076,9964,10439237,2046910,1389,0.8776534836607064,0.8360655212532737,0.12234651633929358,0.16393447874672626,0.000953565731963621,0.8776534836607064,0.001905061624843197,UK (Full),Germany
0.6128836424663814,10068,10577333,1908814,1285,0.886814057958249,0.8471254583179263,0.11318594204175107,0.15287454168207373,0.0009509415955813896,0.886814057958249,0.001899845963025465,UK (Full),Germany
0.6309096319506867,10152,10708095,1778052,1201,0.8942129833524178,0.8575980244345994,0.10578701664758214,0.1424019755654006,0.000947169812376968,0.8942129833524178,0.0018923352221890844,UK (Full),Germany
0.6489356214349921,10235,10830918,1655229,1118,0.9015238263014181,0.8674347659049665,0.09847617369858187,0.13256523409503349,0.0009440877736897542,0.9015238263014181,0.0018862002932778846,UK (Full),Germany
0.6669616109192974,10342,10947582,1538565,1011,0.9109486479344666,0.8767782407174928,0.08905135206553334,0.12322175928250724,0.0009437919080292946,0.9109486479344666,0.0018856302015164718,UK (Full),Germany
0.6849876004036027,10434,11057624,1428523,919,0.919052232889985,0.8855913677774256,0.08094776711001497,0.11440863222257434,0.0009427128047214786,0.919052232889985,0.0018834936261503431,UK (Full),Germany
0.7030135898879081,10489,11162345,1323802,864,0.9238967673742623,0.8939783425583568,0.07610323262573769,0.10602165744164313,0.0009387949377928644,0.9238967673742623,0.0018756839455563467,UK (Full),Germany
0.7210395793722134,10540,11260475,1225672,813,0.9283889720778649,0.9018374523381792,0.07161102792213511,0.09816254766182074,0.0009351420435515346,0.9283889720778649,0.001868402094312116,UK (Full),Germany
0.7390655688565188,10617,11352289,1133858,736,0.935171320355853,0.9091907215252231,0.06482867964414692,0.09080927847477689,0.000934356052932234,0.935171320355853,0.0018668468864653073,UK (Full),Germany
0.7570915583408241,10682,11438745,1047402,671,0.9408966792918172,0.9161148751492354,0.05910332070818286,0.08388512485076462,0.0009329724535559727,0.9408966792918172,0.0018640965100106624,UK (Full),Germany
0.7751175478251294,10731,11519496,966651,622,0.9452127191050823,0.9225821224113412,0.05478728089491764,0.07741787758865885,0.0009306841920805202,0.9452127191050823,0.0018595374290175176,UK (Full),Germany
0.7931435373094348,10790,11595664,890483,563,0.9504095833700343,0.928682322897528,0.04959041662996565,0.07131767710247204,0.0009296551728891529,0.9504095833700343,0.001857493415065339,UK (Full),Germany
0.8111695267937401,10844,11666854,819293,509,0.9551660354091429,0.9343838415485578,0.04483396459085704,0.06561615845144222,0.00092860767593065,0.9551660354091429,0.0018554115299864807,UK (Full),Germany
0.8291955162780454,10892,11733530,752617,461,0.9593939927772395,0.9397238395479406,0.040606007222760504,0.06027616045205939,0.0009274189909047887,0.9593939927772395,0.0018530466940716373,UK (Full),Germany
0.8472215057623508,10946,11795240,690907,407,0.9641504448163482,0.9446661167772572,0.0358495551836519,0.05533388322274277,0.0009271410767202888,0.9641504448163482,0.0018525007617914355,UK (Full),Germany
0.865247495246656,10984,11852724,633423,369,0.9674975777327579,0.9492699389171055,0.03250242226724214,0.050730061082894504,0.0009258488155642401,0.9674975777327579,0.001849927339320615,UK (Full),Germany
0.8832734847309613,11013,11906232,579915,340,0.9700519686426495,0.9535553281568766,0.02994803135735048,0.046444671843123425,0.0009241229831223576,0.9700519686426495,0.0018464869048315652,UK (Full),Germany
0.9012994742152667,11054,11956268,529879,299,0.9736633488945653,0.957562649230383,0.026336651105434688,0.04243735076961692,0.0009236820067179608,0.9736633488945653,0.0018456131416872067,UK (Full),Germany
0.919325463699572,11087,12003262,482885,266,0.9765700695851317,0.9613263403033778,0.02342993041486832,0.03867365969662218,0.0009228132127674999,0.9765700695851317,0.0018438840410314507,UK (Full),Germany
0.9373514531838774,11116,12046805,439342,237,0.9791244604950233,0.9648136450740168,0.02087553950497666,0.03518635492598317,0.0009218836315149187,0.9791244604950233,0.0018420329176386252,UK (Full),Germany
0.9553774426681827,11140,12087194,398953,213,0.9812384391790716,0.9680483499032968,0.018761560820928388,0.03195165009670317,0.0009207879365869714,0.9812384391790716,0.001839849370177776,UK (Full),Germany
0.973403432152488,11166,12124576,361571,187,0.9835285827534572,0.9710422278385799,0.016471417246542764,0.028957772161420172,0.0009200920718321138,0.9835285827534572,0.0018384642583267853,UK (Full),Germany
0.9914294216367934,11182,12159167,326980,171,0.984937901876156,0.9738125780514998,0.015062098123843917,0.026187421948500204,0.0009187904143094006,0.984937901876156,0.001835868255519631,UK (Full),Germany
1.0094554111210987,11199,12191135,295012,154,0.9864353034440236,0.9763728554533276,0.013564696555976394,0.023627144546672404,0.0009177752387371138,0.9864353034440236,0.0018338442765071677,UK (Full),Germany
1.027481400605404,11214,12220370,265777,139,0.9877565401215538,0.9787142502807311,0.012243459878446225,0.021285749719268884,0.0009168068502002684,0.9877565401215538,0.0018319133717669216,UK (Full),Germany
1.0455073900897094,11227,12247584,238563,126,0.9889016119087466,0.9808937857290965,0.011098388091253414,0.019106214270903588,0.0009158310704031574,0.9889016119087466,0.0018299673908189003,UK (Full),Germany
1.0635333795740147,11246,12272528,213619,107,0.9905751783669514,0.9828915196977899,0.009424821633048534,0.01710848030221012,0.0009155166807855631,0.9905751783669514,0.0018293426330610492,UK (Full),Germany
1.08155936905832,11253,12295737,190410,100,0.9911917554831322,0.9847502996721086,0.008808244516867788,0.015249700327891382,0.0009143584255776595,0.9911917554831322,0.001827031444083023,UK (Full),Germany
1.0995853585426254,11265,12316686,169461,88,0.9922487448251563,0.9864280790543312,0.007751255174843654,0.013571920945668827,0.000913777155668448,0.9922487448251563,0.0018258728369120333,UK (Full),Germany
1.1176113480269307,11283,12335840,150307,70,0.9938342288381925,0.9879620991167252,0.0061657711618074516,0.012037900883274881,0.0009138161173254692,0.9938342288381925,0.001825953297154115,UK (Full),Germany
1.135637337511236,11289,12353365,132782,64,0.9943627235092046,0.9893656545930462,0.0056372764907953845,0.010634345406953802,0.0009130057339251062,0.9943627235092046,0.0018243363954141268,UK (Full),Germany
1.1536633269955414,11295,12369392,116755,58,0.9948912181802166,0.9906492371105354,0.005108781819783317,0.00935076288946462,0.0009123080165099077,0.9948912181802166,0.0018229444062478819,UK (Full),Germany
1.1716893164798468,11302,12383652,102495,51,0.9955077952963974,0.9917913027934078,0.004492204703602572,0.008208697206592234,0.0009118226659009787,0.9955077952963974,0.0018219765156544973,UK (Full),Germany
1.189715305964152,11311,12396417,89730,42,0.9963005373029156,0.992813635783721,0.003699462697084471,0.007186364216279049,0.0009116092809255651,0.9963005373029156,0.0018215518523472067,UK (Full),Germany
1.2077412954484574,11320,12408144,78003,33,0.9970932793094336,0.993752836643682,0.00290672069056637,0.0062471633563180055,0.0009114725079922934,0.9970932793094336,0.0018212801298579167,UK (Full),Germany
1.2257672849327628,11324,12418711,67436,29,0.9974456090901084,0.994599134544868,0.0025543909098916587,0.005400865455131996,0.000911019156422327,0.9974456090901084,0.0018203756686954863,UK (Full),Germany
1.243793274417068,11328,12427928,58219,25,0.997797938870783,0.9953373126233417,0.002202061129216947,0.004662687376658307,0.0009106653967086134,0.997797938870783,0.001819670025779462,UK (Full),Germany
1.2618192639013734,11331,12436047,50100,22,0.9980621862062891,0.9959875532460094,0.0019378137937109134,0.004012446753990643,0.0009103121958696843,0.9980621862062891,0.0018189653504839295,UK (Full),Germany
1.2798452533856788,11335,12443191,42956,18,0.9984145159869638,0.9965597073300515,0.001585484013036202,0.003440292669948544,0.0009101109106841962,0.9984145159869638,0.0018185640980471574,UK (Full),Germany
1.2978712428699841,11338,12449447,36700,15,0.9986787633224699,0.9970607425973761,0.0013212366775301682,0.0029392574026238837,0.0009098945210915685,0.9986787633224699,0.0018181325447168724,UK (Full),Germany
1.3158972323542895,11341,12454797,31350,12,0.9989430106579759,0.9974892174503471,0.0010569893420241346,0.002510782549652827,0.0009097444613560351,0.9989430106579759,0.0018178334089762117,UK (Full),Germany
1.3339232218385948,11345,12459390,26757,8,0.9992953404386505,0.9978570651138418,0.0007046595613494231,0.002142934886158236,0.0009097298595471718,0.9992953404386505,0.001817804841625856,UK (Full),Germany
1.3519492113229001,11347,12463375,22772,6,0.999471505328988,0.998176218812737,0.0005284946710120673,0.0018237811872629723,0.0009095994283479824,0.999471505328988,0.0018175447448457581,UK (Full),Germany
1.3699752008072055,11347,12466845,19302,6,0.999471505328988,0.9984541268014865,0.0005284946710120673,0.0015458731985135206,0.000909346482246787,0.999471505328988,0.0018170397720653556,UK (Full),Germany
1.3880011902915108,11349,12469815,16332,4,0.9996476702193253,0.9986919904114536,0.00035232978067471153,0.0013080095885464108,0.0009092901912033204,0.9996476702193253,0.0018169276855897012,UK (Full),Germany
1.4060271797758161,11350,12472439,13708,3,0.999735752664494,0.9989021433113033,0.00026424733550603366,0.0010978566886966812,0.0009091790961862621,0.999735752664494,0.0018167060446371878,UK (Full),Germany
1.4240531692601215,11350,12474647,11500,3,0.999735752664494,0.9990789792880062,0.00026424733550603366,0.0009210207119938601,0.0009090183186813195,0.999735752664494,0.0018163850736356106,UK (Full),Germany
1.4420791587444268,11350,12476627,9520,3,0.999735752664494,0.9992375550279842,0.00026424733550603366,0.0007624449720157868,0.0009088741915524028,0.999735752664494,0.001816097342817575,UK (Full),Germany
1.4601051482287322,11350,12478316,7831,3,0.999735752664494,0.999372824939511,0.00026424733550603366,0.0006271750604890364,0.0009087512828605665,0.999735752664494,0.0018158519717472632,UK (Full),Germany
1.4781311377130375,11351,12479763,6384,2,0.9998238351096627,0.9994887133717071,0.00017616489033735576,0.0005112866282929394,0.0009087259951354219,0.9998238351096627,0.001815801633389634,UK (Full),Germany
1.4961571271973428,11353,12480913,5234,0,1.0,0.9995808154429064,0.0,0.0004191845570935534,0.0009088022941554398,1.0,0.0018159542449270086,UK (Full),Germany
1.5141831166816482,11353,12481982,4165,0,1.0,0.9996664303247431,0.0,0.00033356967525690674,0.00090872453192042,1.0,0.0018157990027420118,UK (Full),Germany
1.5322091061659535,11353,12482836,3311,0,1.0,0.9997348261237033,0.0,0.000265173876296667,0.0009086624189853379,1.0,0.0018156750023309665,UK (Full),Germany
1.5502350956502589,11353,12483551,2596,0,1.0,0.999792089585362,0.0,0.00020791041463791833,0.0009086104222969621,1.0,0.0018155711976812886,UK (Full),Germany
1.5682610851345642,11353,12484114,2033,0,1.0,0.999837179555871,0.0,0.00016282044412900152,0.0009085694836375464,1.0,0.0018154894689457433,UK (Full),Germany
1.5862870746188695,11353,12484516,1631,0,1.0,0.999869375236412,0.0,0.00013062476358799877,0.0009085402543832686,1.0,0.0018154311165181204,UK (Full),Germany
1.6043130641031749,11353,12484876,1271,0,1.0,0.9998982071891352,0.0,0.00010179281086471271,0.0009085140805278136,1.0,0.0018153788637963757,UK (Full),Germany
1.6223390535874802,11353,12485192,955,0,1.0,0.9999235152365257,0.0,7.648476347427273e-05,0.0009084911069419587,1.0,0.0018153329999972818,UK (Full),Germany
1.6403650430717855,11353,12485477,670,0,1.0,0.9999463405324317,0.0,5.365946756833793e-05,0.0009084703880904197,1.0,0.0018152916374824385,UK (Full),Germany
1.6583910325560909,11353,12485723,424,0,1.0,0.9999660423667925,0.0,3.39576332074258e-05,0.0009084525052100187,1.0,0.0018152559366168203,UK (Full),Germany
1.6764170220403962,11353,12485909,238,0,1.0,0.9999809388756996,0.0,1.906112430039467e-05,0.0009084389844751594,1.0,0.0018152289442116493,UK (Full),Germany
1.6944430115247016,11353,12486028,119,0,1.0,0.9999904694378497,0.0,9.530562150197335e-06,0.0009084303343236475,1.0,0.0018152116752982357,UK (Full),Germany
1.712469001009007,11353,12486080,67,0,1.0,0.9999946340532432,0.0,5.365946756833793e-06,0.0009084265544772274,1.0,0.0018152041293215825,UK (Full),Germany
1.730494990493312,11353,12486118,29,0,1.0,0.9999976774260306,0.0,2.3225739693758212e-06,0.0009084237923016585,1.0,0.0018151986149937038,UK (Full),Germany
1.7485209799776174,11353,12486135,12,0,1.0,0.9999990389349093,0.0,9.610650907762017e-07,0.0009084225565969737,1.0,0.0018151961480683942,UK (Full),Germany
1.7665469694619227,11353,12486142,5,0,1.0,0.9999995995562122,0.0,4.0044378782341743e-07,0.0009084220477783748,1.0,0.0018151951322775686,UK (Full),Germany
1.784572958946228,11353,12486146,1,0,1.0,0.9999999199112425,0.0,8.008875756468349e-08,0.0009084217570251456,1.0,0.0018151945518261785,UK (Full),Germany
0.0,0,0,12460492,37008,0.0,0.0,1.0,1.0,,0.0,,UK (Full),Switzerland
0.018812780428414392,1,391,12460101,37007,2.7021184608733246e-05,3.137917828605805e-05,0.9999729788153913,0.9999686208217139,0.002551020408163265,2.7021184608733246e-05,5.3475935828877e-05,UK (Full),Switzerland
0.037625560856828784,46,7918,12452574,36962,0.0012429744920017293,0.0006354484237059018,0.9987570255079983,0.9993645515762941,0.005775991963837268,0.0012429744920017293,0.00204571733523081,UK (Full),Switzerland
0.05643834128524318,239,39020,12421472,36769,0.006458063121487246,0.0031314975363733633,0.9935419368785128,0.9968685024636267,0.006087776051351282,0.006458063121487246,0.00626745512475907,UK (Full),Switzerland
0.07525112171365757,683,105976,12354516,36325,0.018455469087764808,0.008504961120315313,0.9815445309122351,0.9914950388796847,0.006403585257690397,0.018455469087764808,0.009508098589098402,UK (Full),Switzerland
0.09406390214207196,1335,212858,12247634,35673,0.03607328145265888,0.017082632050163027,0.9639267185473411,0.982917367949837,0.006232696680096922,0.03607328145265888,0.010628938579066166,UK (Full),Switzerland
0.11287668257048636,2214,356128,12104364,34794,0.05982490272373541,0.028580572901936777,0.9401750972762646,0.9714194270980632,0.0061784552187575,0.05982490272373541,0.011200202352346023,UK (Full),Switzerland
0.13168946299890075,3225,530351,11930141,33783,0.08714332036316472,0.04256260507209507,0.9128566796368353,0.9574373949279049,0.006044124923159962,0.08714332036316472,0.011304207618860675,UK (Full),Switzerland
0.15050224342731514,4273,729472,11731020,32735,0.11546152183311717,0.058542792692294975,0.8845384781668828,0.941457207307705,0.005823549053145166,0.11546152183311717,0.01108785823733414,UK (Full),Switzerland
0.16931502385572952,5500,948014,11512478,31508,0.14861651534803286,0.07608158650557298,0.8513834846519671,0.923918413494427,0.00576813764664179,0.14861651534803286,0.011105255612697143,UK (Full),Switzerland
0.1881278042841439,6746,1180387,11280105,30262,0.18228491137051447,0.09473036859218721,0.8177150886294855,0.9052696314078128,0.005682598327230394,0.18228491137051447,0.011021606171184528,UK (Full),Switzerland
0.2069405847125583,7935,1424335,11036157,29073,0.2144130998702983,0.11430808671118284,0.7855869001297017,0.8856919132888171,0.00554015653473158,0.2144130998702983,0.010801223458052187,UK (Full),Switzerland
0.22575336514097272,9231,1675591,10784901,27777,0.2494325551232166,0.134472298525612,0.7505674448767834,0.865527701474388,0.005478917060674659,0.2494325551232166,0.01072231288803192,UK (Full),Switzerland
0.2445661455693871,10411,1933477,10527015,26597,0.28131755296152183,0.15516859205880473,0.7186824470384782,0.8448314079411953,0.005355761237272929,0.28131755296152183,0.010511404939986752,UK (Full),Switzerland
0.2633789259978015,11553,2195446,10265046,25455,0.3121757457846952,0.17619256125681074,0.6878242542153048,0.8238074387431893,0.005234710119941151,0.3121757457846952,0.01029675932383455,UK (Full),Switzerland
0.2821917064262159,12678,2460466,10000026,24330,0.3425745784695201,0.19746138434983146,0.6574254215304799,0.8025386156501686,0.005126268425938805,0.3425745784695201,0.010101380314817587,UK (Full),Switzerland
0.30100448685463027,13730,2726560,9733932,23278,0.3710008646779075,0.2188163998660727,0.6289991353220925,0.7811836001339273,0.0050104186053300925,0.3710008646779075,0.009887307735792127,UK (Full),Switzerland
0.31981726728304466,14806,2993193,9467299,22202,0.4000756593169045,0.24021467210123004,0.5999243406830955,0.75978532789877,0.004922209083181211,0.4000756593169045,0.009724772389685804,UK (Full),Switzerland
0.33863004771145905,15795,3261219,9199273,21213,0.4267996108949416,0.26172473767488474,0.5732003891050583,0.7382752623251152,0.004819936686263775,0.4267996108949416,0.009532223986443059,UK (Full),Switzerland
0.35744282813987344,16709,3528424,8932068,20299,0.4514969736273238,0.28316891499950403,0.5485030263726762,0.716831085000496,0.004713222324804175,0.4514969736273238,0.009329057678075766,UK (Full),Switzerland
0.3762556085682878,17635,3793939,8666553,19373,0.4765185905750108,0.304477463650713,0.5234814094249892,0.695522536349287,0.004626697527058375,0.4765185905750108,0.009164414321950268,UK (Full),Switzerland
0.3950683889967022,18510,4058470,8402022,18498,0.5001621271076524,0.3257070427074629,0.4998378728923476,0.6742929572925371,0.004540125288816722,0.5001621271076524,0.008998567813032026,UK (Full),Switzerland
0.4138811694251166,19366,4321697,8138795,17642,0.5232922611327281,0.346831971000824,0.47670773886727197,0.6531680289991759,0.004461119315706775,0.5232922611327281,0.008846818610296635,UK (Full),Switzerland
0.432693949853531,20215,4583149,7877343,16793,0.5462332468655425,0.3678144490602779,0.4537667531344574,0.6321855509397222,0.004391353801263598,0.5462332468655425,0.008712663553697852,UK (Full),Switzerland
0.45150673028194543,21044,4842394,7618098,15964,0.5686338089061824,0.38861980730776924,0.4313661910938176,0.6113801926922308,0.004326980214407997,0.5686338089061824,0.008588606016676848,UK (Full),Switzerland
0.4703195107103598,21797,5099899,7360593,15211,0.5889807609165586,0.409285524199205,0.4110192390834414,0.5907144758007951,0.004255816823177322,0.5889807609165586,0.008450572081670124,UK (Full),Switzerland
0.4891322911387742,22542,5355697,7104795,14466,0.6091115434500648,0.429814248105131,0.39088845654993515,0.570185751894869,0.004191334747302974,0.6091115434500648,0.008325382018585672,UK (Full),Switzerland
0.5079450715671886,23191,5607886,6852606,13817,0.6266482922611327,0.450053336577721,0.3733517077388673,0.549946663422279,0.004118395113403706,0.6266482922611327,0.008183010664095545,UK (Full),Switzerland
0.526757851995603,23897,5858153,6602339,13111,0.6457252485948984,0.4701381775294266,0.3542747514051016,0.5298618224705733,0.004062699229010294,0.6457252485948984,0.008074595653565145,UK (Full),Switzerland
0.5455706324240174,24546,6106088,6354404,12462,0.6632619974059663,0.4900358669625565,0.33673800259403375,0.5099641330374435,0.00400382733661804,0.6632619974059663,0.007959605956376844,UK (Full),Switzerland
0.5643834128524318,25140,6350168,6110324,11868,0.6793125810635539,0.5096241785637357,0.3206874189364462,0.4903758214362643,0.0039433388943718485,0.6793125810635539,0.007841160666442516,UK (Full),Switzerland
0.5831961932808462,25744,6591574,5868918,11264,0.6956333765672287,0.5289978918970455,0.30436662343277127,0.4710021081029545,0.0038903978923183077,0.6956333765672287,0.007737522928693305,UK (Full),Switzerland
0.6020089737092605,26343,6828995,5631497,10665,0.71181906614786,0.5480517944235268,0.28818093385214005,0.45194820557647325,0.0038426989303809674,0.71181906614786,0.0076441316207863045,UK (Full),Switzerland
0.6208217541376749,26943,7062468,5398024,10065,0.7280317769130998,0.5667888555283371,0.2719682230869001,0.4332111444716629,0.003800456765731314,0.7280317769130998,0.007561441447661161,UK (Full),Switzerland
0.6396345345660893,27516,7292388,5168104,9492,0.743514915693904,0.5852407754043741,0.25648508430609596,0.4147592245956259,0.003759065692664822,0.743514915693904,0.007480312391938357,UK (Full),Switzerland
0.6584473149945037,28043,7518919,4941573,8965,0.7577550799827064,0.6034207156507143,0.24224492001729356,0.39657928434928574,0.0037157998145478936,0.7577550799827064,0.007395335160872208,UK (Full),Switzerland
0.6772600954229181,28523,7740575,4719917,8485,0.7707252485948984,0.6212094193391401,0.2292747514051016,0.37879058066085997,0.0036713399676513284,0.7707252485948984,0.007307868993836363,UK (Full),Switzerland
0.6960728758513325,29031,7958114,4502378,7977,0.7844520103761349,0.6386677187385538,0.21554798962386512,0.3613322812614462,0.0036347155335229296,0.7844520103761349,0.007235903901632982,UK (Full),Switzerland
0.7148856562797469,29488,8170182,4290310,7520,0.7968006917423259,0.6556869504029215,0.20319930825767402,0.34431304959707854,0.003596242287799387,0.7968006917423259,0.007160168213447217,UK (Full),Switzerland
0.7336984367081613,29938,8377881,4082611,7070,0.808960224816256,0.6723555538577449,0.19103977518374404,0.3276444461422551,0.00356073316992195,0.808960224816256,0.007090257740034225,UK (Full),Switzerland
0.7525112171365756,30364,8580690,3879802,6644,0.8204712494595763,0.6886317169498604,0.1795287505404237,0.3113682830501396,0.003526165321922264,0.8204712494595763,0.007022151321301812,UK (Full),Switzerland
0.77132399756499,30778,8778329,3682163,6230,0.8316580198875919,0.7044929686564544,0.16834198011240814,0.29550703134354567,0.003493884226857501,0.8316580198875919,0.00695853490487067,UK (Full),Switzerland
0.7901367779934044,31181,8970864,3489628,5827,0.8425475572849114,0.7199446057186185,0.15745244271508863,0.2800553942813815,0.0034637685103773644,0.8425475572849114,0.006899174061707571,UK (Full),Switzerland
0.8089495584218188,31526,9157009,3303483,5482,0.8518698659749243,0.7348834219387164,0.14813013402507566,0.26511657806128364,0.0034310148462186846,0.8518698659749243,0.006834502857988955,UK (Full),Switzerland
0.8277623388502332,31842,9338469,3122023,5166,0.8604085603112841,0.7494462497949519,0.13959143968871596,0.2505537502050481,0.003398179633525504,0.8604085603112841,0.006769622673580007,UK (Full),Switzerland
0.8465751192786476,32160,9513377,2947115,4848,0.8690012970168612,0.7634832557173505,0.1309987029831388,0.23651674428264952,0.0033691137544173784,0.8690012970168612,0.006712204325677573,UK (Full),Switzerland
0.865387899707062,32484,9683374,2777118,4524,0.8777561608300908,0.7771261359503301,0.1222438391699092,0.22287386404966994,0.003343400037341015,0.8777561608300908,0.0066614264976059346,UK (Full),Switzerland
0.8842006801354764,32773,9846768,2613724,4235,0.8855652831820147,0.7902391013131744,0.1144347168179853,0.20976089868682554,0.0033172593747017197,0.8855652831820147,0.0066097591006710095,UK (Full),Switzerland
0.9030134605638909,33063,10004838,2455654,3945,0.8934014267185474,0.8029247962279499,0.10659857328145265,0.1970752037720501,0.0032938161075706965,0.8934014267185474,0.006563433972455732,UK (Full),Switzerland
0.9218262409923053,33354,10156157,2304335,3654,0.9012645914396887,0.8150686987319602,0.09873540856031128,0.1849313012680398,0.0032733661114846433,0.9012645914396887,0.00652304073360642,UK (Full),Switzerland
0.9406390214207196,33621,10301475,2159017,3387,0.9084792477302205,0.8267309990648845,0.0915207522697795,0.17326900093511557,0.0032530902470572116,0.9084792477302205,0.006482966233273403,UK (Full),Switzerland
0.959451801849134,33883,10441812,2018680,3125,0.9155587980977086,0.8379935559526863,0.0844412019022914,0.1620064440473137,0.00323443933791505,0.9155587980977086,0.006446106201231025,UK (Full),Switzerland
0.9782645822775484,34123,10575928,1884564,2885,0.9220438824038046,0.8487568548657629,0.07795611759619542,0.15124314513423706,0.003216101411765127,0.9220438824038046,0.006409845197626875,UK (Full),Switzerland
0.9970773627059628,34337,10704952,1755540,2671,0.9278264159100735,0.8591115021782446,0.0721735840899265,0.14088849782175536,0.003197325260545647,0.9278264159100735,0.00637268998803578,UK (Full),Switzerland
1.0158901431343772,34541,10828209,1632283,2467,0.9333387375702551,0.8690033266744203,0.06666126242974492,0.13099667332557977,0.003179765713102115,0.9333387375702551,0.006337938879009975,UK (Full),Switzerland
1.0347029235627916,34737,10945934,1514558,2271,0.9386348897535668,0.8784511879627225,0.0613651102464332,0.1215488120372775,0.003163467879148733,0.9386348897535668,0.006305683801461269,UK (Full),Switzerland
1.053515703991206,34948,11058464,1402028,2060,0.9443363597060095,0.8874821315241805,0.055663640293990485,0.11251786847581942,0.0031503382367841382,0.9443363597060095,0.006279727090262542,UK (Full),Switzerland
1.0723284844196204,35113,11165514,1294978,1895,0.9487948551664505,0.8960732850677164,0.0512051448335495,0.10392671493228357,0.003134913786522844,0.9487948551664505,0.006249179653904046,UK (Full),Switzerland
1.0911412648480348,35272,11268016,1192476,1736,0.953091223519239,0.904299444997838,0.046908776480760916,0.09570055500216203,0.0031205079442371106,0.953091223519239,0.006220648914278782,UK (Full),Switzerland
1.1099540452764491,35448,11364573,1095919,1560,0.9578469520103762,0.9120484969614362,0.04215304798962387,0.0879515030385638,0.0031094679562432385,0.9578469520103762,0.006198812646186348,UK (Full),Switzerland
1.1287668257048635,35603,11456504,1003988,1405,0.9620352356247298,0.9194262955266935,0.03796476437527021,0.08057370447330651,0.003098039376069158,0.9620352356247298,0.006176189586104398,UK (Full),Switzerland
1.147579606133278,35747,11544247,916245,1261,0.9659262862083874,0.9264679917935825,0.03407371379161262,0.07353200820641753,0.0030869618758006265,0.9659262862083874,0.006154255633252022,UK (Full),Switzerland
1.1663923865616923,35871,11626580,833912,1137,0.9692769130998703,0.9330755157982525,0.0307230869001297,0.06692448420174742,0.003075768549852857,0.9692769130998703,0.006132078414907903,UK (Full),Switzerland
1.1852051669901067,35995,11704392,756100,1013,0.9726275399913532,0.9393202130381368,0.02737246000864678,0.060679786961863144,0.0030659125631889305,0.9726275399913532,0.006112557148673369,UK (Full),Switzerland
1.204017947418521,36108,11777569,682923,900,0.97568093385214,0.9451929345968041,0.024319066147859923,0.05480706540319596,0.0030564573587038143,0.97568093385214,0.0060938249561101315,UK (Full),Switzerland
1.2228307278469355,36212,11845927,614565,796,0.9784911370514483,0.9506789138021196,0.021508862948551664,0.04932108619788047,0.0030475994263322453,0.9784911370514483,0.006076273746770637,UK (Full),Switzerland
1.2416435082753499,36303,11909682,550810,705,0.980950064850843,0.9557954854431109,0.01904993514915694,0.044204514556889084,0.0030389289790670256,0.980950064850843,0.006059087241392864,UK (Full),Switzerland
1.2604562887037642,36386,11969284,491208,622,0.9831928231733679,0.9605787636635856,0.01680717682663208,0.039421236336414325,0.003030734644547118,0.9831928231733679,0.006042841965881674,UK (Full),Switzerland
1.2792690691321786,36475,12024348,436144,533,0.9855977086035452,0.9649978508071752,0.01440229139645482,0.03500214919282481,0.00302425464663564,0.9855977086035452,0.006030006535882341,UK (Full),Switzerland
1.298081849560593,36555,12075589,384903,453,0.9877594033722439,0.9691101282357069,0.01224059662775616,0.030889871764293097,0.0030180453600947943,0.9877594033722439,0.006017703951683212,UK (Full),Switzerland
1.3168946299890074,36600,12122502,337990,408,0.9889753566796369,0.9728750678544635,0.011024643320363165,0.02712493214553647,0.0030100907122910885,0.9889753566796369,0.006001913724950005,UK (Full),Switzerland
1.3357074104174218,36656,12165694,294798,352,0.9904885430177259,0.9763413836307587,0.009511456982274102,0.02365861636924128,0.003004011522370691,0.9904885430177259,0.005989856657514225,UK (Full),Switzerland
1.3545201908458362,36702,12204945,255547,306,0.9917315175097277,0.9794914197609532,0.008268482490272374,0.02050858023904674,0.0029981259874590402,0.9917315175097277,0.005978179206110115,UK (Full),Switzerland
1.3733329712742506,36745,12240658,219834,263,0.9928934284479032,0.9823575184671681,0.007106571552096844,0.01764248153283193,0.002992896787700135,0.9928934284479032,0.005967804712706113,UK (Full),Switzerland
1.392145751702665,36783,12272740,187752,225,0.993920233463035,0.984932216159683,0.006079766536964981,0.01506778384031706,0.0029881742777522736,0.993920233463035,0.005958434802455848,UK (Full),Switzerland
1.4109585321310794,36818,12301401,159091,190,0.9948659749243407,0.987232366105608,0.005134025075659317,0.01276763389439197,0.002984061151775633,0.9948659749243407,0.005950274689910739,UK (Full),Switzerland
1.4297713125594937,36850,12326995,133497,158,0.9957306528318202,0.9892863780980719,0.004269347168179853,0.01071362190192811,0.002980464410545425,0.9957306528318202,0.005943139556609533,UK (Full),Switzerland
1.4485840929879081,36884,12349743,110749,124,0.9966493731085171,0.9911119881943666,0.0033506268914829224,0.008888011805633356,0.0029777275120983298,0.9966493731085171,0.005937714686563151,UK (Full),Switzerland
1.4673968734163225,36903,12369585,90907,105,0.997162775616083,0.992704381175318,0.002837224383916991,0.007295618824682043,0.0029744920560919414,0.997162775616083,0.0059312913348467345,UK (Full),Switzerland
1.486209653844737,36934,12386665,73827,74,0.9980004323389537,0.9940751135669442,0.00199956766104626,0.005924886433055773,0.0029728905448413137,0.9980004323389537,0.005928122121177564,UK (Full),Switzerland
1.5050224342731513,36949,12401269,59223,59,0.9984057501080847,0.9952471379139765,0.0015942498919152615,0.004752862086023569,0.002970602380501773,0.9984057501080847,0.005923580061796075,UK (Full),Switzerland
1.5238352147015657,36966,12413680,46812,42,0.9988651102464332,0.9962431660001868,0.0011348897535667965,0.0037568339998131695,0.002969002572236011,0.9988651102464332,0.005920407468048042,UK (Full),Switzerland
1.54264799512998,36976,12424147,36345,32,0.9991353220925205,0.9970831809851489,0.0008646779074794639,0.002916819014851099,0.002967308805153436,0.9991353220925205,0.005917044716526015,UK (Full),Switzerland
1.5614607755583945,36990,12432638,27854,18,0.9995136186770428,0.9977646147519696,0.00048638132295719845,0.0022353852480303344,0.0029664076586727365,0.9995136186770428,0.005915259706926785,UK (Full),Switzerland
1.5802735559868089,36997,12439670,20822,11,0.9997027669693039,0.9983289584392013,0.0002972330306960657,0.0016710415607987228,0.0029652951385173622,0.9997027669693039,0.005913051122072454,UK (Full),Switzerland
1.5990863364152232,36999,12445111,15381,9,0.9997568093385214,0.9987656185646602,0.00024319066147859923,0.0012343814353397923,0.002964162309096779,0.9997568093385214,0.005910799786374727,UK (Full),Switzerland
1.6178991168436376,37003,12449469,11023,5,0.9998648940769563,0.9991153639840225,0.00013510592304366624,0.0008846360159775392,0.002963447161055581,0.9998648940769563,0.005909379820944338,UK (Full),Switzerland
1.636711897272052,37004,12452747,7745,4,0.9998919152615651,0.9993784354582468,0.00010808473843493298,0.000621564541753247,0.00296274921733828,0.9998919152615651,0.005907992641991436,UK (Full),Switzerland
1.6555246777004664,37005,12455178,5314,3,0.9999189364461738,0.9995735320884601,8.106355382619974e-05,0.00042646791153992956,0.00296225247420727,0.9999189364461738,0.0059070054882234616,UK (Full),Switzerland
1.6743374581288808,37005,12456907,3585,3,0.9999189364461738,0.9997122906543338,8.106355382619974e-05,0.0002877093456662867,0.0029618425357886306,0.9999189364461738,0.005906190447309535,UK (Full),Switzerland
1.6931502385572952,37007,12458191,2301,1,0.9999729788153913,0.9998153363446644,2.7021184608733246e-05,0.00018466365533559992,0.002961697765813715,0.9999729788153913,0.00590590355760191,UK (Full),Switzerland
1.7119630189857096,37007,12459070,1422,1,0.9999729788153913,0.9998858793055684,2.7021184608733246e-05,0.00011412069443164844,0.0029614894338439177,0.9999729788153913,0.005905489350786339,UK (Full),Switzerland
1.730775799414124,37008,12459637,855,0,1.0,0.9999313831267658,0.0,6.8616873234219e-05,0.002961434849113502,1.0,0.005905381296258959,UK (Full),Switzerland
1.7495885798425383,37008,12460025,467,0,1.0,0.9999625215440932,0.0,3.747845590687751e-05,0.002961342904351777,1.0,0.005905198491053284,UK (Full),Switzerland
1.7684013602709527,37008,12460256,236,0,1.0,0.9999810601379143,0.0,1.8939862085702554e-05,0.002961288166753939,1.0,0.005905089661370042,UK (Full),Switzerland
1.7872141406993671,37008,12460386,106,0,1.0,0.999991493112792,0.0,8.506887207985046e-06,0.0029612573629350246,1.0,0.005905028416991892,UK (Full),Switzerland
1.8060269211277817,37008,12460452,40,0,1.0,0.9999967898538837,0.0,3.210146116220772e-06,0.0029612417243183816,1.0,0.005904997324178418,UK (Full),Switzerland
1.8248397015561961,37008,12460479,13,0,1.0,0.9999989567025123,0.0,1.043297487771751e-06,0.0029612353267500897,1.0,0.005904984604485462,UK (Full),Switzerland
1.8436524819846105,37008,12460490,2,0,1.0,0.9999998394926942,0.0,1.605073058110386e-07,0.0029612327203413034,1.0,0.005904979422404043,UK (Full),Switzerland
1.862465262413025,37008,12460491,1,0,1.0,0.999999919746347,0.0,8.02536529055193e-08,0.0029612324833952776,1.0,0.005904978951306182,UK (Full),Switzerland
0.0,0,0,12445560,51940,0.0,0.0,1.0,1.0,,0.0,,UK (Smaller),UK
0.01929741676407631,106,785,12444775,51834,0.0020408163265306124,6.30747029462716e-05,0.9979591836734694,0.9999369252970537,0.11896745230078563,0.0020408163265306124,0.00401279551778312,UK (Smaller),UK
0.03859483352815262,571,6736,12438824,51369,0.010993453985367732,0.0005412371962370516,0.9890065460146322,0.999458762803763,0.0781442452442863,0.010993453985367732,0.019275237564771213,UK (Smaller),UK
0.05789225029222893,1090,16888,12428672,50850,0.020985752791682712,0.0013569497877154583,0.9790142472083173,0.9986430502122845,0.06062965847146513,0.020985752791682712,0.031179381561257477,UK (Smaller),UK
0.07718966705630524,1591,29194,12416366,50349,0.030631497882171736,0.002345736150080832,0.9693685021178282,0.9976542638499192,0.0516810134805912,0.030631497882171736,0.03846479298881837,UK (Smaller),UK
0.09648708382038156,2118,43848,12401712,49822,0.040777820562187136,0.003523184171704608,0.9592221794378128,0.9964768158282954,0.04607753556976896,0.040777820562187136,0.043265989826976894,UK (Smaller),UK
0.11578450058445786,2644,61788,12383772,49296,0.05090489025798999,0.004964662096362076,0.9490951097420101,0.995035337903638,0.04103551030543829,0.05090489025798999,0.045440483965215,UK (Smaller),UK
0.13508191734853417,3150,83732,12361828,48790,0.06064690026954178,0.006727861181015559,0.9393530997304582,0.9932721388189845,0.03625607145323542,0.06064690026954178,0.04538185590180231,UK (Smaller),UK
0.15437933411261048,3637,110508,12335052,48303,0.07002310358105507,0.008879311176033862,0.929976896418945,0.9911206888239661,0.031862981295720356,0.07002310358105507,0.043796851010025,UK (Smaller),UK
0.1736767508766868,4163,143730,12301830,47777,0.08015017327685792,0.011548696884672124,0.9198498267231421,0.9884513031153279,0.02814872914877648,0.08015017327685792,0.041664790099733284,UK (Smaller),UK
0.1929741676407631,4745,183981,12261579,47195,0.09135541008856372,0.014782862321984707,0.9086445899114363,0.9852171376780153,0.025142269745557052,0.09135541008856372,0.039432242194576715,UK (Smaller),UK
0.21227158440483943,5387,232701,12212859,46553,0.10371582595302271,0.018697511401656493,0.8962841740469772,0.9813024885983435,0.022626087833070126,0.10371582595302271,0.037148137421214505,UK (Smaller),UK
0.2315690011689157,6065,290180,12155380,45875,0.11676934924913361,0.023315945606304577,0.8832306507508664,0.9766840543936954,0.02047291937416665,0.11676934924913361,0.0348378017433261,UK (Smaller),UK
0.250866417932992,6875,356589,12088971,45065,0.1323642664613015,0.028651904775679037,0.8676357335386985,0.971348095224321,0.01891521581229503,0.1323642664613015,0.033100307170850544,UK (Smaller),UK
0.27016383469706834,7665,431868,12013692,44275,0.14757412398921832,0.034700567913376335,0.8524258760107817,0.9652994320866236,0.017438963627304436,0.14757412398921832,0.031191947472190742,UK (Smaller),UK
0.28946125146114465,8503,516204,11929356,43437,0.1637081247593377,0.041476960458187495,0.8362918752406623,0.9585230395418125,0.0162052345404197,0.1637081247593377,0.0294911791789431,UK (Smaller),UK
0.30875866822522097,9378,608869,11836691,42562,0.18055448594532153,0.048922587653749613,0.8194455140546785,0.9510774123462504,0.015168694712631036,0.18055448594532153,0.027986218771775637,UK (Smaller),UK
0.3280560849892973,10224,710075,11735485,41716,0.19684251058914132,0.05705448368735517,0.8031574894108587,0.9429455163126448,0.014194105503409,0.19684251058914132,0.026478849164572108,UK (Smaller),UK
0.3473535017533736,11171,818985,11626575,40769,0.21507508663842895,0.06580539565917484,0.784924913361571,0.9341946043408251,0.013456506969774356,0.21507508663842895,0.025328308936895756,UK (Smaller),UK
0.3666509185174499,12049,934454,11511106,39891,0.23197920677705045,0.07508332288784113,0.7680207932229496,0.9249166771121589,0.012730017760112752,0.23197920677705045,0.024135579096653488,UK (Smaller),UK
0.3859483352815262,12991,1056783,11388777,38949,0.2501155179052753,0.08491245070531177,0.7498844820947247,0.9150875492946883,0.012143686423487577,0.2501155179052753,0.023162766979818384,UK (Smaller),UK
0.40524575204560254,13976,1185046,11260514,37964,0.26907970735464,0.0952183750670922,0.7309202926453601,0.9047816249329078,0.011656166442317156,0.26907970735464,0.022344403746876403,UK (Smaller),UK
0.42454316880967885,14925,1319187,11126373,37015,0.2873507893723527,0.1059965963765391,0.7126492106276473,0.8940034036234609,0.011187216665467367,0.2873507893723527,0.021535988548770178,UK (Smaller),UK
0.44384058557375516,15887,1458681,10986879,36053,0.30587216018482866,0.11720493091512153,0.6941278398151713,0.8827950690848785,0.010774002962223512,0.30587216018482866,0.020814827043159942,UK (Smaller),UK
0.4631380023378314,16800,1602876,10842684,35140,0.32345013477088946,0.12879099052192108,0.6765498652291105,0.8712090094780789,0.01037244485934224,0.32345013477088946,0.02010031011907041,UK (Smaller),UK
0.48243541910190774,17740,1751285,10694275,34200,0.34154793993068927,0.140715644776129,0.6584520600693108,0.859284355223871,0.010028122836025494,0.34154793993068927,0.01948417459973146,UK (Smaller),UK
0.501732835865984,18623,1904550,10541010,33317,0.35854832499037353,0.15303047833926317,0.6414516750096265,0.8469695216607368,0.009683476213528372,0.35854832499037353,0.018857655232890472,UK (Smaller),UK
0.5210302526300604,19544,2062666,10382894,32396,0.3762803234501348,0.16573508946162327,0.6237196765498653,0.8342649105383767,0.009386181028810735,0.3762803234501348,0.01831548860201954,UK (Smaller),UK
0.5403276693941367,20490,2224992,10220568,31450,0.39449364651520985,0.17877797383163152,0.6055063534847901,0.8212220261683685,0.009124989645875586,0.39449364651520985,0.0178373846859654,UK (Smaller),UK
0.559625086158213,21399,2391381,10054179,30541,0.4119946091644205,0.19214732000809928,0.5880053908355796,0.8078526799919007,0.008869022455424863,0.4119946091644205,0.01736424421435295,UK (Smaller),UK
0.5789225029222893,22358,2561435,9884125,29582,0.43045822102425874,0.20581114871488307,0.5695417789757412,0.794188851285117,0.00865316997143347,0.43045822102425874,0.01696529959597577,UK (Smaller),UK
0.5982199196863657,23248,2735263,9710297,28692,0.4475933769734309,0.2197782180954493,0.5524066230265691,0.7802217819045507,0.008427735107817224,0.4475933769734309,0.016543963940307087,UK (Smaller),UK
0.6175173364504419,24160,2912900,9532660,27780,0.46515209857527917,0.23405134039770006,0.5348479014247208,0.7659486596023,0.00822591298781775,0.46515209857527917,0.016165941786550685,UK (Smaller),UK
0.6368147532145182,24999,3094006,9351554,26941,0.4813053523296111,0.2486031966420153,0.5186946476703889,0.7513968033579846,0.00801505608359076,0.4813053523296111,0.015767539329758166,UK (Smaller),UK
0.6561121699785946,25844,3278969,9166591,26096,0.49757412398921835,0.2634649626051379,0.5024258760107817,0.7365350373948621,0.007820109640091588,0.49757412398921835,0.015398213690432393,UK (Smaller),UK
0.6754095867426708,26626,3467308,8978252,25314,0.5126299576434348,0.27859798996589946,0.4873700423565653,0.7214020100341005,0.007620636222664767,0.5126299576434348,0.0150180181247275,UK (Smaller),UK
0.6947070035067472,27483,3659035,8786525,24457,0.5291297651135926,0.29400324292358077,0.4708702348864074,0.7059967570764192,0.007455002254159617,0.5291297651135926,0.014702853422453857,UK (Smaller),UK
0.7140044202708234,28259,3853215,8592345,23681,0.5440700808625337,0.3096055942842267,0.45592991913746633,0.6903944057157734,0.007280481590241233,0.5440700808625337,0.014368688370967306,UK (Smaller),UK
0.7333018370348998,29079,4049768,8395792,22861,0.5598575279168271,0.32539861605263243,0.44014247208317286,0.6746013839473676,0.0071292205861117125,0.5598575279168271,0.01407915731312217,UK (Smaller),UK
0.7525992537989761,29910,4249064,8196496,22030,0.5758567577974586,0.3414120377066199,0.4241432422025414,0.6585879622933801,0.0069899933956130604,0.5758567577974586,0.013812326912979572,UK (Smaller),UK
0.7718966705630524,30650,4451170,7994390,21290,0.5901039661147478,0.35765124269217297,0.4098960338852522,0.642348757307827,0.006838739619172568,0.5901039661147478,0.013520786278938452,UK (Smaller),UK
0.7911940873271287,31421,4655873,7789687,20519,0.6049480169426261,0.3740991164720591,0.3950519830573739,0.6259008835279409,0.006703441260565264,0.6049480169426261,0.013259948759651877,UK (Smaller),UK
0.8104915040912051,32159,4862303,7583257,19781,0.6191567192914902,0.3906857545984271,0.3808432807085098,0.609314245401573,0.006570487215959589,0.6191567192914902,0.013002986817488753,UK (Smaller),UK
0.8297889208552813,32911,5071103,7374457,19029,0.63363496341933,0.4074628220827347,0.36636503658067,0.5925371779172652,0.006448062250612949,0.63363496341933,0.012766211645798237,UK (Smaller),UK
0.8490863376193577,33641,5280661,7164899,18299,0.6476896418944936,0.42430079482160704,0.35231035810550637,0.5756992051783929,0.006330276299690909,0.6476896418944936,0.012538010771784052,UK (Smaller),UK
0.868383754383434,34357,5492766,6952794,17583,0.6614747785906816,0.44134341885780953,0.33852522140931846,0.5586565811421905,0.006216072991319353,0.6614747785906816,0.01231640510243387,UK (Smaller),UK
0.8876811711475103,35088,5706168,6739392,16852,0.6755487100500578,0.4584902567662685,0.32445128994994227,0.5415097432337316,0.006111554684201506,0.6755487100500578,0.01211352075779932,UK (Smaller),UK
0.9069785879115866,35840,5921863,6523697,16100,0.6900269541778976,0.4758213370872825,0.30997304582210244,0.5241786629127174,0.006015741301639239,0.6900269541778976,0.01192749719076491,UK (Smaller),UK
0.9262760046756628,36544,6139449,6306111,15396,0.7035810550635349,0.4933043591449481,0.29641894493646515,0.5066956408550519,0.005917105152159337,0.7035810550635349,0.011735514816874234,UK (Smaller),UK
0.9455734214397392,37230,6357804,6087756,14710,0.7167886022333462,0.510849170306519,0.2832113977666538,0.48915082969348106,0.005821704779051995,0.7167886022333462,0.011549604512132357,UK (Smaller),UK
0.9648708382038155,37894,6578173,5867387,14046,0.7295725837504813,0.5285558062473685,0.27042741624951866,0.47144419375263147,0.005727571984987455,0.7295725837504813,0.01136591488281281,UK (Smaller),UK
0.9841682549678918,38557,6800469,5645091,13383,0.7423373122834039,0.5464172765227117,0.25766268771659606,0.4535827234772883,0.005637791112360152,0.7423373122834039,0.0111905935974724,UK (Smaller),UK
1.003465671731968,39235,7024642,5420918,12705,0.7553908355795148,0.5644295636355455,0.24460916442048516,0.43557043636445447,0.00555431528606741,0.7553908355795148,0.011027546099063536,UK (Smaller),UK
1.0227630884960444,39894,7249904,5195656,12046,0.7680785521755872,0.5825293518331035,0.2319214478244128,0.41747064816689644,0.005472579624291373,0.7680785521755872,0.010867726415734259,UK (Smaller),UK
1.0420605052601208,40563,7477162,4968398,11377,0.7809587986137851,0.6007895185110191,0.21904120138621486,0.3992104814889808,0.0053956482845541704,0.7809587986137851,0.010717251027621433,UK (Smaller),UK
1.061357922024197,41221,7704336,4741224,10719,0.793627262225645,0.6190429357939699,0.20637273777435503,0.3809570642060301,0.00532188969753886,0.793627262225645,0.010572879989565881,UK (Smaller),UK
1.0806553387882734,41879,7932022,4513538,10061,0.8062957258375049,0.6373374922462308,0.1937042741624952,0.36266250775376924,0.005252009022936202,0.8062957258375049,0.01043604028537321,UK (Smaller),UK
1.0999527555523496,42468,8159622,4285938,9472,0.8176357335386985,0.6556251386036466,0.1823642664613015,0.34437486139635337,0.005177704706971028,0.8176357335386985,0.01029024609796669,UK (Smaller),UK
1.119250172316426,43056,8386062,4059498,8884,0.8289564882556796,0.6738195790305941,0.17104351174432036,0.32618042096940597,0.005108007741735256,0.8289564882556796,0.010153450194539409,UK (Smaller),UK
1.1385475890805024,43631,8612196,3833364,8309,0.8400269541778975,0.6919894323758834,0.15997304582210242,0.30801056762411655,0.0050406506507119425,0.8400269541778975,0.010021168457998475,UK (Smaller),UK
1.1578450058445786,44175,8834830,3610730,7765,0.8505005775895264,0.7098780609309665,0.14949942241047362,0.29012193906903344,0.004975219633280981,0.8505005775895264,0.00989257015914889,UK (Smaller),UK
1.1771424226086549,44716,9055288,3390272,7224,0.8609164420485175,0.7275918480164814,0.13908355795148247,0.27240815198351864,0.004913843993914728,0.8609164420485175,0.00977191294002673,UK (Smaller),UK
1.1964398393727314,45231,9270927,3174633,6709,0.8708317289179823,0.7449184287408521,0.1291682710820177,0.2550815712591478,0.004855113019766303,0.8708317289179823,0.009656389162453254,UK (Smaller),UK
1.2157372561368076,45706,9483399,2962161,6234,0.8799768964189449,0.7619905412050563,0.12002310358105506,0.23800945879494373,0.004796463046634495,0.8799768964189449,0.009540921684430038,UK (Smaller),UK
1.2350346729008839,46178,9690246,2755314,5762,0.88906430496727,0.7786106852564288,0.11093569503273007,0.2213893147435712,0.004742809064190302,0.88906430496727,0.009435284588926198,UK (Smaller),UK
1.2543320896649601,46677,9891318,2554242,5263,0.8986715440893338,0.794766808403961,0.10132845591066615,0.20523319159603906,0.004696822648834096,0.8986715440893338,0.009344805546782837,UK (Smaller),UK
1.2736295064290364,47106,10085813,2359747,4834,0.9069310743165191,0.8103944699957254,0.09306892568348094,0.18960553000427463,0.0046488085022686945,0.9069310743165191,0.009250201696459421,UK (Smaller),UK
1.2929269231931129,47538,10273319,2172241,4402,0.915248363496342,0.8254605658564179,0.08475163650365806,0.17453943414358214,0.004606012853389985,0.915248363496342,0.00916589806972989,UK (Smaller),UK
1.3122243399571891,47959,10453862,1991698,3981,0.9233538698498267,0.8399671850844799,0.07664613015017328,0.16003281491552007,0.004566731807750294,0.9233538698498267,0.009088513564027081,UK (Smaller),UK
1.3315217567212654,48324,10625895,1819665,3616,0.9303812090874085,0.8537900263226403,0.06961879091259145,0.14620997367735963,0.0045271696224332665,0.9303812090874085,0.009010494809931496,UK (Smaller),UK
1.3508191734853416,48682,10789956,1655604,3258,0.9372737774355026,0.8669723178386509,0.0627262225644975,0.1330276821613491,0.004491523750493374,0.9372737774355026,0.008940205010239127,UK (Smaller),UK
1.3701165902494181,49000,10947410,1498150,2940,0.9433962264150944,0.879623737300692,0.05660377358490566,0.12037626269930803,0.004455999730821241,0.9433962264150944,0.008870102775527567,UK (Smaller),UK
1.3894140070134944,49303,11097129,1348431,2637,0.9492298806314979,0.8916536499763771,0.05077011936850212,0.10834635002362288,0.004423209148900742,0.9492298806314979,0.00880538706876321,UK (Smaller),UK
1.4087114237775706,49573,11237871,1207689,2367,0.9544281863688872,0.9029622612401531,0.045571813631112824,0.09703773875984688,0.004391871180047494,0.9544281863688872,0.0087435084657156,UK (Smaller),UK
1.428008840541647,49810,11370103,1075457,2130,0.9589911436272622,0.9135870945140275,0.041008856372737774,0.08641290548597251,0.004361679462882072,0.9589911436272622,0.0086838630167245,UK (Smaller),UK
1.4473062573057234,50059,11495027,950533,1881,0.9637851366961879,0.9236247304259511,0.03621486330381209,0.0763752695740489,0.0043359573068576535,0.9637851366961879,0.008633075410885514,UK (Smaller),UK
1.4666036740697996,50299,11611468,834092,1641,0.9684058529072006,0.9329807577963547,0.03159414709279938,0.06701924220364532,0.004313154258698532,0.9684058529072006,0.008588058417373767,UK (Smaller),UK
1.485901090833876,50506,11719860,725700,1434,0.972391220639199,0.9416900484992238,0.027608779360800924,0.05830995150077618,0.004290945583170481,0.972391220639199,0.00854418757220461,UK (Smaller),UK
1.5051985075979522,50708,11819460,626100,1232,0.9762803234501348,0.9496929025290947,0.02371967654986523,0.05030709747090529,0.004271885621163912,0.9762803234501348,0.008506549345132588,UK (Smaller),UK
1.5244959243620286,50882,11911237,534323,1058,0.979630342703119,0.9570671789778845,0.020369657296881016,0.04293282102211552,0.0042535942001580155,0.979630342703119,0.008470409542686614,UK (Smaller),UK
1.543793341126105,51062,11994695,450865,878,0.9830958798613785,0.9637730242753239,0.016904120138621487,0.03622697572467611,0.004239002994996495,0.9830958798613785,0.008441606695886002,UK (Smaller),UK
1.5630907578901811,51225,12070088,375472,715,0.9862341162880246,0.969830847306188,0.013765883711975357,0.03016915269381209,0.0042260273288875555,0.9862341162880246,0.0084159920113383,UK (Smaller),UK
1.5823881746542574,51360,12137156,308404,580,0.9888332691567193,0.9752197570860612,0.011166730843280709,0.024780242913938787,0.004213802566284525,0.9888332691567193,0.00839184422541121,UK (Smaller),UK
1.6016855914183337,51468,12196602,248958,472,0.990912591451675,0.9799962396228052,0.00908740854832499,0.020003760377194757,0.004202131437851025,0.990912591451675,0.008368773683923835,UK (Smaller),UK
1.6209830081824101,51565,12248484,197076,375,0.9927801309202926,0.9841649552129434,0.007219869079707355,0.01583504478705659,0.004192259721892165,0.9927801309202926,0.008349262616733225,UK (Smaller),UK
1.6402804249464864,51650,12292651,152909,290,0.9944166345783596,0.9877137710155268,0.005583365421640354,0.012286228984473178,0.004184117026958432,0.9944166345783596,0.008333171321854746,UK (Smaller),UK
1.6595778417105627,51724,12330044,115516,216,0.9958413554100886,0.990718296324151,0.004158644589911436,0.009281703675849058,0.0041774324959085,0.9958413554100886,0.008319963763022261,UK (Smaller),UK
1.678875258474639,51784,12360924,84636,156,0.9969965344628418,0.9931995024731711,0.0030034655371582596,0.006800497526828845,0.004171853555243545,0.9969965344628418,0.008308939008947544,UK (Smaller),UK
1.6981726752387154,51825,12385640,59920,115,0.9977859068155565,0.9951854315916681,0.0022140931844435888,0.004814568408331967,0.004166845896651769,0.9977859068155565,0.008299034261439995,UK (Smaller),UK
1.7174700920027917,51863,12404604,40956,77,0.9985175202156334,0.9967091878549459,0.0014824797843665768,0.00329081214505414,0.004163540111333334,0.9985175202156334,0.008292502794320655,UK (Smaller),UK
1.736767508766868,51890,12418540,27020,50,0.9990373507893724,0.9978289446196074,0.0009626492106276473,0.0021710553803926864,0.00416104336418231,0.9990373507893724,0.008287568567291974,UK (Smaller),UK
1.7560649255309442,51909,12428732,16828,31,0.9994031574894109,0.998647871208688,0.0005968425105891413,0.0013521287913119218,0.004159161376406869,0.9994031574894109,0.008283848315043805,UK (Smaller),UK
1.7753623422950207,51919,12435659,9901,21,0.9995956873315364,0.9992044552434763,0.00040431266846361187,0.0007955447565236117,0.004157651707961303,0.9995956873315364,0.008280860556203196,UK (Smaller),UK
1.794659759059097,51929,12440091,5469,11,0.999788217173662,0.9995605661778176,0.0002117828263380824,0.00043943382218236866,0.004156973812081633,0.999788217173662,0.008279522575008212,UK (Smaller),UK
1.8139571758231732,51935,12442749,2811,5,0.9999037350789373,0.9997741363184943,9.626492106276473e-05,0.0002258636815056936,0.004156567705113631,0.9999037350789373,0.00827872103284517,UK (Smaller),UK
1.8332545925872494,51936,12444198,1362,4,0.9999229880631498,0.9998905633816397,7.701193685021179e-05,0.0001094366183602827,0.004156165418840739,0.9999229880631498,0.008277923767424387,UK (Smaller),UK
1.8525520093513257,51939,12445022,538,1,0.9999807470157874,0.9999567717322483,1.9252984212552947e-05,4.3228267751712254e-05,0.004156130438432192,0.9999807470157874,0.008277856363676787,UK (Smaller),UK
1.8718494261154022,51939,12445383,177,1,0.9999807470157874,0.9999857780606096,1.9252984212552947e-05,1.4221939390433215e-05,0.0041560103836645965,0.9999807470157874,0.00827761823763023,UK (Smaller),UK
1.8911468428794784,51940,12445527,33,0,1.0,0.9999973484519781,0.0,2.6515480219451757e-06,0.004156042180387434,1.0,0.008277681965370954,UK (Smaller),UK
1.9104442596435547,51940,12445559,1,0,1.0,0.99999991965006,0.0,8.034994005894471e-08,0.004156031538790281,1.0,0.008277660857987356,UK (Smaller),UK
0.0,0,0,12486147,11353,0.0,0.0,1.0,1.0,,0.0,,UK (Smaller),Germany
0.018619438614508117,0,0,12486147,11353,0.0,0.0,1.0,1.0,,0.0,,UK (Smaller),Germany
0.03723887722901623,0,1,12486146,11353,0.0,8.008875756468349e-08,1.0,0.9999999199112425,0.0,0.0,,UK (Smaller),Germany
0.05585831584352435,0,12,12486135,11353,0.0,9.610650907762017e-07,1.0,0.9999990389349093,0.0,0.0,,UK (Smaller),Germany
0.07447775445803247,2,312,12485835,11351,0.00017616489033735576,2.4987692360181248e-05,0.9998238351096627,0.9999750123076399,0.006369426751592357,0.00017616489033735576,0.00034284734721865093,UK (Smaller),Germany
0.09309719307254058,10,4796,12481351,11343,0.0008808244516867788,0.000384105681280222,0.9991191755483132,0.9996158943187198,0.0020807324178110697,0.0008808244516867788,0.0012377003527446005,UK (Smaller),Germany
0.1117166316870487,47,38282,12447865,11306,0.004139874922927861,0.003065957817091213,0.9958601250770721,0.9969340421829088,0.0012262255733256804,0.004139874922927861,0.001892033331991466,UK (Smaller),Germany
0.1303360703015568,169,156240,12329907,11184,0.014885933233506562,0.012513067481906148,0.9851140667664935,0.9874869325180938,0.0010805004827087955,0.014885933233506562,0.00201475900382685,UK (Smaller),Germany
0.14895550891606493,392,412610,12073537,10961,0.03452831850612173,0.03304542225876405,0.9654716814938783,0.9669545777412359,0.0009491479460147893,0.03452831850612173,0.0018475097500913152,UK (Smaller),Germany
0.16757494753057306,757,823471,11662676,10596,0.06667841099268916,0.06595076928054748,0.9333215890073109,0.9340492307194526,0.0009184351902628884,0.06667841099268916,0.0018119129085031856,UK (Smaller),Germany
0.18619438614508116,1237,1375124,11111023,10116,0.10895798467365454,0.11013197265737781,0.8910420153263454,0.8898680273426222,0.0008987467677447996,0.10895798467365454,0.0017827880961062581,UK (Smaller),Germany
0.20481382475958929,1888,2032076,10454071,9465,0.16629965647846384,0.16274644211701175,0.8337003435215361,0.8372535578829883,0.0009282366846217534,0.16629965647846384,0.0018461685890255642,UK (Smaller),Germany
0.2234332633740974,2570,2759247,9726900,8783,0.22637188408350215,0.2209846640440802,0.7736281159164978,0.7790153359559198,0.0009305468103064033,0.22637188408350215,0.0018534745435728787,UK (Smaller),Germany
0.2420527019886055,3309,3520419,8965728,8044,0.29146481106315514,0.28194598381710545,0.7085351889368449,0.7180540161828946,0.0009390622658729618,0.29146481106315514,0.0018720928883949194,UK (Smaller),Germany
0.2606721406031136,4000,4286911,8199236,7353,0.35232978067471155,0.3433333757803748,0.6476702193252885,0.6566666242196252,0.0009322029750791849,0.35232978067471155,0.0018594860752385255,UK (Smaller),Germany
0.27929157921762177,4710,5038357,7447790,6643,0.41486831674447283,0.403515752297326,0.5851316832555272,0.596484247702674,0.0009339554679721685,0.41486831674447283,0.0018637153224306646,UK (Smaller),Germany
0.29791101783212987,5395,5761820,6724327,5958,0.47520479168501717,0.4614570051113446,0.5247952083149828,0.5385429948886554,0.0009354601831213159,0.47520479168501717,0.001867244618389885,UK (Smaller),Germany
0.31653045644663796,6054,6444625,6041522,5299,0.533251123051176,0.5161420092202983,0.4667488769488241,0.4838579907797017,0.0009385058534148111,0.533251123051176,0.0018737140267952865,UK (Smaller),Germany
0.3351498950611461,6664,7079052,5407095,4689,0.5869814146040694,0.5669524794157877,0.4130185853959306,0.43304752058421225,0.0009404836434313766,0.5869814146040694,0.001877958351539206,UK (Smaller),Germany
0.3537693336756542,7181,7664899,4821248,4172,0.6325200387562758,0.6138722377687849,0.3674799612437241,0.38612776223121514,0.0009359912826769273,0.6325200387562758,0.0018692165338072188,UK (Smaller),Germany
0.3723887722901623,7697,8199634,4286513,3656,0.6779705804633137,0.6566984995451359,0.32202941953668635,0.3433015004548641,0.000937820102540034,0.6779705804633137,0.001873049261901297,UK (Smaller),Germany
0.3910082109046705,8164,8684630,3801517,3189,0.7191050823570863,0.6955412266089771,0.28089491764291374,0.30445877339102284,0.0009391686953584774,0.7191050823570863,0.0018758874361841545,UK (Smaller),Germany
0.40962764951917857,8535,9121980,3364167,2818,0.7517836695146657,0.7305680447298915,0.24821633048533429,0.26943195527010855,0.0009347775015976646,0.7517836695146657,0.0018672332612984569,UK (Smaller),Germany
0.42824708813368667,8884,9512307,2973840,2469,0.7825244428785343,0.7618288492038416,0.21747555712146568,0.23817115079615833,0.000933076544730591,0.7825244428785343,0.0018639305520121384,UK (Smaller),Germany
0.4468665267481948,9186,9862540,2623607,2167,0.809125341319475,0.7898785750319934,0.19087465868052497,0.21012142496800654,0.000930536362131607,0.809125341319475,0.001858934852185235,UK (Smaller),Germany
0.4654859653627029,9456,10173602,2312545,1897,0.8329076015150181,0.814791144137579,0.16709239848498195,0.18520885586242097,0.0009286012119345681,0.8329076015150181,0.0018551341514482787,UK (Smaller),Germany
0.484105403977211,9700,10448882,2037265,1653,0.8543997181361754,0.8368379773199851,0.14560028186382454,0.1631620226800149,0.0009274679875340653,0.8543997181361754,0.0018529245883570434,UK (Smaller),Germany
0.5027248425917191,9887,10693155,1792992,1466,0.8708711353827182,0.8564014983965831,0.12912886461728176,0.14359850160341697,0.000923756068601805,0.8708711353827182,0.0018455545086773447,UK (Smaller),Germany
0.5213442812062272,10068,10907701,1578446,1285,0.886814057958249,0.8735842209770556,0.11318594204175107,0.12641577902294437,0.0009221664242941942,0.886814057958249,0.0018424169846397542,UK (Smaller),Germany
0.5399637198207354,10235,11095774,1390373,1118,0.9015238263014181,0.8886467538785183,0.09847617369858187,0.11135324612148167,0.0009215731771872326,0.9015238263014181,0.0018412641416192081,UK (Smaller),Germany
0.5585831584352435,10379,11261721,1224426,974,0.9142076984057077,0.9019372429301049,0.08579230159429226,0.09806275706989515,0.000920768978273791,0.9142076984057077,0.00183968506803724,UK (Smaller),Germany
0.5772025970497516,10511,11407826,1078321,842,0.9258345811679732,0.9136386108540929,0.07416541883202678,0.08636138914590706,0.0009205368522579076,0.9258345811679732,0.0018392449838972012,UK (Smaller),Germany
0.5958220356642597,10619,11535602,950545,734,0.9353474852461904,0.9238720319406779,0.06465251475380956,0.07612796805932207,0.0009196948508087624,0.9353474852461904,0.0018375828698998595,UK (Smaller),Germany
0.6144414742787678,10709,11648408,837739,644,0.9432749053113715,0.9329065243265197,0.056725094688628554,0.06709347567348038,0.000918508665793473,0.9432749053113715,0.0018352302863552197,UK (Smaller),Germany
0.6330609128932759,10821,11747328,738819,532,0.9531401391702634,0.9408289042248181,0.04685986082973664,0.05917109577518189,0.0009202979142380319,0.9531401391702634,0.0018388203681005367,UK (Smaller),Germany
0.651680351507784,10912,11833620,652527,441,0.9611556416806131,0.9477399232925898,0.03884435831938694,0.05226007670741022,0.0009212689872423833,0.9611556416806131,0.0018407735904995704,UK (Smaller),Germany
0.6702997901222922,10958,11909486,576661,395,0.9652074341583723,0.953815936973992,0.034792565841627765,0.04618406302600794,0.0009192610610812818,0.9652074341583723,0.0018367727845185432,UK (Smaller),Germany
0.6889192287368003,11007,11975871,510276,346,0.9695234739716374,0.9591326291449236,0.03047652602836255,0.04086737085507643,0.0009182541108702366,0.9695234739716374,0.0018347704757476332,UK (Smaller),Germany
0.7075386673513084,11060,12034560,451587,293,0.9741918435655774,0.9638329582376373,0.025808156434422618,0.03616704176236272,0.0009181760673174149,0.9741918435655774,0.001834623001975703,UK (Smaller),Germany
0.7261581059658165,11098,12085767,400380,255,0.9775389764819872,0.967934063246252,0.02246102351801286,0.03206593675374798,0.0009174277798421327,0.9775389764819872,0.0018331351483760864,UK (Smaller),Germany
0.7447775445803246,11134,12131081,355066,219,0.9807099445080596,0.971563205206538,0.019290055491940458,0.028436794793461905,0.0009169661383857888,0.9807099445080596,0.001832219147496439,UK (Smaller),Germany
0.7633969831948327,11165,12170755,315392,188,0.9834405003082886,0.9747406465741594,0.016559499691711443,0.025259353425840653,0.0009165221902622903,0.9834405003082886,0.0018313376564274416,UK (Smaller),Germany
0.782016421809341,11188,12205999,280148,165,0.9854663965471682,0.9775632947457691,0.014533603452831851,0.02243670525423095,0.0009157590859499818,0.9854663965471682,0.001829817786914873,UK (Smaller),Germany
0.800635860423849,11217,12236996,249151,136,0.9880207874570598,0.9800458059640016,0.011979212542940192,0.019954194035998456,0.0009158070650796161,0.9880207874570598,0.001829917959575404,UK (Smaller),Germany
0.8192552990383571,11238,12264449,221698,115,0.9898705188056021,0.9822444826254249,0.010129481194397957,0.0177555173745752,0.0009154681118865283,0.9898705188056021,0.0018292444722243927,UK (Smaller),Germany
0.8378747376528652,11255,12288316,197831,98,0.9913679203734695,0.9841559610022211,0.008632079626530433,0.0158440389977789,0.000915072566352111,0.9913679203734695,0.0018284573928000856,UK (Smaller),Germany
0.8564941762673733,11269,12310098,176049,84,0.992601074605831,0.985900454319495,0.007398925394168942,0.014099545680504963,0.0009145900775457788,0.992601074605831,0.0018274962863018052,UK (Smaller),Germany
0.8751136148818814,11275,12328988,157159,78,0.9931295692768431,0.9874133309498919,0.006870430723156875,0.012586669050108091,0.0009136758268442091,0.9931295692768431,0.001825672041617874,UK (Smaller),Germany
0.8937330534963897,11285,12345675,140472,68,0.99401039372853,0.9887497720473738,0.005989606271470096,0.011250227952626219,0.0009132505082156129,0.99401039372853,0.0018248244526153242,UK (Smaller),Germany
0.9123524921108978,11296,12360494,125653,57,0.9949793006253853,0.9899366073457249,0.00502069937461464,0.010063392654275173,0.0009130449191264966,0.9949793006253853,0.0018244156592554894,UK (Smaller),Germany
0.9309719307254058,11308,12373502,112645,45,0.9960362899674094,0.9909784019041262,0.003963710032590505,0.009021598095873771,0.0009130539749903309,0.9960362899674094,0.0018244355128276388,UK (Smaller),Germany
0.949591369339914,11316,12385223,100924,37,0.9967409495287589,0.9919171222315419,0.0032590504712410816,0.008082877768458115,0.0009128354293081319,0.9967409495287589,0.001824000402324585,UK (Smaller),Germany
0.968210807954422,11322,12395458,90689,31,0.997269444199771,0.9927368306652165,0.0027305558002290145,0.007263169334783581,0.0009125655488370068,0.997269444199771,0.001823462512440477,UK (Smaller),Germany
0.9868302465689301,11328,12404742,81405,25,0.997797938870783,0.9934803746904469,0.002202061129216947,0.006519625309553059,0.0009123659902046299,0.997797938870783,0.00182306500712175,UK (Smaller),Germany
1.0054496851834382,11330,12413007,73140,23,0.9979741037611204,0.994142308271719,0.002025896238879591,0.00585769172828095,0.0009119198875561731,0.9979741037611204,0.0018221747245227248,UK (Smaller),Germany
1.0240691237979465,11332,12420449,65698,21,0.9981502686514577,0.9947383288055154,0.0018497313485422355,0.005261671194484576,0.0009115347189594154,0.9981502686514577,0.0018214060862801926,UK (Smaller),Germany
1.0426885624124544,11335,12427170,58977,18,0.9984145159869638,0.9952766053451076,0.001585484013036202,0.004723394654892338,0.000911283148577743,0.9984145159869638,0.001820904302683613,UK (Smaller),Germany
1.0613080010269627,11338,12433078,53069,15,0.9986787633224699,0.9957497697247998,0.0013212366775301682,0.004250230275200188,0.0009110913682088416,0.9986787633224699,0.0018205218802628724,UK (Smaller),Germany
1.0799274396414709,11339,12438421,47726,14,0.9987668457676385,0.9961776839564679,0.0012331542323614903,0.003822316043532084,0.0009107806094254025,0.9987668457676385,0.0018199016412097377,UK (Smaller),Germany
1.0985468782559789,11342,12443184,42963,11,0.9990310931031445,0.9965591467087485,0.0009689068968554567,0.0034408532912514967,0.0009106729553577551,0.9990310931031445,0.001819687163656891,UK (Smaller),Germany
1.117166316870487,11346,12447557,38590,7,0.9993834228838192,0.9969093748455788,0.0006165771161807451,0.0030906251544211357,0.0009106740778060476,0.9993834228838192,0.0018196899887219639,UK (Smaller),Germany
1.135785755484995,11347,12451337,34810,6,0.999471505328988,0.9972121103491733,0.0005284946710120673,0.002787889650826632,0.0009104780318589479,0.999471505328988,0.001819298756288762,UK (Smaller),Germany
1.1544051940995033,11349,12454777,31370,4,0.9996476702193253,0.9974876156751958,0.00035232978067471153,0.002512384324804121,0.0009103870761453879,0.9996476702193253,0.0018191174675589517,UK (Smaller),Germany
1.1730246327140113,11350,12457965,28182,3,0.999735752664494,0.9977429386343121,0.00026424733550603366,0.00225706136568791,0.0009102344435119331,0.999735752664494,0.0018188129032837023,UK (Smaller),Germany
1.1916440713285195,11350,12460939,25208,3,0.999735752664494,0.9979811225993095,0.00026424733550603366,0.002018877400690541,0.0009100173993723205,0.999735752664494,0.0018183796042853522,UK (Smaller),Germany
1.2102635099430277,11350,12463458,22689,3,0.999735752664494,0.9981828661796149,0.00026424733550603366,0.0018171338203851037,0.000909833642329405,0.999735752664494,0.0018180127582849526,UK (Smaller),Germany
1.2288829485575357,11351,12465844,20303,2,0.9998238351096627,0.9983739579551643,0.00017616489033735576,0.0016260420448357688,0.0009097397291618829,0.9998238351096627,0.001817825418935812,UK (Smaller),Germany
1.2475023871720439,11351,12467902,18245,2,0.9998238351096627,0.9985387806182323,0.00017616489033735576,0.0014612193817676502,0.0009095897006014703,0.9998238351096627,0.001817525907069681,UK (Smaller),Germany
1.2661218257865519,11351,12469876,16271,2,0.9998238351096627,0.998696875825665,0.00017616489033735576,0.001303124174334965,0.0009094458421435649,0.9998238351096627,0.0018172387128999776,UK (Smaller),Germany
1.28474126440106,11351,12471614,14533,2,0.9998238351096627,0.9988360700863125,0.00017616489033735576,0.001163929913687545,0.000909319220233334,0.9998238351096627,0.0018169859291239424,UK (Smaller),Germany
1.303360703015568,11351,12473202,12945,2,0.9998238351096627,0.9989632510333252,0.00017616489033735576,0.0010367489666748277,0.0009092035573880779,0.9998238351096627,0.0018167550236053312,UK (Smaller),Germany
1.3219801416300763,11352,12474730,11417,1,0.9999119175548313,0.999085626654884,8.808244516867788e-05,0.0009143733451159913,0.0009091723088155276,0.9999119175548313,0.0018166927853595558,UK (Smaller),Germany
1.3405995802445845,11352,12476126,10021,1,0.9999119175548313,0.9991974305604443,8.808244516867788e-05,0.0008025694395556932,0.0009090706706350153,0.9999119175548313,0.001816489878133403,UK (Smaller),Germany
1.3592190188590925,11353,12477396,8751,0,1.0,0.9992991432825514,0.0,0.0007008567174485452,0.0009090582251272725,1.0,0.0018164651776441504,UK (Smaller),Germany
1.3778384574736007,11353,12478594,7553,0,1.0,0.9993950896141139,0.0,0.0006049103858860544,0.0009089710308618603,1.0,0.0018162911057250045,UK (Smaller),Germany
1.3964578960881087,11353,12479578,6569,0,1.0,0.9994738969515576,0.0,0.0005261030484424058,0.0009088994247106161,1.0,0.0018161481534094092,UK (Smaller),Germany
1.4150773347026169,11353,12480534,5613,0,1.0,0.9995504618037895,0.0,0.0004495381962105684,0.0009088298669368367,1.0,0.0018160092903919303,UK (Smaller),Germany
1.433696773317125,11353,12481348,4799,0,1.0,0.9996156540524471,0.0,0.00038434594755291603,0.0009087706493575729,1.0,0.00181589107020811,UK (Smaller),Germany
1.452316211931633,11353,12482114,4033,0,1.0,0.9996770020407416,0.0,0.0003229979592583685,0.0009087149307714184,1.0,0.0018157798352955103,UK (Smaller),Germany
1.4709356505461413,11353,12482821,3326,0,1.0,0.9997336247923398,0.0,0.00026637520766013725,0.0009086635098886889,1.0,0.0018156771801780124,UK (Smaller),Germany
1.4895550891606493,11353,12483428,2719,0,1.0,0.9997822386681816,0.0,0.0002177613318183744,0.0009086193667580088,1.0,0.0018155890541393528,UK (Smaller),Germany
1.5081745277751575,11353,12483955,2192,0,1.0,0.9998244454434182,0.0,0.0001755545565817862,0.0009085810449810441,1.0,0.0018155125496725302,UK (Smaller),Germany
1.5267939663896655,11353,12484400,1747,0,1.0,0.9998600849405345,0.0,0.00013991505946550205,0.0009085486885024056,1.0,0.0018154479541470268,UK (Smaller),Germany
1.5454134050041737,11353,12484773,1374,0,1.0,0.9998899580471061,0.0,0.0001100419528938751,0.0009085215690046659,1.0,0.001815393813573463,UK (Smaller),Germany
1.564032843618682,11353,12485081,1066,0,1.0,0.9999146253844361,0.0,8.53746155639526e-05,0.0009084991766451134,1.0,0.0018153491101183608,UK (Smaller),Germany
1.5826522822331899,11353,12485330,817,0,1.0,0.9999345674850697,0.0,6.54325149303464e-05,0.0009084810745379393,1.0,0.0018153129715968198,UK (Smaller),Germany
1.601271720847698,11353,12485547,600,0,1.0,0.9999519467454612,0.0,4.805325453881009e-05,0.0009084652993942497,1.0,0.0018152814785565977,UK (Smaller),Germany
1.619891159462206,11353,12485697,450,0,1.0,0.9999639600590959,0.0,3.603994090410757e-05,0.000908454395237276,1.0,0.0018152597098126755,UK (Smaller),Germany
1.6385105980767143,11353,12485824,323,0,1.0,0.9999741313313066,0.0,2.5868668693392766e-05,0.0009084451632556696,1.0,0.0018152412793509707,UK (Smaller),Germany
1.6571300366912223,11353,12485932,215,0,1.0,0.9999827809171236,0.0,1.721908287640695e-05,0.0009084373125842933,1.0,0.0018152256064968865,UK (Smaller),Germany
1.6757494753057305,11353,12485996,151,0,1.0,0.9999879065976077,0.0,1.2093402392267206e-05,0.0009084326603986173,1.0,0.00181521631900736,UK (Smaller),Germany
1.6943689139202387,11353,12486041,106,0,1.0,0.9999915105916981,0.0,8.48940830185645e-06,0.0009084293893590936,1.0,0.0018152097887981905,UK (Smaller),Germany
1.7129883525347467,11353,12486079,68,0,1.0,0.9999945539644856,0.0,5.446035514398477e-06,0.000908426627166285,1.0,0.0018152042744359262,UK (Smaller),Germany
1.731607791149255,11353,12486102,45,0,1.0,0.9999963960059096,0.0,3.603994090410757e-06,0.0009084249553209033,1.0,0.0018152009368118851,UK (Smaller),Germany
1.7502272297637629,11353,12486127,20,0,1.0,0.9999983982248487,0.0,1.6017751512936697e-06,0.0009084231381046419,1.0,0.0018151973089735867,UK (Smaller),Germany
1.768846668378271,11353,12486139,8,0,1.0,0.9999993592899394,0.0,6.407100605174679e-07,0.0009084222658434189,1.0,0.0018151955676163549,UK (Smaller),Germany
1.7874661069927793,11353,12486142,5,0,1.0,0.9999995995562122,0.0,4.0044378782341743e-07,0.0009084220477783748,1.0,0.0018151951322775686,UK (Smaller),Germany
1.8060855456072873,11353,12486142,5,0,1.0,0.9999995995562122,0.0,4.0044378782341743e-07,0.0009084220477783748,1.0,0.0018151951322775686,UK (Smaller),Germany
1.8247049842217955,11353,12486145,2,0,1.0,0.9999998398224849,0.0,1.6017751512936698e-07,0.0009084218297134354,1.0,0.0018151946969389911,UK (Smaller),Germany
1.8433244228363037,11353,12486146,1,0,1.0,0.9999999199112425,0.0,8.008875756468349e-08,0.0009084217570251456,1.0,0.0018151945518261785,UK (Smaller),Germany
0.0,0,0,12460492,37008,0.0,0.0,1.0,1.0,,0.0,,UK (Smaller),Switzerland
0.018977622793178366,1,4,12460488,37007,2.7021184608733246e-05,3.210146116220772e-07,0.9999729788153913,0.9999996789853883,0.2,2.7021184608733246e-05,5.4035068759624995e-05,UK (Smaller),Switzerland
0.03795524558635673,3,16,12460476,37005,8.106355382619974e-05,1.2840584464883087e-06,0.9999189364461738,0.9999987159415535,0.15789473684210525,8.106355382619974e-05,0.0001620439139006671,UK (Smaller),Switzerland
0.056932868379535095,15,192,12460300,36993,0.0004053177691309987,1.5408701357859707e-05,0.999594682230869,0.9999845912986421,0.07246376811594203,0.0004053177691309987,0.0008061265618702137,UK (Smaller),Switzerland
0.07591049117271347,42,2147,12458345,36966,0.0011348897535667965,0.00017230459278814994,0.9988651102464332,0.9998276954072118,0.019186843307446324,0.0011348897535667965,0.002143021149577774,UK (Smaller),Switzerland
0.09488811396589183,158,11724,12448768,36850,0.004269347168179853,0.0009408938266643082,0.9957306528318202,0.9990591061733357,0.013297424675980475,0.004269347168179853,0.006463489466148497,UK (Smaller),Switzerland
0.11386573675907019,393,40096,12420396,36615,0.010619325551232166,0.003217850466899702,0.9893806744487679,0.9967821495331003,0.009706339993578502,0.010619325551232166,0.010142328090119617,UK (Smaller),Switzerland
0.13284335955224857,785,100638,12359854,36223,0.0212116299178556,0.008076567121105651,0.9787883700821444,0.9919234328788944,0.00773986176705481,0.0212116299178556,0.01134139029552629,UK (Smaller),Switzerland
0.15182098234542693,1348,204273,12256219,35660,0.03642455685257242,0.016393654439969145,0.9635754431474276,0.9836063455600309,0.006555750628583656,0.03642455685257242,0.011111614852305371,UK (Smaller),Switzerland
0.1707986051386053,2118,354874,12105618,34890,0.057230869001297015,0.028479934821193258,0.942769130998703,0.9715200651788067,0.005932906059519541,0.057230869001297015,0.010751269035532996,UK (Smaller),Switzerland
0.18977622793178367,3036,552887,11907605,33972,0.08203631647211414,0.04437120139397385,0.9179636835278858,0.9556287986060261,0.005461187970276459,0.08203631647211414,0.010240651947697119,UK (Smaller),Switzerland
0.20875385072496203,4076,792333,11668159,32932,0.11013834846519671,0.06358761756758882,0.8898616515348032,0.9364123824324112,0.005117973302662325,0.11013834846519671,0.009781417945638258,UK (Smaller),Switzerland
0.22773147351814038,5277,1068321,11392171,31731,0.14259079118028534,0.08573666272567729,0.8574092088197146,0.9142633372743227,0.0049152476066460634,0.14259079118028534,0.009502920027444477,UK (Smaller),Switzerland
0.24670909631131877,6468,1373339,11087153,30540,0.17477302204928663,0.11021547142761297,0.8252269779507133,0.889784528572387,0.004687612108070186,0.17477302204928663,0.00913033811753828,UK (Smaller),Switzerland
0.26568671910449715,7761,1700921,10759571,29247,0.20971141374837873,0.1365051235537088,0.7902885862516212,0.8634948764462912,0.004542097359251165,0.20971141374837873,0.008891613058446803,UK (Smaller),Switzerland
0.2846643418976755,9079,2044875,10415617,27929,0.24532533506268914,0.1641086884851738,0.7546746649373108,0.8358913115148262,0.004420254786621317,0.24532533506268914,0.00868404112556804,UK (Smaller),Switzerland
0.30364196469085386,10402,2400423,10060069,26606,0.28107436230004323,0.19264271426842536,0.7189256376999568,0.8073572857315746,0.004314705546856367,0.28107436230004323,0.00849894580226674,UK (Smaller),Switzerland
0.32261958748403224,11720,2762150,9698342,25288,0.31668828361435364,0.22167262737298013,0.6833117163856464,0.7783273726270199,0.004225143932484219,0.31668828361435364,0.00833903143430629,UK (Smaller),Switzerland
0.3415972102772106,13061,3129352,9331140,23947,0.35292369217466496,0.25114192922719264,0.6470763078253351,0.7488580707728074,0.00415636009652455,0.35292369217466496,0.008215961333840345,UK (Smaller),Switzerland
0.36057483307038896,14308,3495653,8964839,22700,0.3866191093817553,0.28053892254013724,0.6133808906182447,0.7194610774598628,0.004076398569670717,0.3866191093817553,0.008067733323860456,UK (Smaller),Switzerland
0.37955245586356734,15544,3861167,8599325,21464,0.4200172935581496,0.3098727562282452,0.5799827064418505,0.6901272437717547,0.00400958441317911,0.4200172935581496,0.007943339825879171,UK (Smaller),Switzerland
0.39853007865674567,16756,4222622,8237870,20252,0.4527669693039343,0.33888084033920973,0.5472330306960658,0.6611191596607903,0.003952466611847304,0.4527669693039343,0.007836523644030263,UK (Smaller),Switzerland
0.41750770144992405,17899,4579146,7881346,19109,0.4836521833117164,0.36749319368769706,0.5163478166882837,0.6325068063123029,0.0038935881637008124,0.4836521833117164,0.007724987176452233,UK (Smaller),Switzerland
0.43648532424310243,18998,4927915,7532577,18010,0.5133484651967142,0.39548317995790216,0.48665153480328577,0.6045168200420978,0.0038403747953521723,0.5133484651967142,0.007623716347028776,UK (Smaller),Switzerland
0.45546294703628076,20076,5270136,7190356,16932,0.5424773022049286,0.42294766530888184,0.4575226977950713,0.5770523346911182,0.003794932981891841,0.5424773022049286,0.0075371394460900815,UK (Smaller),Switzerland
0.47444056982945915,21083,5605097,6855395,15925,0.569687635105923,0.4498295091397675,0.430312364894077,0.5501704908602325,0.003747302788037354,0.569687635105923,0.007445629564125364,UK (Smaller),Switzerland
0.49341819262263753,22091,5932560,6527932,14917,0.5969249891915261,0.47610961108116756,0.40307501080847385,0.5238903889188324,0.003709873173087726,0.5969249891915261,0.007373917641174172,UK (Smaller),Switzerland
0.5123958154158159,23019,6251273,6209219,13989,0.6220006485084306,0.5016874935596444,0.3779993514915694,0.49831250644035563,0.003668780477542327,0.6220006485084306,0.007294535198770458,UK (Smaller),Switzerland
0.5313734382089943,23883,6560261,5900231,13125,0.6453469520103762,0.5264849092636149,0.3546530479896239,0.47351509073638504,0.003627350799131975,0.6453469520103762,0.007214152461686426,UK (Smaller),Switzerland
0.5503510610021726,24759,6859813,5600679,12249,0.6690175097276264,0.5505250514987691,0.33098249027237353,0.44947494850123093,0.003596301992338812,0.6690175097276264,0.0071541468855376945,UK (Smaller),Switzerland
0.569328683795351,25570,7149845,5310647,11438,0.6909316904453091,0.5738011789582627,0.3090683095546909,0.42619882104173734,0.003563556951061367,0.6909316904453091,0.007090543635613163,UK (Smaller),Switzerland
0.5883063065885293,26346,7429849,5030643,10662,0.7119001297016861,0.5962725227864196,0.28809987029831385,0.4037274772135803,0.003533437631392419,0.7119001297016861,0.0070319728425881425,UK (Smaller),Switzerland
0.6072839293817077,27032,7701271,4759221,9976,0.7304366623432771,0.6180551297653415,0.26956333765672286,0.38194487023465845,0.0034977924649175892,0.7304366623432771,0.00696224529835315,UK (Smaller),Switzerland
0.6262615521748861,27731,7963019,4497473,9277,0.7493244703847817,0.6390613629060554,0.25067552961521833,0.3609386370939446,0.0034703876357037827,0.7493244703847817,0.006908778266609432,UK (Smaller),Switzerland
0.6452391749680645,28354,8214776,4245716,8654,0.7661586683960225,0.6592657818005903,0.23384133160397752,0.3407342181994098,0.003439712827530319,0.7661586683960225,0.006848678125895969,UK (Smaller),Switzerland
0.6642167977612429,28979,8457476,4003016,8029,0.7830469087764808,0.6787433433607597,0.21695309122351925,0.32125665663924025,0.0034147355992578763,0.7830469087764808,0.006799818336748808,UK (Smaller),Switzerland
0.6831944205544211,29541,8691865,3768627,7467,0.7982328145265889,0.6975539168116315,0.20176718547341116,0.30244608318836846,0.003387183213348857,0.7982328145265889,0.006745741866050177,UK (Smaller),Switzerland
0.7021720433475995,30041,8917055,3543437,6967,0.8117434068309555,0.7156262369094254,0.18825659316904453,0.2843737630905746,0.0033576257592407635,0.8117434068309555,0.006687589547048876,UK (Smaller),Switzerland
0.7211496661407779,30542,9133072,3327420,6466,0.8252810203199308,0.732962390249117,0.17471897968006916,0.26703760975088303,0.0033329644832268144,0.8252810203199308,0.006639116355394234,UK (Smaller),Switzerland
0.7401272889339563,31029,9339919,3120573,5979,0.8384403372243839,0.7495626175916649,0.1615596627756161,0.2504373824083351,0.0033111911409603382,0.8384403372243839,0.006596331870599735,UK (Smaller),Switzerland
0.7591049117271347,31515,9539028,2921464,5493,0.8515726329442282,0.76554184216803,0.14842736705577173,0.23445815783197005,0.0032929166088068356,0.8515726329442282,0.0065604647844180065,UK (Smaller),Switzerland
0.7780825345203131,31920,9729427,2731065,5088,0.8625162127107653,0.7808220574275879,0.13748378728923477,0.21917794257241208,0.0032700404974846196,0.8625162127107653,0.006515379367250932,UK (Smaller),Switzerland
0.7970601573134913,32324,9911638,2548854,4684,0.8734327712926935,0.7954451557771555,0.12656722870730652,0.20455484422284448,0.003250615800824661,0.8734327712926935,0.006477125970722284,UK (Smaller),Switzerland
0.8160377801066697,32697,10085406,2375086,4311,0.8835116731517509,0.8093906725352418,0.11648832684824903,0.19060932746475823,0.003231534606832921,0.8835116731517509,0.006439516023015406,UK (Smaller),Switzerland
0.8350154028998481,33024,10251926,2208566,3984,0.8923476005188068,0.8227545108170689,0.10765239948119326,0.17724548918293115,0.0032109052547654583,0.8923476005188068,0.006398785966771034,UK (Smaller),Switzerland
0.8539930256930265,33339,10411058,2049434,3669,0.9008592736705577,0.83552543511123,0.09914072632944228,0.16447456488877005,0.0031920464149342467,0.9008592736705577,0.006361551719449826,UK (Smaller),Switzerland
0.8729706484862049,33664,10561744,1898748,3344,0.909641158668396,0.8476185370529511,0.09035884133160398,0.15238146294704896,0.003177225454649788,0.909641158668396,0.00633233312165363,UK (Smaller),Switzerland
0.8919482712793833,33954,10704850,1755642,3054,0.9174773022049286,0.8591033163056483,0.08252269779507133,0.1408966836943517,0.0031618046106437923,0.9174773022049286,0.006301891681109508,UK (Smaller),Switzerland
0.9109258940725615,34205,10840435,1620057,2803,0.9242596195417208,0.8699845078348432,0.07574038045827929,0.13001549216515687,0.003145391479625992,0.9242596195417208,0.0062694471082644886,UK (Smaller),Switzerland
0.9299035168657399,34450,10968734,1491758,2558,0.9308798097708604,0.8802809712489683,0.06912019022913965,0.11971902875103166,0.003130911925130035,0.9308798097708604,0.006240833492750851,UK (Smaller),Switzerland
0.9488811396589183,34690,11091164,1369328,2318,0.9373648940769563,0.8901064259741911,0.06263510592304367,0.10989357402580893,0.003117962899746842,0.9373648940769563,0.006215251966744729,UK (Smaller),Switzerland
0.9678587624520967,34909,11205507,1254985,2099,0.9432825335062689,0.8992828694083669,0.056717466493731085,0.10071713059163313,0.0031056679752777833,0.9432825335062689,0.006190952827525151,UK (Smaller),Switzerland
0.9868363852452751,35089,11312963,1147529,1919,0.9481463467358409,0.9079066059349823,0.051853653264159104,0.09209339406501765,0.003092072542494518,0.9481463467358409,0.0061640430529132035,UK (Smaller),Switzerland
1.0058140080384534,35256,11414435,1046057,1752,0.9526588845654993,0.9160501046026112,0.04734111543450065,0.0839498953973888,0.0030792097358784618,0.9526588845654993,0.0061385781937874405,UK (Smaller),Switzerland
1.0247916308316318,35434,11509546,950946,1574,0.9574686554258539,0.9236831097841081,0.04253134457414613,0.07631689021589196,0.003069212766068023,0.9574686554258539,0.006118811381949283,UK (Smaller),Switzerland
1.0437692536248102,35591,11598148,862344,1417,0.961710981409425,0.9307937439388428,0.038289018590575014,0.06920625606115714,0.003059291600060823,0.961710981409425,0.006099181140675915,UK (Smaller),Switzerland
1.0627468764179886,35750,11681250,779242,1258,0.9660073497622136,0.9374629830025973,0.03399265023778642,0.06253701699740268,0.0030511223009302723,0.9660073497622136,0.006083031422132774,UK (Smaller),Switzerland
1.081724499211167,35882,11758439,702053,1126,0.9695741461305664,0.9436576822167214,0.030425853869433635,0.05634231778327854,0.003042311634557004,0.9695741461305664,0.006065590771755227,UK (Smaller),Switzerland
1.1007021220043451,35999,11830079,630413,1009,0.9727356247297881,0.9494070539108729,0.027264375270211846,0.050592946089127136,0.003033774091152949,0.9727356247297881,0.0060486835094697294,UK (Smaller),Switzerland
1.1196797447975235,36111,11896120,564372,897,0.9757619974059663,0.9547070854024062,0.024238002594033723,0.04529291459759374,0.003026341008651274,0.9757619974059663,0.006033967573042864,UK (Smaller),Switzerland
1.138657367590702,36221,11957465,503027,787,0.9787343277129269,0.9596302457398953,0.021265672287073066,0.040369754260104654,0.0030200056929954645,0.9787343277129269,0.006021431515089653,UK (Smaller),Switzerland
1.1576349903838803,36303,12014001,446491,705,0.980950064850843,0.9641674662605618,0.01904993514915694,0.03583253373943822,0.00301262109238074,0.980950064850843,0.006006794562761348,UK (Smaller),Switzerland
1.1766126131770587,36388,12065746,394746,620,0.9832468655425853,0.9683201915301579,0.016753134457414613,0.03167980846984212,0.003006742447241123,0.9832468655425853,0.005995151881409741,UK (Smaller),Switzerland
1.195590235970237,36492,12112594,347898,516,0.9860570687418937,0.9720799146614757,0.013942931258106356,0.027920085338524355,0.003003682746175309,0.9860570687418937,0.005989121698880708,UK (Smaller),Switzerland
1.2145678587634154,36547,12155669,304823,461,0.987543233895374,0.9755368407603809,0.012456766104626028,0.02446315923961911,0.0029975682845513893,0.987543233895374,0.005976994124892962,UK (Smaller),Switzerland
1.2335454815565938,36616,12194856,265636,392,0.9894076956333766,0.9786817406567895,0.010592304366623433,0.021318259343210525,0.002993588997301388,0.9894076956333766,0.005969117608701322,UK (Smaller),Switzerland
1.2525231043497722,36664,12230074,230418,344,0.9907047124945958,0.9815081138048161,0.009295287505404237,0.018491886195183948,0.002988895662400224,0.9907047124945958,0.005959810938879915,UK (Smaller),Switzerland
1.2715007271429506,36723,12261538,198954,285,0.992298962386511,0.9840332147398353,0.007701037613488976,0.015966785260164686,0.002986031927603423,0.992298962386511,0.005954146601910344,UK (Smaller),Switzerland
1.290478349936129,36761,12289820,170672,247,0.9933257674016429,0.9863029485513092,0.006674232598357112,0.01369705144869079,0.002982254365586045,0.9933257674016429,0.005946655133877387,UK (Smaller),Switzerland
1.3094559727293074,36802,12314574,145918,206,0.994433635970601,0.9882895474753325,0.005566364029399049,0.011710452524667566,0.002979587051677481,0.994433635970601,0.005941372175741404,UK (Smaller),Switzerland
1.3284335955224857,36836,12336663,123829,172,0.9953523562472979,0.9900622704143625,0.004647643752702118,0.00993772958563755,0.002977007554613291,0.9953523562472979,0.00593626029943821,UK (Smaller),Switzerland
1.347411218315664,36864,12355772,104720,144,0.9961089494163424,0.991595837467734,0.0038910505836575876,0.008404162532265981,0.002974669795836818,0.9961089494163424,0.005931626038525319,UK (Smaller),Switzerland
1.3663888411088423,36896,12372522,87970,112,0.9969736273238219,0.9929400861539015,0.0030263726761781237,0.0070599138460985325,0.0029732256581251433,0.9969736273238219,0.00592877023492527,UK (Smaller),Switzerland
1.3853664639020207,36919,12387120,73372,89,0.9975951145698227,0.9941116289790163,0.002404885430177259,0.005888371020983762,0.0029715779224453497,0.9975951145698227,0.005925505296625557,UK (Smaller),Switzerland
1.404344086695199,36938,12399684,60808,70,0.9981085170773887,0.9951199358741212,0.0018914829226113273,0.004880064125878818,0.002970099115338554,0.9981085170773887,0.005922574262664518,UK (Smaller),Switzerland
1.4233217094883774,36953,12410165,50327,55,0.9985138348465197,0.995961074410224,0.0014861651534803285,0.00403892558977607,0.002968799685196204,0.9985138348465197,0.005919997923763346,UK (Smaller),Switzerland
1.4422993322815558,36963,12419189,41303,45,0.998784046692607,0.9966852833740434,0.0012159533073929961,0.0033147166259566638,0.002967449337484,0.998784046692607,0.0059173179563857346,UK (Smaller),Switzerland
1.4612769550747342,36970,12426998,33494,38,0.9989731949848681,0.9973119841495826,0.0010268050151318634,0.0026880158504174636,0.0029661501056485384,0.9989731949848681,0.0059147381772431205,UK (Smaller),Switzerland
1.4802545778679126,36976,12433345,27147,32,0.9991353220925205,0.9978213540845738,0.0008646779074794639,0.0021786459154261324,0.0029651201440604458,0.9991353220925205,0.0059126932696821205,UK (Smaller),Switzerland
1.499232200661091,36983,12438672,21820,25,0.9993244703847817,0.9982488652936016,0.0006755296152183312,0.0017511347063984312,0.002964413491716467,0.9993244703847817,0.005911291625132077,UK (Smaller),Switzerland
1.5182098234542694,36989,12443062,17430,19,0.9994865974924341,0.9986011788298568,0.0005134025075659317,0.0013988211701432014,0.002963850067599884,0.9994865974924341,0.005910174266974375,UK (Smaller),Switzerland
1.5371874462474477,36993,12446567,13925,15,0.999594682230869,0.9988824678832906,0.0004053177691309987,0.0011175321167093562,0.0029633373813239172,0.999594682230869,0.00590915683697417,UK (Smaller),Switzerland
1.5561650690406261,36994,12449568,10924,14,0.9996217034154777,0.9991233090956602,0.00037829658452226547,0.0008766909043398929,0.0029627050264115933,0.9996217034154777,0.00590790006364,UK (Smaller),Switzerland
1.5751426918338045,36998,12451934,8558,10,0.9997297881539127,0.9993131892384346,0.0002702118460873325,0.0006868107615654341,0.0029624630833124882,0.9997297881539127,0.005907420920106594,UK (Smaller),Switzerland
1.5941203146269827,37001,12453856,6636,7,0.9998108517077389,0.9994674367593189,0.00018914829226113273,0.0005325632406810261,0.0029622467057304393,0.9998108517077389,0.005906992133136811,UK (Smaller),Switzerland
1.613097937420161,37001,12455477,5015,7,0.9998108517077389,0.9995975279306788,0.00018914829226113273,0.0004024720693211793,0.002961862330275867,0.9998108517077389,0.005906227917090933,UK (Smaller),Switzerland
1.6320755602133394,37005,12456674,3818,3,0.9999189364461738,0.9996935915532067,8.106355382619974e-05,0.00030640844679327267,0.0029618977724655804,0.9999189364461738,0.005906300269091392,UK (Smaller),Switzerland
1.6510531830065178,37006,12457720,2772,2,0.9999459576307825,0.999777536874146,5.404236921746649e-05,0.0002224631258540995,0.0029617296129582993,0.9999459576307825,0.005905966404968379,UK (Smaller),Switzerland
1.6700308057996962,37006,12458451,2041,2,0.9999459576307825,0.9998362022944198,5.404236921746649e-05,0.00016379770558016488,0.0029615563480391315,0.9999459576307825,0.005905621918752616,UK (Smaller),Switzerland
1.6890084285928746,37006,12459057,1435,2,0.9999459576307825,0.9998848360080805,5.404236921746649e-05,0.0001151639919194202,0.002961412726552355,0.9999459576307825,0.005905336369673483,UK (Smaller),Switzerland
1.707986051386053,37007,12459517,975,1,0.9999729788153913,0.9999217526884171,2.7021184608733246e-05,7.824731158288132e-05,0.0029613835015241037,0.9999729788153913,0.005905278735475364,UK (Smaller),Switzerland
1.7269636741792314,37008,12459837,655,0,1.0,0.9999474338573469,0.0,5.256614265311514e-05,0.0029613874541934383,1.0,0.005905287065358114,UK (Smaller),Switzerland
1.7459412969724097,37008,12460081,411,0,1.0,0.9999670157486559,0.0,3.2984251344168434e-05,0.0029613296344452697,1.0,0.005905172107731414,UK (Smaller),Switzerland
1.7649189197655881,37008,12460260,232,0,1.0,0.9999813811525259,0.0,1.861884747408048e-05,0.0029612872189345705,1.0,0.005905087776908694,UK (Smaller),Switzerland
1.7838965425587665,37008,12460365,127,0,1.0,0.999989807786081,0.0,1.0192213919000952e-05,0.002961262338893142,1.0,0.005905038310228484,UK (Smaller),Switzerland
1.802874165351945,37008,12460438,54,0,1.0,0.9999956663027431,0.0,4.333697256898042e-06,0.002961245041586897,1.0,0.005905003919596339,UK (Smaller),Switzerland
1.821851788145123,37008,12460468,24,0,1.0,0.9999980739123303,0.0,1.9260876697324634e-06,0.0029612379331634643,1.0,0.005904989786575977,UK (Smaller),Switzerland
1.8408294109383014,37008,12460485,7,0,1.0,0.9999994382244297,0.0,5.617755703386351e-07,0.002961233905072001,1.0,0.005904981777894469,UK (Smaller),Switzerland
1.8598070337314798,37008,12460490,2,0,1.0,0.9999998394926942,0.0,1.605073058110386e-07,0.0029612327203413034,1.0,0.005904979422404043,UK (Smaller),Switzerland
1.8787846565246582,37008,12460491,1,0,1.0,0.999999919746347,0.0,8.02536529055193e-08,0.0029612324833952776,1.0,0.005904978951306182,UK (Smaller),Switzerland
0.0,0,0,12445560,51940,0.0,0.0,1.0,1.0,,0.0,,Switzerland,UK
0.019995478668598212,11115,1686220,10759340,40825,0.213996919522526,0.13548767592619376,0.786003080477474,0.8645123240738063,0.00654850103250095,0.213996919522526,0.012708121936230724,Switzerland,UK
0.039990957337196424,17893,2946200,9499360,34047,0.34449364651520986,0.23672699340166292,0.6555063534847901,0.7632730065983371,0.0060365852218537,0.34449364651520986,0.011865254789984063,Switzerland,UK
0.05998643600579463,21852,3801554,8644006,30088,0.42071621101270695,0.3054546360308415,0.579283788987293,0.6945453639691584,0.0057153229345771805,0.42071621101270695,0.011277444646232879,Switzerland,UK
0.07998191467439285,24740,4462903,7982657,27200,0.47631882941855985,0.3585939885388845,0.5236811705814401,0.6414060114611154,0.005512916245788714,0.47631882941855985,0.010899679552064586,Switzerland,UK
0.09997739334299106,26929,5007522,7438038,25011,0.5184636118598382,0.40235409254384696,0.4815363881401617,0.5976459074561531,0.005348944701219657,0.5184636118598382,0.010588647235338377,Switzerland,UK
0.11997287201158927,28757,5487557,6958003,23183,0.5536580670003851,0.4409248760200425,0.44634193299961494,0.5590751239799575,0.005213082504005392,0.5536580670003851,0.010328911001545546,Switzerland,UK
0.13996835068018748,30455,5920808,6524752,21485,0.5863496341933,0.4757365679005203,0.41365036580670006,0.5242634320994797,0.005117401129810597,0.5863496341933,0.0101462502600695,Switzerland,UK
0.1599638293487857,31911,6308558,6137002,20029,0.6143819792067771,0.5068922571583762,0.38561802079322294,0.49310774284162384,0.005032908448886037,0.6143819792067771,0.009984029494983816,Switzerland,UK
0.1799593080173839,33275,6658695,5786865,18665,0.6406430496726992,0.5350257441207948,0.35935695032730075,0.4649742558792051,0.004972377341799201,0.6406430496726992,0.009868162534790647,Switzerland,UK
0.19995478668598213,34411,6972792,5472768,17529,0.6625144397381594,0.5602634192434892,0.33748556026184057,0.43973658075651073,0.004910803925617682,0.6625144397381594,0.009749342094359046,Switzerland,UK
0.21995026535458034,35499,7258399,5187161,16441,0.683461686561417,0.5832119245739043,0.31653831343858296,0.41678807542609575,0.004866944944938906,0.683461686561417,0.00966506476184201,Switzerland,UK
0.23994574402317853,36419,7520759,4924801,15521,0.7011744320369657,0.604292534847769,0.2988255679630343,0.395707465152231,0.004819126928067593,0.7011744320369657,0.009572462931971878,Switzerland,UK
0.2599412226917768,37271,7764908,4680652,14669,0.7175779745860609,0.6239098923632203,0.2824220254139392,0.3760901076367797,0.00477699883583804,0.7175779745860609,0.009490816220126026,Switzerland,UK
0.27993670136037496,38074,7993219,4452341,13866,0.7330381209087409,0.6422546675280181,0.2669618790912591,0.357745332471982,0.00474070613536326,0.7330381209087409,0.00942048806461474,Switzerland,UK
0.2999321800289732,38756,8206739,4238821,13184,0.7461686561417019,0.6594109867294039,0.25383134385829803,0.3405890132705961,0.004700263598486204,0.7461686561417019,0.009341682098142378,Switzerland,UK
0.3199276586975714,39433,8407885,4037675,12507,0.7592029264536003,0.6755730557725004,0.2407970735463997,0.3244269442274996,0.004668108860113944,0.7592029264536003,0.009279162957519353,Switzerland,UK
0.3399231373661696,40105,8597720,3847840,11835,0.7721409318444359,0.6908262866435901,0.22785906815556412,0.30917371335640986,0.004642951205888056,0.7721409318444359,0.009230399211025845,Switzerland,UK
0.3599186160347678,40716,8773937,3671623,11224,0.7839045051983058,0.7049853120309573,0.21609549480169427,0.2950146879690428,0.004619126810777464,0.7839045051983058,0.009184136454667537,Switzerland,UK
0.379914094703366,41267,8939474,3506086,10673,0.7945128994994224,0.7182862000584948,0.20548710050057759,0.28171379994150525,0.004595055129637967,0.7945128994994224,0.009137265004709013,Switzerland,UK
0.39990957337196426,41840,9097051,3348509,10100,0.8055448594532153,0.7309475025631631,0.19445514054678475,0.2690524974368369,0.004578236024480432,0.8055448594532153,0.00910472622116542,Switzerland,UK
0.41990505204056244,42348,9246774,3198786,9592,0.8153253754331922,0.7429777366386084,0.18467462456680786,0.25702226336139156,0.004558880807034292,0.8153253754331922,0.00906706325255094,Switzerland,UK
0.4399005307091607,42826,9387112,3058448,9114,0.8245283018867925,0.7542538865266006,0.17547169811320754,0.24574611347339934,0.004541493273868821,0.8245283018867925,0.009033231602431501,Switzerland,UK
0.4598960093777589,43281,9517095,2928465,8659,0.833288409703504,0.7646980127852825,0.16671159029649596,0.23530198721471754,0.0045271232010121775,0.833288409703504,0.009005321922417032,Switzerland,UK
0.47989148804635706,43690,9638787,2806773,8250,0.8411628802464381,0.7744759576909356,0.1588371197535618,0.22552404230906445,0.004512275113072822,0.8411628802464381,0.008976397867484,Switzerland,UK
0.4998869667149553,44117,9752570,2692990,7823,0.8493839045051983,0.7836184149206624,0.1506160954948017,0.21638158507933752,0.004503257070476989,0.8493839045051983,0.008959015302336053,Switzerland,UK
0.5198824453835535,44460,9860433,2585127,7480,0.855987678090104,0.7922852005052404,0.14401232190989605,0.20771479949475957,0.004488690589590417,0.855987678090104,0.008930550507375186,Switzerland,UK
0.5398779240521517,44771,9963455,2482105,7169,0.8619753561802079,0.800563012029993,0.13802464381979207,0.19943698797000697,0.0044734201645726225,0.8619753561802079,0.008900648359082742,Switzerland,UK
0.5598734027207499,45055,10064145,2381415,6885,0.867443203696573,0.8086534474945282,0.13255679630342704,0.19134655250547183,0.004456831401099988,0.867443203696573,0.008868099445534653,Switzerland,UK
0.5798688813893481,45362,10161885,2283675,6578,0.8733538698498268,0.8165068506358895,0.12664613015017329,0.18349314936411057,0.0044440974143174945,0.8733538698498268,0.008843195859476974,Switzerland,UK
0.5998643600579464,45663,10258869,2186691,6277,0.8791490180978052,0.8242995092225661,0.12085098190219484,0.17570049077743388,0.00443135117635619,0.8791490180978052,0.00881825393821371,Switzerland,UK
0.6198598387265446,45939,10352808,2092752,6001,0.8844628417404697,0.8318475022417633,0.11553715825953023,0.16815249775823668,0.004417743791631819,0.8844628417404697,0.008791575137596219,Switzerland,UK
0.6398553173951428,46200,10443244,2002316,5740,0.889487870619946,0.839114029420934,0.1105121293800539,0.16088597057906595,0.0044044279182004304,0.889487870619946,0.008765452430155281,Switzerland,UK
0.659850796063741,46468,10529752,1915808,5472,0.8946476703889102,0.8460649420355533,0.10535232961108972,0.15393505796444676,0.004393630238402757,0.8946476703889102,0.008744316984313372,Switzerland,UK
0.6798462747323392,46706,10612595,1832965,5234,0.8992298806314979,0.8527213721198564,0.10077011936850212,0.1472786278801436,0.004381713209899974,0.8992298806314979,0.008720931589532903,Switzerland,UK
0.6998417534009375,46933,10691620,1753940,5007,0.9036003080477474,0.8590710261330146,0.0963996919522526,0.1409289738669855,0.004370514351421462,0.9036003080477474,0.008698953792009318,Switzerland,UK
0.7198372320695356,47167,10767885,1677675,4773,0.9081055063534847,0.8651989143116099,0.09189449364651521,0.13480108568839008,0.004361236543291702,0.9081055063534847,0.00868078305385704,Switzerland,UK
0.7398327107381338,47398,10841917,1603643,4542,0.9125529457065845,0.8711473810740538,0.08744705429341548,0.1288526189259463,0.004352707218038968,0.9125529457065845,0.00866408835183898,Switzerland,UK
0.759828189406732,47581,10912932,1532628,4359,0.9160762418174817,0.8768534320673397,0.0839237581825183,0.12314656793266032,0.004341128923436339,0.9160762418174817,0.008641308162677289,Switzerland,UK
0.7798236680753303,47758,10980014,1465546,4182,0.9194840200231036,0.8822434667463738,0.08051597997689641,0.11775653325362619,0.00433070252087185,0.9194840200231036,0.008620801695928559,Switzerland,UK
0.7998191467439285,47893,11043757,1401803,4047,0.9220831728917982,0.8873652129755512,0.07791682710820177,0.11263478702444887,0.004317932859403245,0.9220831728917982,0.008595614160248179,Switzerland,UK
0.8198146254125267,48038,11103515,1342045,3902,0.9248748556026184,0.8921667646935936,0.07512514439738159,0.10783323530640646,0.0043077408142166386,0.9248748556026184,0.008575539789242517,Switzerland,UK
0.8398101040811249,48166,11160549,1285011,3774,0.9273392375818252,0.8967494431749153,0.07266076241817482,0.1032505568250846,0.0042971919617904464,0.9273392375818252,0.008554742153098555,Switzerland,UK
0.8598055827497231,48312,11216015,1229545,3628,0.9301501732768579,0.9012061329502248,0.06984982672314209,0.09879386704977518,0.004288937989815104,0.9301501732768579,0.008538504791376874,Switzerland,UK
0.8798010614183214,48437,11268999,1176561,3503,0.932556796303427,0.905463394174308,0.06744320369657297,0.09453660582569205,0.004279856320813301,0.932556796303427,0.008520608342973265,Switzerland,UK
0.8997965400869196,48561,11319392,1126168,3379,0.9349441663457836,0.9095124687036984,0.0650558336542164,0.09048753129630166,0.004271745317736623,0.9349441663457836,0.00850463309945198,Switzerland,UK
0.9197920187555177,48692,11367273,1078287,3248,0.937466307277628,0.9133597041836606,0.06253369272237197,0.08664029581633932,0.004265254842669893,0.937466307277628,0.00849187362469431,Switzerland,UK
0.9397874974241159,48807,11412419,1033141,3133,0.9396804004620716,0.9169871825775618,0.06031959953792838,0.0830128174224382,0.00425844495170063,0.9396804004620716,0.008478467174016253,Switzerland,UK
0.9597829760927141,48930,11455956,989604,3010,0.9420485175202157,0.9204853779179081,0.057951482479784364,0.07951462208209192,0.0042529756487808745,0.9420485175202157,0.008467722885158954,Switzerland,UK
0.9797784547613124,49047,11497318,948242,2893,0.9443011166730844,0.9238088121386261,0.05569888332691567,0.07619118786137385,0.0042478303777855626,0.9443011166730844,0.008457615142902346,Switzerland,UK
0.9997739334299106,49175,11537472,908088,2765,0.9467654986522911,0.927035183631753,0.05323450134770889,0.07296481636824699,0.004244109620324154,0.9467654986522911,0.008450338516178983,Switzerland,UK
1.0197694120985088,49271,11577587,867973,2669,0.9486137851366961,0.9302584214772176,0.05138621486330381,0.06974157852278243,0.004237688290336048,0.9486137851366961,0.008437683398582628,Switzerland,UK
1.039764890767107,49366,11616920,828640,2574,0.9504428186368887,0.933418825669556,0.04955718136311128,0.06658117433044394,0.004231509496681292,0.9504428186368887,0.008425507410422022,Switzerland,UK
1.0597603694357052,49474,11655890,789670,2466,0.9525221409318444,0.9365500628336532,0.04747785906815556,0.06344993716634688,0.0042266092707582605,0.9525221409318444,0.008415874931872137,Switzerland,UK
1.0797558481043035,49593,11693399,752161,2347,0.9548132460531382,0.9395639087353241,0.045186753946861766,0.06043609126467592,0.004223199675176479,0.9548132460531382,0.008409204902580191,Switzerland,UK
1.0997513267729018,49712,11729931,715629,2228,0.957104351174432,0.9424992527455575,0.04289564882556796,0.05750074725444255,0.004220161850405823,0.957104351174432,0.00840327114300766,Switzerland,UK
1.1197468054414998,49828,11765272,680288,2112,0.9593376973430882,0.9453388999771806,0.04066230265691182,0.05466110002281938,0.004217315130637912,0.9593376973430882,0.008397713330367132,Switzerland,UK
1.1397422841100981,49924,11800419,645141,2016,0.9611859838274932,0.9481629593204324,0.03881401617250674,0.05183704067956765,0.004212873838335312,0.9611859838274932,0.00838897882028179,Switzerland,UK
1.1597377627786962,50026,11836096,609464,1914,0.9631497882171737,0.9510296041319153,0.03685021178282634,0.04897039586808468,0.004208773896145437,0.9631497882171737,0.008380924810073862,Switzerland,UK
1.1797332414472945,50120,11871942,573618,1820,0.9649595687331537,0.9539098280832683,0.03504043126684636,0.04609017191673175,0.00420397075606552,0.9649595687331537,0.008371470123355583,Switzerland,UK
1.1997287201158928,50232,11907957,537603,1708,0.9671159029649595,0.9568036311744912,0.03288409703504043,0.043196368825508855,0.004200636066213705,0.9671159029649595,0.008364939294157457,Switzerland,UK
1.219724198784491,50348,11943149,502411,1592,0.9693492491336158,0.9596313062650456,0.030650750866384288,0.040368693734954476,0.004197941601186043,0.9693492491336158,0.008359680101269884,Switzerland,UK
1.2397196774530892,50456,11977571,467989,1484,0.9714285714285714,0.9623971119017545,0.02857142857142857,0.03760288809824548,0.004194869200077452,0.9714285714285714,0.008353665204548985,Switzerland,UK
1.2597151561216873,50568,12009898,435662,1372,0.9735849056603774,0.9649945844140401,0.026415094339622643,0.03500541558595997,0.004192872812708895,0.9735849056603774,0.008349786161395185,Switzerland,UK
1.2797106347902856,50650,12039640,405920,1290,0.9751636503658067,0.9673843523312732,0.0248363496341933,0.03261564766872684,0.0041893122497475245,0.9751636503658067,0.008342783821423248,Switzerland,UK
1.2997061134588839,50734,12067596,377964,1206,0.9767809010396612,0.969630615255561,0.023219098960338854,0.030369384744438982,0.004186550457034922,0.9767809010396612,0.008337366385462279,Switzerland,UK
1.319701592127482,50795,12094952,350608,1145,0.9779553330766269,0.9718286682158135,0.022044666923373122,0.028171331784186487,0.004182122351140691,0.9779553330766269,0.008328628206314852,Switzerland,UK
1.3396970707960802,50868,12121980,323580,1072,0.9793608009241432,0.9740003663957266,0.02063919907585676,0.02599963360427333,0.004178808443184372,0.9793608009241432,0.00832210750812202,Switzerland,UK
1.3596925494646783,50945,12148260,297300,995,0.9808432807085098,0.9761119628204757,0.019156719291490182,0.023888037179524264,0.004176091802703537,0.9808432807085098,0.008316773656666377,Switzerland,UK
1.3796880281332766,50991,12173341,272219,949,0.9817289179822872,0.9781272196670941,0.018271082017712745,0.02187278033290587,0.004171270871897131,0.9817289179822872,0.00830724506592881,Switzerland,UK
1.399683506801875,51057,12197591,247969,883,0.9829996149403157,0.9800757057135235,0.01700038505968425,0.019924294286476463,0.0041683784202142145,0.9829996149403157,0.008301554364718173,Switzerland,UK
1.419678985470473,51128,12220324,225236,812,0.984366576819407,0.9819023009008835,0.015633423180592992,0.018097699099116474,0.004166418122321629,0.984366576819407,0.008297715434192145,Switzerland,UK
1.4396744641390713,51199,12241957,203603,741,0.9857335386984982,0.9836405111541787,0.014266461301501733,0.01635948884582132,0.0041648377357287256,0.9857335386984982,0.008294629705593217,Switzerland,UK
1.4596699428076694,51268,12262273,183287,672,0.9870619946091644,0.9852729005364163,0.01293800539083558,0.0147270994635838,0.00416354645670161,0.9870619946091644,0.008292115769697921,Switzerland,UK
1.4796654214762677,51333,12281408,164152,607,0.9883134385829804,0.9868103966394441,0.011686561417019637,0.013189603360555894,0.004162335039712583,0.9883134385829804,0.00828975732196897,Switzerland,UK
1.499660900144866,51393,12299473,146087,547,0.9894686176357336,0.9882619183066089,0.010531382364266461,0.011738081693391057,0.004161084736892134,0.9894686176357336,0.008287318208476373,Switzerland,UK
1.519656378813464,51449,12316832,128728,491,0.9905467847516365,0.9896567129160921,0.009453215248363496,0.010343287083907835,0.004159753485549042,0.9905467847516365,0.0082847157067495,Switzerland,UK
1.5396518574820623,51514,12332553,113007,426,0.9917982287254524,0.9909198943237588,0.008201771274547555,0.009080105676241165,0.0041596997173868645,0.9917982287254524,0.008284652782842596,Switzerland,UK
1.5596473361506606,51566,12346659,98901,374,0.9927993839045052,0.9920533105782303,0.007200616095494801,0.007946689421769692,0.004159143748399469,0.9927993839045052,0.008283584996664704,Switzerland,UK
1.5796428148192587,51612,12359510,86050,328,0.9936850211782826,0.9930858876579278,0.006314978821717366,0.006914112342072193,0.004158528133072901,0.9936850211782826,0.008282394807953295,Switzerland,UK
1.599638293487857,51649,12370707,74853,291,0.9943973815941471,0.9939855659367678,0.005602618405852907,0.0060144340632321885,0.004157745921949106,0.9943973815941471,0.008280868114721666,Switzerland,UK
1.619633772156455,51684,12380610,64950,256,0.9950712360415864,0.9947812713931715,0.004928763958413554,0.00521872860682846,0.004157237594284691,0.9950712360415864,0.008279883251147008,Switzerland,UK
1.6396292508250534,51712,12389189,56371,228,0.9956103195995379,0.9954705935289372,0.0043896804004620715,0.004529406471062773,0.004156612129619873,0.9956103195995379,0.008278661354931199,Switzerland,UK
1.6596247294936517,51742,12396717,48843,198,0.9961879091259145,0.996075467877701,0.0038120908740854834,0.003924532122299037,0.004156498406750586,0.9961879091259145,0.008278455751692405,Switzerland,UK
1.6796202081622498,51773,12403209,42351,167,0.9967847516365037,0.9965970996885636,0.003215248363496342,0.0034029003114363675,0.004156810503620158,0.9967847516365037,0.008279095368148933,Switzerland,UK
1.699615686830848,51797,12408902,36658,143,0.9972468232576049,0.9970545318973192,0.002753176742395071,0.0029454681026807954,0.0041568294041931355,0.9972468232576049,0.00827914878707841,Switzerland,UK
1.7196111654994461,51817,12413896,31664,123,0.997631882941856,0.9974557994979736,0.0023681170581440125,0.0025442005020264256,0.004156761831433148,0.997631882941856,0.008279028025461323,Switzerland,UK
1.7396066441680444,51833,12418236,27324,107,0.9979399306892568,0.9978045182378293,0.002060069310743165,0.0021954817621706053,0.004156592878515749,0.9979399306892568,0.008278703521136266,Switzerland,UK
1.7596021228366427,51849,12421992,23568,91,0.9982479784366577,0.9981063126126908,0.001752021563342318,0.001893687387309209,0.004156618638958121,0.9982479784366577,0.008278765212324884,Switzerland,UK
1.7795976015052408,51861,12425279,20281,79,0.9984790142472083,0.9983704228656646,0.0015209857527916828,0.0016295771343354578,0.0041564813731351895,0.9984790142472083,0.008278500895516669,Switzerland,UK
1.7995930801738391,51871,12428608,16952,69,0.9986715440893339,0.9986379078161207,0.0013284559106661533,0.001362092183879231,0.004156170608515907,0.9986715440893339,0.008277891123812569,Switzerland,UK
1.8195885588424372,51882,12431761,13799,58,0.9988833269156719,0.9988912511771266,0.0011166730843280709,0.001108748822873378,0.004155998373231276,0.9988833269156719,0.008277556775779796,Switzerland,UK
1.8395840375110355,51894,12434601,10959,46,0.9991143627262226,0.999119445006894,0.0008856372737774355,0.0008805549931059751,0.0041560101533697005,0.9991143627262226,0.008277588072195613,Switzerland,UK
1.8595795161796338,51904,12437263,8297,36,0.9993068925683481,0.9993333365473309,0.000693107431651906,0.0006666634526690643,0.004155921687971664,0.9993068925683481,0.008277419210281836,Switzerland,UK
1.8795749948482319,51912,12439885,5675,28,0.9994609164420485,0.9995440140901655,0.0005390835579514825,0.0004559859098345113,0.004155687128120958,0.9994609164420485,0.00827695925066031,Switzerland,UK
1.8995704735168302,51930,12442260,3300,10,0.9998074701578745,0.9997348451978055,0.00019252984212552945,0.00026515480219451755,0.004156331863049946,0.9998074701578745,0.008278249946397814,Switzerland,UK
1.9195659521854282,51937,12443895,1665,3,0.9999422410473623,0.9998662173498019,5.775895263765884e-05,0.00013378265019814295,0.00415634589197422,0.9999422410473623,0.00827828239148751,Switzerland,UK
1.9395614308540265,51938,12444812,748,2,0.9999614940315749,0.9999398982448359,3.850596842510589e-05,6.010175516409065e-05,0.004156120591353752,0.9999614940315749,0.008277836172540718,Switzerland,UK
1.9595569095226248,51939,12445427,133,1,0.9999807470157874,0.9999893134579722,1.9252984212552947e-05,1.0686542027839647e-05,0.00415599575142474,0.9999807470157874,0.008277589214893636,Switzerland,UK
1.9795523881912231,51940,12445559,1,0,1.0,0.99999991965006,0.0,8.034994005894471e-08,0.004156031538790281,1.0,0.008277660857987356,Switzerland,UK
0.0,0,0,12486147,11353,0.0,0.0,1.0,1.0,,0.0,,Switzerland,Germany
0.01995026944863676,5,115,12486032,11348,0.0004404122258433894,9.210207119938601e-06,0.9995595877741567,0.99999078979288,0.041666666666666664,0.0004404122258433894,0.0008716116098666435,Switzerland,Germany
0.03990053889727352,58,16921,12469226,11295,0.005108781819783317,0.0013551818667520091,0.9948912181802166,0.998644818133248,0.0034159844513811178,0.005108781819783317,0.00409431032048567,Switzerland,Germany
0.05985080834591028,265,145431,12340716,11088,0.02334184796969964,0.011647388101389483,0.9766581520303004,0.9883526118986106,0.0018188556995387658,0.02334184796969964,0.0033747429146317393,Switzerland,Germany
0.07980107779454704,687,444694,12041453,10666,0.060512639830881704,0.035614989956469355,0.9394873601691183,0.9643850100435306,0.0015424995677857834,0.060512639830881704,0.0030083155622309702,Switzerland,Germany
0.0997513472431838,1193,863046,11623101,10160,0.10508235708623272,0.06912028186116982,0.8949176429137673,0.9308797181388302,0.0013804051888424383,0.10508235708623272,0.0027250134765964057,Switzerland,Germany
0.11970161669182056,1756,1333555,11152592,9597,0.15467277371619836,0.10680276309417149,0.8453272262838016,0.8931972369058285,0.0013150494528989876,0.15467277371619836,0.002607925956289023,Switzerland,Germany
0.13965188614045732,2303,1820612,10665535,9050,0.20285387122346515,0.14581055308735352,0.7971461287765348,0.8541894469126464,0.0012633611550730561,0.20285387122346515,0.0025110834403696733,Switzerland,Germany
0.15960215558909407,2808,2304574,10181573,8545,0.24733550603364748,0.18457046837587288,0.7526644939663525,0.8154295316241271,0.0012169636410442658,0.24733550603364748,0.002422010277155432,Switzerland,Germany
0.17955242503773083,3284,2777386,9708761,8069,0.2892627499339382,0.222437394017546,0.7107372500660618,0.777562605982454,0.0011810103320422775,0.2892627499339382,0.002352416151299613,Switzerland,Germany
0.1995026944863676,3735,3232690,9253457,7618,0.32898793270501187,0.2589021256917767,0.6710120672949881,0.7410978743082234,0.001154051152120009,0.32898793270501187,0.002300034054051724,Switzerland,Germany
0.21945296393500435,4198,3667066,8819081,7155,0.36977010481810973,0.2936907598476936,0.6302298951818902,0.7063092401523063,0.0011434753806863248,0.36977010481810973,0.002279900407780662,Switzerland,Germany
0.2394032333836411,4594,4082028,8404119,6759,0.40465075310490617,0.3269245508642498,0.5953492468950938,0.6730754491357502,0.0011241558431389054,0.40465075310490617,0.002242082980008419,Switzerland,Germany
0.25935350283227787,4976,4475271,8010876,6377,0.4382982471593411,0.3584188941552586,0.5617017528406588,0.6415811058447414,0.0011106530510483015,0.4382982471593411,0.002215691513046576,Switzerland,Germany
0.27930377228091463,5340,4847799,7638348,6013,0.4703602572007399,0.388254198833315,0.5296397427992601,0.611745801166685,0.001100318783368867,0.4703602572007399,0.002195501606334228,Switzerland,Germany
0.2992540417295514,5673,5201342,7284805,5680,0.4996917114419096,0.4165690184490059,0.5003082885580904,0.583430981550994,0.0010894917721573684,0.4996917114419096,0.002174242981713823,Switzerland,Germany
0.31920431117818815,5993,5535327,6950820,5360,0.5278780938958866,0.4433174621442467,0.4721219061041135,0.5566825378557533,0.0010815112644640627,0.5278780938958866,0.0021586000112018117,Switzerland,Germany
0.3391545806268249,6300,5851305,6634842,5053,0.5549194045626706,0.4686237475820203,0.44508059543732936,0.5313762524179797,0.0010755248945601486,0.5549194045626706,0.0021468887662852583,Switzerland,Germany
0.35910485007546167,6596,6150837,6335310,4757,0.5809918083325993,0.49261289331288505,0.41900819166740066,0.507387106687115,0.0010712256227554567,0.5809918083325993,0.0021385082899617524,Switzerland,Germany
0.3790551195240984,6855,6433925,6052222,4498,0.6038051616312868,0.5152850595143562,0.3961948383687131,0.4847149404856438,0.0010643120864243152,0.6038051616312868,0.002124878702903366,Switzerland,Germany
0.3990053889727352,7098,6701867,5784280,4255,0.6252091958072756,0.5367442013937526,0.37479080419272437,0.4632557986062474,0.001057987334857165,0.6252091958072756,0.0021124000382124774,Switzerland,Germany
0.41895565842137195,7312,6956416,5529731,4041,0.6440588390733727,0.5571307145430853,0.3559411609266273,0.4428692854569148,0.0010500122922664412,0.6440588390733727,0.0020966064766846436,Switzerland,Germany
0.4389059278700087,7527,7196688,5289459,3826,0.6629965647846384,0.5763738005006669,0.3370034352153616,0.42362619949933317,0.0010448050203943108,0.6629965647846384,0.002086322241021081,Switzerland,Germany
0.45885619731864546,7722,7424148,5061999,3631,0.6801726415925307,0.5945907892963298,0.3198273584074694,0.40540921070367025,0.0010390386268866382,0.6801726415925307,0.0020749076038699904,Switzerland,Germany
0.4788064667672822,7894,7640994,4845153,3459,0.6953228221615432,0.6119577160192011,0.30467717783845677,0.3880422839807989,0.0010320454424224803,0.6953228221615432,0.0020610317612722627,Switzerland,Germany
0.498756736215919,8078,7846127,4640020,3275,0.7115299920725799,0.6283865631247173,0.28847000792742006,0.37161343687528264,0.0010284936540362773,0.7115299920725799,0.002054018290882859,Switzerland,Germany
0.5187070056645557,8225,8041304,4444843,3128,0.7244781115123756,0.6440180465599196,0.27552188848762443,0.35598195344008043,0.001021798915191187,0.7244781115123756,0.002040719613560898,Switzerland,Germany
0.5386572751131925,8377,8226550,4259597,2976,0.7378666431780146,0.6588541685437469,0.26213335682198535,0.3411458314562531,0.0010172524905199523,0.7378666431780146,0.002031703992588173,Switzerland,Germany
0.5586075445618293,8533,8402120,4084027,2820,0.7516075046243283,0.6729153517093784,0.24839249537567162,0.3270846482906216,0.0010145466707519619,0.7516075046243283,0.0020263580909346303,Switzerland,Germany
0.578557814010466,8671,8569896,3916251,2682,0.7637628820576059,0.6863523230985508,0.23623711794239408,0.31364767690144923,0.0010107748765032668,0.7637628820576059,0.0020188779406560245,Switzerland,Germany
0.5985080834591028,8807,8729147,3757000,2546,0.7757420946005461,0.6991065378294842,0.2242579053994539,0.3008934621705159,0.001007901849792297,0.7757420946005461,0.0020131880159194324,Switzerland,Germany
0.6184583529077395,8933,8880908,3605239,2420,0.7868404826917995,0.7112608877662581,0.21315951730820049,0.28873911223374193,0.0010048548674830068,0.7868404826917995,0.00200714645698094,Switzerland,Germany
0.6384086223563763,9052,9024977,3461170,2301,0.7973222936668722,0.7227991949798445,0.20267770633312782,0.27720080502015554,0.001001989256399332,0.7973222936668722,0.002001463288117627,Switzerland,Germany
0.6583588918050131,9155,9161706,3324441,2198,0.806394785519246,0.7337496507129061,0.193605214480754,0.2662503492870939,0.0009982705004470136,0.806394785519246,0.001994072453549874,Switzerland,Germany
0.6783091612536498,9261,9292916,3193231,2092,0.8157315247071258,0.7442580965929682,0.18426847529287413,0.2557419034070318,0.0009955734017961602,0.8157315247071258,0.0019887196369153264,Switzerland,Germany
0.6982594307022866,9356,9418045,3068102,1997,0.8240993569981503,0.7542795227382795,0.17590064300184974,0.24572047726172053,0.0009924262264859637,0.8240993569981503,0.0019824650584176684,Switzerland,Germany
0.7182097001509233,9474,9536885,2949262,1879,0.8344930855280542,0.7637972706872664,0.16550691447194574,0.23620272931273353,0.0009924202515325475,0.8344930855280542,0.001982482836896529,Switzerland,Germany
0.7381599695995601,9550,9650518,2835629,1803,0.8411873513608737,0.7728979964756141,0.15881264863912622,0.22710200352438586,0.000988605877308524,0.8411873513608737,0.0019748907632084257,Switzerland,Germany
0.7581102390481969,9644,9759714,2726433,1709,0.8494671012067295,0.7816433684466473,0.1505328987932705,0.2183566315533527,0.0009871682458560736,0.8494671012067295,0.001972044772614179,Switzerland,Germany
0.7780605084968336,9719,9864007,2622140,1634,0.8560732845943804,0.7899960652393409,0.14392671540561966,0.21000393476065915,0.0009843295226138543,0.8560732845943804,0.0019663980429493787,Switzerland,Germany
0.7980107779454704,9797,9963898,2522249,1556,0.8629437153175372,0.7979962113212347,0.13705628468246278,0.20200378867876537,0.0009822838977931448,0.8629437153175372,0.0019623340819192856,Switzerland,Germany
0.8179610473941071,9861,10058853,2427294,1492,0.8685809918083326,0.8056010392957892,0.1314190081916674,0.19439896070421084,0.0009793703545457743,0.8685809918083326,0.001956534614303655,Switzerland,Germany
0.8379113168427439,9936,10150893,2335254,1417,0.8751871751959834,0.8129724085420427,0.12481282480401656,0.18702759145795736,0.000977872966861267,0.8751871751959834,0.001953563158818826,Switzerland,Germany
0.8578615862913807,10010,10238416,2247731,1343,0.8817052761384656,0.8199820168703764,0.11829472386153439,0.18001798312962358,0.0009767353542875755,0.8817052761384656,0.0019513090876518882,Switzerland,Germany
0.8778118557400174,10070,10322125,2164022,1283,0.8869902228485863,0.8266861666773585,0.11300977715141372,0.1733138333226415,0.0009746234948140255,0.8869902228485863,0.0019471075108850465,Switzerland,Germany
0.8977621251886542,10137,10402585,2083562,1216,0.8928917466748877,0.833130108111013,0.1071082533251123,0.16686989188898704,0.0009735206605919183,0.8928917466748877,0.0019449207723467074,Switzerland,Germany
0.9177123946372909,10193,10480521,2005626,1160,0.8978243636043337,0.8393719055205742,0.10217563639566635,0.1606280944794259,0.0009716211880335313,0.8978243636043337,0.0019411416819184262,Switzerland,Germany
0.9376626640859277,10252,10554757,1931390,1101,0.9030212278692856,0.845317374527146,0.09697877213071435,0.15468262547285402,0.0009703730493745912,0.9030212278692856,0.0019386628407764407,Switzerland,Germany
0.9576129335345644,10307,10626368,1859779,1046,0.907865762353563,0.8510526105451105,0.09213423764643706,0.1489473894548895,0.0009690058218381214,0.907865762353563,0.0019359453224578299,Switzerland,Germany
0.9775632029832012,10356,10695217,1790930,997,0.9121818021668282,0.8565666414146814,0.08781819783317185,0.14343335858531858,0.000967346633384313,0.9121818021668282,0.0019326437450440546,Switzerland,Germany
0.997513472431838,10397,10761530,1724617,956,0.915793182418744,0.8618775671950683,0.08420681758125606,0.13812243280493175,0.0009651940641632644,0.915793182418744,0.0019283557507548722,Switzerland,Germany
1.0174637418804746,10446,10825541,1660606,907,0.9201092222320092,0.8670041286555412,0.07989077776799083,0.13299587134445878,0.000964010015885032,0.9201092222320092,0.0019260021350856523,Switzerland,Germany
1.0374140113291115,10495,10887390,1598757,858,0.9244252620452744,0.8719575382221594,0.07557473795472562,0.12804246177784068,0.0009630309000324375,0.9244252620452744,0.0019240573906261832,Switzerland,Germany
1.0573642807777484,10535,10946838,1539309,818,0.9279485598520215,0.8767186546818646,0.07205144014797851,0.12328134531813537,0.0009614530782150064,0.9279485598520215,0.0019209158839413071,Switzerland,Germany
1.077314550226385,10565,11004772,1481375,788,0.9305910332070818,0.881358516762617,0.06940896679291818,0.118641483237383,0.0009591172743965981,0.9305910332070818,0.0019162595484229629,Switzerland,Germany
1.0972648196750217,10606,11060764,1425383,747,0.9342024134589976,0.8858428464761787,0.06579758654100237,0.11415715352382123,0.0009579663582736373,0.9342024134589976,0.0019139700595241802,Switzerland,Germany
1.1172150891236585,10643,11115120,1371027,710,0.9374614639302387,0.8901961509823647,0.0625385360697613,0.1098038490176353,0.000956608549004684,0.9374614639302387,0.001911266794742912,Switzerland,Germany
1.1371653585722954,10677,11167836,1318311,676,0.9404562670659737,0.8944181099261446,0.05954373293402625,0.10558189007385545,0.0009551359827554882,0.9404562670659737,0.001908333844212254,Switzerland,Germany
1.157115628020932,10708,11219340,1266807,645,0.9431868228662028,0.898543001295756,0.05681317713379724,0.10145699870424399,0.000953513288634207,0.9431868228662028,0.0019051006186862295,Switzerland,Germany
1.1770658974695687,10732,11268754,1217393,621,0.945300801550251,0.9025005071620573,0.054699198449748965,0.09749949283794272,0.0009514617953335817,0.945300801550251,0.0019010101906510224,Switzerland,Germany
1.1970161669182056,10763,11316877,1169270,590,0.94803135735048,0.9063546184423426,0.051968642649519954,0.09364538155765746,0.0009501537831357635,0.94803135735048,0.001898404911265048,Switzerland,Germany
1.2169664363668424,10797,11363817,1122330,556,0.9510261604862151,0.9101139847224288,0.0489738395137849,0.08988601527757122,0.0009492190240477611,0.9510261604862151,0.001896545106796814,Switzerland,Germany
1.236916705815479,10826,11410097,1076050,527,0.9535805513961068,0.9138204924225224,0.04641944860389324,0.08617950757747767,0.0009479093765013563,0.9535805513961068,0.0018939360806194672,Switzerland,Germany
1.2568669752641157,10860,11454501,1031646,493,0.9565753545318418,0.9173767536134245,0.0434246454681582,0.08262324638657546,0.0009472008774952659,0.9565753545318418,0.0018925277740649458,Switzerland,Germany
1.2768172447127526,10892,11498099,988048,461,0.9593939927772395,0.9208684632657296,0.040606007222760504,0.07913153673427038,0.0009463905219840731,0.9593939927772395,0.0018909157573766893,Switzerland,Germany
1.2967675141613895,10917,11540808,945339,436,0.9615960539064564,0.9242889740125597,0.038403946093543556,0.07571102598744033,0.000945053660816891,0.9615960539064564,0.001888251553781787,Switzerland,Germany
1.3167177836100261,10946,11582245,903902,407,0.9641504448163482,0.9276076118597675,0.0358495551836519,0.07239238814023254,0.0009441749040449692,0.9641504448163482,0.0018865023907876088,Switzerland,Germany
1.3366680530586628,10963,11622995,863152,390,0.9656478463842156,0.9308712287305283,0.03435215361578437,0.06912877126947167,0.0009423276240123954,0.9656478463842156,0.0018828178998396864,Switzerland,Germany
1.3566183225072996,10984,11663285,822862,369,0.9674975777327579,0.9340980047728095,0.03250242226724214,0.06590199522719058,0.0009408726148078308,0.9674975777327579,0.0018799170467776554,Switzerland,Germany
1.3765685919559365,11004,11701887,784260,349,0.9692592266361314,0.9371895909923214,0.03074077336386858,0.06281040900767867,0.0009394777087911089,0.9692592266361314,0.0018771359586170335,Switzerland,Germany
1.3965188614045732,11022,11740273,745874,331,0.9708447106491677,0.9402638780401993,0.029155289350832378,0.05973612195980073,0.0009379391803201264,0.9708447106491677,0.0018740678119416648,Switzerland,Germany
1.4164691308532098,11043,11777666,708481,310,0.9726944419977098,0.9432586369518154,0.027305558002290144,0.05674136304818452,0.0009367437944222731,0.9726944419977098,0.0018716850809766931,Switzerland,Germany
1.4364194003018467,11061,11814514,671633,292,0.9742799260107461,0.946209747490559,0.025720073989253942,0.05379025250944106,0.0009353456385841703,0.9742799260107461,0.0018688970651844802,Switzerland,Germany
1.4563696697504835,11083,11850909,635238,270,0.9762177398044569,0.9491245778221256,0.02378226019554303,0.050875422177874406,0.0009343287366911055,0.9762177398044569,0.0018668707091388315,Switzerland,Germany
1.4763199391991202,11100,11886279,599868,253,0.9777151413723245,0.9519573171771885,0.022284858627675503,0.04804268282281155,0.0009329785997403293,0.9777151413723245,0.0018641783189007864,Switzerland,Germany
1.4962702086477568,11123,11921238,564909,230,0.9797410376112041,0.9547571400528923,0.020258962388795914,0.045242859947107784,0.0009321709257706836,0.9797410376112041,0.001862569716588994,Switzerland,Germany
1.5162204780963937,11141,11955799,530348,212,0.9813265216242403,0.9575250876030852,0.018673478375759712,0.042474912396914755,0.0009309815207563504,0.9813265216242403,0.001860198276999903,Switzerland,Germany
1.5361707475450306,11165,11989986,496161,188,0.9834405003082886,0.9602630819579491,0.016559499691711443,0.03973691804205092,0.0009303274327604077,0.9834405003082886,0.0018588963633227509,Switzerland,Germany
1.5561210169936672,11185,12023490,462657,168,0.9852021492116622,0.9629463756913962,0.014797850788337884,0.03705362430860377,0.0009293977610529574,0.9852021492116622,0.0018570436661777643,Switzerland,Germany
1.5760712864423039,11197,12056456,429691,156,0.9862591385536863,0.9655865816732736,0.01374086144631375,0.03441341832672641,0.0009278523338382368,0.9862591385536863,0.001853960499729862,Switzerland,Germany
1.5960215558909407,11209,12088509,397638,144,0.9873161278957104,0.9681536666194944,0.012683872104289616,0.03184633338050561,0.0009263852264986672,0.9873161278957104,0.0018510336534233842,Switzerland,Germany
1.6159718253395776,11229,12120404,365743,124,0.9890777767990839,0.9707080975420199,0.010922223200916058,0.02929190245798003,0.0009255967436535543,0.9890777767990839,0.0018494627268778865,Switzerland,Germany
1.6359220947882143,11239,12151292,334855,114,0.9899586012507707,0.9731818790856779,0.01004139874922928,0.026818120914322088,0.0009240675316675452,0.9899586012507707,0.0018464115478675498,Switzerland,Germany
1.655872364236851,11248,12181547,304600,105,0.9907513432572889,0.9756049644457974,0.009248656742711178,0.02439503555420259,0.0009225120245193986,0.9907513432572889,0.0018433077016109603,Switzerland,Germany
1.6758226336854878,11260,12210935,275212,93,0.991808332599313,0.9779586128531084,0.008191667400687042,0.02204138714689167,0.0009212747792029173,0.991808332599313,0.0018408396321328857,Switzerland,Germany
1.6957729031341247,11273,12239569,246578,80,0.9929534043865058,0.9802518743372155,0.00704659561349423,0.019748125662784523,0.0009201816495551898,0.9929534043865058,0.0018386593917320674,Switzerland,Germany
1.7157231725827613,11285,12267278,218869,68,0.99401039372853,0.9824710537205753,0.005989606271470096,0.01752894627942471,0.0009190814918651312,0.99401039372853,0.0018364649522421472,Switzerland,Germany
1.735673442031398,11299,12294113,192034,54,0.9952435479608914,0.9846202355298236,0.004756452039108606,0.015379764470176428,0.0009182138720751487,0.9952435479608914,0.001834735013617618,Switzerland,Germany
1.7556237114800348,11307,12320096,166051,46,0.9959482075222408,0.9867011817176268,0.004051792477759182,0.013298818282373257,0.0009169272952964071,0.9959482075222408,0.0018321677913749573,Switzerland,Germany
1.7755739809286717,11315,12344649,141498,38,0.9966528670835902,0.9886676009821124,0.0033471329164097593,0.011332399017887584,0.0009157521015762105,0.9966528670835902,0.0018298229114689954,Switzerland,Germany
1.7955242503773083,11318,12368101,118046,35,0.9969171144190963,0.9905458425245194,0.0030828855809037258,0.009454157475480627,0.0009142593848709701,0.9969171144190963,0.001826843396036986,Switzerland,Germany
1.815474519825945,11329,12390268,95879,24,0.9978860213159517,0.9923211700134558,0.0021139786840482693,0.007678829986544288,0.000913511380832646,0.9978860213159517,0.0018253517495841038,Switzerland,Germany
1.8354247892745819,11337,12410724,75423,16,0.9985906808773012,0.9939594656381989,0.0014093191226988461,0.006040534361801122,0.0009126504852938655,0.9985906808773012,0.0018236342809786596,Switzerland,Germany
1.8553750587232187,11345,12429293,56854,8,0.9992953404386505,0.9954466337774175,0.0007046595613494231,0.004553366222582515,0.0009119307225240377,0.9992953404386505,0.0018221985544319781,Switzerland,Germany
1.8753253281718554,11348,12445582,40565,5,0.9995595877741567,0.9967511995493886,0.0004404122258433894,0.0032488004506113855,0.0009109788687903039,0.9995595877741567,0.0018202987532445326,Switzerland,Germany
1.895275597620492,11351,12459624,26523,2,0.9998238351096627,0.9978758058831119,0.00017616489033735576,0.0021241941168881,0.000910193469235565,0.9998238351096627,0.001818731249491281,Switzerland,Germany
1.915225867069129,11352,12471256,14891,1,0.9999119175548313,0.9988073983111043,8.808244516867788e-05,0.0011926016888957017,0.0009094253380383331,0.9999119175548313,0.0018171979246613627,Switzerland,Germany
1.9351761365177658,11352,12479932,6215,1,0.9999119175548313,0.9995022483717355,8.808244516867788e-05,0.0004977516282645079,0.0009087936836597423,0.9999119175548313,0.001815936909949477,Switzerland,Germany
1.9551264059664024,11353,12485084,1063,0,1.0,0.9999148656507088,0.0,8.513434929125854e-05,0.0009084989585431432,1.0,0.0018153486747059236,Switzerland,Germany
1.975076675415039,11353,12486146,1,0,1.0,0.9999999199112425,0.0,8.008875756468349e-08,0.0009084217570251456,1.0,0.0018151945518261785,Switzerland,Germany
0.0,0,0,12460492,37008,0.0,0.0,1.0,1.0,,0.0,,Switzerland,Switzerland
0.019970082273386945,307,10205,12450287,36701,0.008295503674881107,0.0008189885279008245,0.9917044963251189,0.9991810114720991,0.029204718417047183,0.008295503674881107,0.01292087542087542,Switzerland,Switzerland
0.03994016454677389,1339,65125,12395367,35669,0.03618136619109382,0.005226519145471944,0.9638186338089062,0.9947734808545281,0.020146244583533944,0.03618136619109382,0.025881397866089378,Switzerland,Switzerland
0.059910246820160835,2529,153006,12307486,34479,0.06833657587548637,0.012279290416461886,0.9316634241245136,0.9877207095835381,0.016260005786478928,0.06833657587548637,0.0262694566927907,Switzerland,Switzerland
0.07988032909354778,3706,267770,12192722,33302,0.10014051015996542,0.021489520638510902,0.8998594898400346,0.978510479361489,0.013651298825678882,0.10014051015996542,0.024027178070823774,Switzerland,Switzerland
0.09985041136693473,4865,402639,12057853,32143,0.13145806312148725,0.032313250552225385,0.8685419368785128,0.9676867494477747,0.011938533118693313,0.13145806312148725,0.02188917284572745,Switzerland,Switzerland
0.11982049364032167,5994,551174,11909318,31014,0.1619649805447471,0.0442337268865467,0.8380350194552529,0.9557662731134533,0.010757976050311575,0.1619649805447471,0.02017584015510556,Switzerland,Switzerland
0.1397905759137086,7091,709346,11751146,29917,0.19160722006052747,0.056927607673918496,0.8083927799394726,0.9430723923260815,0.009897590437121477,0.19160722006052747,0.0188228736005946,Switzerland,Switzerland
0.15976065818709556,8120,874367,11586125,28888,0.21941201902291396,0.0701711457300402,0.780587980977086,0.9298288542699598,0.009201268687244118,0.21941201902291396,0.017661868743168805,Switzerland,Switzerland
0.1797307404604825,9079,1043893,11416599,27929,0.24532533506268914,0.08377622649250126,0.7546746649373108,0.9162237735074987,0.008622261560611298,0.24532533506268914,0.016659021266445258,Switzerland,Switzerland
0.19970082273386947,10049,1216306,11244186,26959,0.2715358841331604,0.09761299955090055,0.7284641158668396,0.9023870004490995,0.008194201515874277,0.2715358841331604,0.01590833355100632,Switzerland,Switzerland
0.2196709050072564,11001,1390773,11069719,26007,0.29726005188067445,0.1116146136123678,0.7027399481193255,0.8883853863876322,0.007847912716315183,0.29726005188067445,0.015292101235628467,Switzerland,Switzerland
0.23964098728064334,11870,1566794,10893698,25138,0.32074146130566367,0.1257409418504502,0.6792585386943364,0.8742590581495497,0.007519016079419053,0.32074146130566367,0.014693576418976126,Switzerland,Switzerland
0.2596110695540303,12764,1743028,10717464,24244,0.34489840034587116,0.1398843641166015,0.6551015996541288,0.8601156358833985,0.0072696538086515945,0.34489840034587116,0.014239178937974118,Switzerland,Switzerland
0.2795811518274172,13633,1919931,10540561,23375,0.3683798097708604,0.15408147607654657,0.6316201902291396,0.8459185239234535,0.0070507105014367254,0.3683798097708604,0.013836591608933854,Switzerland,Switzerland
0.2995512341008042,14379,2097214,10363278,22629,0.38853761348897536,0.16830908442459575,0.6114623865110247,0.8316909155754042,0.006809550893567084,0.38853761348897536,0.013384523231628394,Switzerland,Switzerland
0.3195213163741911,15121,2274823,10185669,21887,0.4085873324686554,0.18256285546349213,0.5914126675313446,0.8174371445365078,0.006603218244638297,0.4085873324686554,0.012996400441435836,Switzerland,Switzerland
0.33949139864757805,15817,2452052,10008440,21191,0.42739407695633375,0.19678613011428442,0.5726059230436662,0.8032138698857156,0.006409173258386081,0.42739407695633375,0.012628963418163846,Switzerland,Switzerland
0.359461480920965,16518,2629754,9830738,20490,0.4463359273670558,0.211047364742901,0.5536640726329443,0.788952635257099,0.006241988729805553,0.4463359273670558,0.012311797501565249,Switzerland,Switzerland
0.37943156319435195,17167,2806557,9653935,19841,0.46387267617812367,0.22523645133755554,0.5361273238218763,0.7747635486624445,0.006079560183644011,0.46387267617812367,0.012001823309558533,Switzerland,Switzerland
0.39940164546773893,17799,2983919,9476573,19209,0.4809500648508431,0.23947039972418424,0.519049935149157,0.7605296002758157,0.005929604313263271,0.4809500648508431,0.01171477783781756,Switzerland,Switzerland
0.41937172774112585,18440,3160831,9299661,18568,0.4982706441850411,0.2536682339670055,0.5017293558149589,0.7463317660329946,0.005800071777460934,0.4982706441850411,0.011466666915401307,Switzerland,Switzerland
0.4393418100145128,19075,3336043,9124449,17933,0.5154290964115866,0.26772963699988733,0.4845709035884133,0.7322703630001127,0.005685344002804074,0.5154290964115866,0.011246634116775144,Switzerland,Switzerland
0.45931189228789976,19656,3511174,8949318,17352,0.5311284046692607,0.2817845394868838,0.4688715953307393,0.7182154605131161,0.005566963008697671,0.5311284046692607,0.011018437496321302,Switzerland,Switzerland
0.4792819745612867,20257,3684095,8776397,16751,0.5473681366191094,0.2956620814009591,0.4526318633808906,0.7043379185990408,0.005468432805521722,0.5473681366191094,0.010828682618085405,Switzerland,Switzerland
0.4992520568346736,20801,3856510,8603982,16207,0.5620676610462603,0.30949901496666427,0.43793233895373973,0.6905009850333358,0.005364800502203718,0.5620676610462603,0.01062815779705231,Switzerland,Switzerland
0.5192221391080606,21360,4027820,8432672,15648,0.5771725032425421,0.32324726824590877,0.42282749675745784,0.6767527317540912,0.005275142127541873,0.5771725032425421,0.010454731891924699,Switzerland,Switzerland
0.5391922213814475,21921,4197477,8263015,15087,0.5923313878080415,0.33686286223690043,0.4076686121919585,0.6631371377630996,0.005195290892207846,0.5923313878080415,0.010300239215901867,Switzerland,Switzerland
0.5591623036548344,22411,4366329,8094163,14597,0.6055717682663208,0.3504138520373032,0.3944282317336792,0.6495861479626969,0.005106477029853671,0.6055717682663208,0.010127553579643485,Switzerland,Switzerland
0.5791323859282214,22944,4534406,7926086,14064,0.6199740596627756,0.3639026452567041,0.38002594033722437,0.6360973547432959,0.005034504701196967,0.6199740596627756,0.009987902553523257,Switzerland,Switzerland
0.5991024682016084,23392,4700095,7760397,13616,0.6320795503674881,0.3771997927529667,0.3679204496325119,0.6228002072470332,0.004952273606342095,0.6320795503674881,0.009827549446013493,Switzerland,Switzerland
0.6190725504749953,23858,4865033,7595459,13150,0.6446714223951578,0.3904366697558973,0.3553285776048422,0.6095633302441027,0.004880043347254009,0.6446714223951578,0.009686759716348223,Switzerland,Switzerland
0.6390426327483822,24302,5028957,7431535,12706,0.6566688283614354,0.4035921695547816,0.34333117163856464,0.5964078304452184,0.004809173644176956,0.6566688283614354,0.009548418580007687,Switzerland,Switzerland
0.6590127150217692,24722,5191770,7268722,12286,0.6680177258971033,0.41665850754528794,0.33198227410289666,0.583341492454712,0.004739200213476796,0.6680177258971033,0.009411630341676976,Switzerland,Switzerland
0.6789827972951561,25125,5352164,7108328,11883,0.6789072632944229,0.4295307119494158,0.3210927367055772,0.5704692880505842,0.004672428801948342,0.6789072632944229,0.009280983292937198,Switzerland,Switzerland
0.6989528795685431,25561,5511578,6948914,11447,0.6906884997838305,0.44232426777369627,0.3093115002161695,0.5576757322263037,0.004616282885439574,0.6906884997838305,0.009171268716092345,Switzerland,Switzerland
0.71892296184193,25949,5670199,6790293,11059,0.701172719412019,0.45505418245122264,0.29882728058798097,0.5449458175487774,0.0045555347227635235,0.701172719412019,0.009052256732591961,Switzerland,Switzerland
0.738893044115317,26336,5827091,6633401,10672,0.7116299178555988,0.4676453385628754,0.2883700821444012,0.5323546614371246,0.004499244630538657,0.7116299178555988,0.00894195420202413,Switzerland,Switzerland
0.7588631263887039,26692,5982405,6478087,10316,0.7212494595763078,0.4801098544102432,0.2787505404236922,0.5198901455897568,0.004441931957497108,0.7212494595763078,0.008829486090631904,Switzerland,Switzerland
0.7788332086620908,27086,6136629,6323863,9922,0.7318958063121487,0.492486893775944,0.26810419368785127,0.507513106224056,0.004394427711209879,0.7318958063121487,0.008736400577803588,Switzerland,Switzerland
0.7988032909354779,27437,6289432,6171060,9571,0.7413802421098141,0.5047498927008661,0.25861975789018593,0.49525010729913393,0.004343449262601456,0.7413802421098141,0.008636301898824921,Switzerland,Switzerland
0.8187733732088648,27767,6440743,6019749,9241,0.7502972330306961,0.5168931531756531,0.24970276696930394,0.4831068468243469,0.004292642355040032,0.7502972330306961,0.008536445522093705,Switzerland,Switzerland
0.8387434554822517,28112,6590513,5869979,8896,0.759619541720709,0.5289127427713127,0.24038045827929097,0.4710872572286873,0.004247407883057282,0.759619541720709,0.008447581169214107,Switzerland,Switzerland
0.8587135377556386,28437,6738882,5721610,8571,0.7684014267185474,0.5408198969992517,0.23159857328145267,0.4591801030007483,0.004202107215575326,0.7684014267185474,0.008358504816126561,Switzerland,Switzerland
0.8786836200290256,28752,6885521,5574971,8256,0.7769130998702983,0.5525882124076642,0.2230869001297017,0.44741178759233585,0.004158354753999444,0.7769130998702983,0.008272432088416508,Switzerland,Switzerland
0.8986537023024125,29068,7030442,5430050,7940,0.785451794206658,0.5642186520403849,0.21454820579334197,0.4357813479596151,0.004117566233350473,0.785451794206658,0.008192186647028867,Switzerland,Switzerland
0.9186237845757995,29370,7174333,5286159,7638,0.7936121919584954,0.575766430410613,0.20638780804150453,0.424233569589387,0.004077069807014532,0.7936121919584954,0.008112462988786599,Switzerland,Switzerland
0.9385938668491864,29686,7316323,5144169,7322,0.8021508862948552,0.5871616465866677,0.19784911370514482,0.4128383534133323,0.0040411058576160196,0.8021508862948552,0.008041698942315859,Switzerland,Switzerland
0.9585639491225734,29976,7456263,5004229,7032,0.8099870298313878,0.598392342774266,0.19001297016861218,0.40160765722573394,0.004004146808564354,0.8099870298313878,0.007968899598803548,Switzerland,Switzerland
0.9785340313959603,30258,7595243,4865249,6750,0.8176070038910506,0.6095459954550752,0.1823929961089494,0.39045400454492485,0.00396800157786354,0.8176070038910506,0.00789767424742992,Switzerland,Switzerland
0.9985041136693472,30512,7732615,4727877,6496,0.8244703847816688,0.6205706002620122,0.17552961521833116,0.3794293997379879,0.003930374963593923,0.8244703847816688,0.007823454337649284,Switzerland,Switzerland
1.0184741959427341,30763,7867165,4593327,6245,0.8312527021184609,0.6313687292604497,0.16874729788153914,0.36863127073955027,0.0038950722265384033,0.8312527021184609,0.007753811750970644,Switzerland,Switzerland
1.0384442782161212,31036,8001698,4458794,5972,0.8386294855166451,0.642165493946788,0.16137051448335496,0.35783450605321204,0.0038636907434006903,0.8386294855166451,0.007691943559038196,Switzerland,Switzerland
1.058414360489508,31295,8134569,4325923,5713,0.845627972330307,0.6528288770619972,0.15437202766969305,0.3471711229380028,0.003832417488216801,0.845627972330307,0.00763025437919792,Switzerland,Switzerland
1.078384442762895,31529,8266223,4194269,5479,0.8519509295287505,0.6633945914816205,0.14804907047124946,0.33660540851837956,0.0037997038233969875,0.8519509295287505,0.0075656647581933975,Switzerland,Switzerland
1.098354525036282,31754,8396419,4064073,5254,0.8580306960657155,0.6738432960753075,0.14196930393428447,0.32615670392469254,0.0037676018278219965,0.8580306960657155,0.00750226132199654,Switzerland,Switzerland
1.1183246073096689,31962,8525014,3935478,5046,0.8636511024643321,0.6841635145706927,0.13634889753566795,0.3158364854293073,0.0037351980419250913,0.8636511024643321,0.007438226554762029,Switzerland,Switzerland
1.138294689583056,32164,8652544,3807948,4844,0.8691093817552962,0.6943982629257336,0.13089061824470385,0.3056017370742664,0.0037035211776838095,0.8691093817552962,0.007375612780787634,Switzerland,Switzerland
1.1582647718564427,32379,8778173,3682319,4629,0.8749189364461738,0.7044804490866011,0.1250810635538262,0.29551955091339893,0.003675025128959003,0.8749189364461738,0.007319306113776002,Switzerland,Switzerland
1.1782348541298298,32608,8902628,3557864,4400,0.8811067877215737,0.7144684174589575,0.11889321227842628,0.2855315825410425,0.0036493719919652935,0.8811067877215737,0.007268638703985314,Switzerland,Switzerland
1.1982049364032168,32814,9026074,3434418,4194,0.8866731517509727,0.7243754098955322,0.11332684824902724,0.27562459010446777,0.003622298895846819,0.8866731517509727,0.007215122072635834,Switzerland,Switzerland
1.2181750186766036,33016,9147867,3312625,3992,0.8921314310419369,0.7341497430438542,0.10786856895806313,0.2658502569561459,0.0035961682552756637,0.8921314310419369,0.007163460709179573,Switzerland,Switzerland
1.2381451009499906,33230,9268267,3192225,3778,0.8979139645482058,0.7438122828536786,0.1020860354517942,0.2561877171463213,0.00357254321535555,0.8979139645482058,0.007116770832162108,Switzerland,Switzerland
1.2581151832233775,33428,9387263,3073229,3580,0.903264159100735,0.7533621465348238,0.09673584089926503,0.24663785346517617,0.003548359669158027,0.903264159100735,0.007068949857676799,Switzerland,Switzerland
1.2780852654967645,33630,9505239,2955253,3378,0.9087224383916991,0.7628301514900053,0.0912775616083009,0.23716984850999462,0.0035255752018399666,0.9087224383916991,0.007023899743073141,Switzerland,Switzerland
1.2980553477701515,33828,9621030,2839462,3180,0.9140726329442282,0.7721228022135883,0.08592736705577173,0.22787719778641163,0.0035037283821263863,0.9140726329442282,0.006980699072810127,Switzerland,Switzerland
1.3180254300435383,34016,9735780,2724712,2992,0.9191526156506701,0.7813319088844967,0.08084738434932988,0.2186680911155033,0.0034817513078062223,0.9191526156506701,0.0069372244005284495,Switzerland,Switzerland
1.3379955123169254,34218,9850195,2610297,2790,0.9246108949416343,0.7905141305816817,0.07538910505836575,0.20948586941831832,0.003461814070294311,0.9246108949416343,0.006897802240223452,Switzerland,Switzerland
1.3579655945903122,34372,9962696,2497796,2636,0.9287721573713792,0.7995427467872055,0.07122784262862084,0.20045725321279448,0.003438208082609821,0.9287721573713792,0.006851054347206459,Switzerland,Switzerland
1.3779356768636992,34535,10074337,2386155,2473,0.9331766104626027,0.8085023448512306,0.06682338953739732,0.1914976551487694,0.0034163059933887776,0.9331766104626027,0.0068076894266441155,Switzerland,Switzerland
1.3979057591370863,34698,10185104,2275388,2310,0.9375810635538262,0.8173918012226162,0.0624189364461738,0.18260819877738374,0.003395173409426132,0.9375810635538262,0.006765846301140414,Switzerland,Switzerland
1.417875841410473,34851,10294236,2166256,2157,0.9417153047989624,0.8261500428715014,0.058284695201037615,0.17384995712849863,0.0033740639419534368,0.9417153047989624,0.006724036389788054,Switzerland,Switzerland
1.43784592368386,35006,10403375,2057117,2002,0.945903588413316,0.8349088462959569,0.05409641158668396,0.16509115370404315,0.0033535851967848272,0.945903588413316,0.00668347495257694,Switzerland,Switzerland
1.457816005957247,35149,10511012,1949480,1859,0.9497676178123649,0.8435471087337483,0.05023238218763511,0.15645289126625175,0.0033328715539237453,0.9497676178123649,0.006642433849445285,Switzerland,Switzerland
1.477786088230634,35291,10617651,1842841,1717,0.9536046260268051,0.8521052780259399,0.04639537397319499,0.1478947219740601,0.0033127937803472504,0.9536046260268051,0.00660265015271353,Switzerland,Switzerland
1.497756170504021,35433,10723704,1736788,1575,0.9574416342412452,0.8606164186775289,0.042558365758754865,0.13938358132247106,0.003293293876637132,0.9574416342412452,0.006564009653445744,Switzerland,Switzerland
1.5177262527774078,35533,10828343,1632149,1475,0.9601437527021185,0.8690140806639096,0.039856247297881536,0.1309859193360904,0.003270747935635495,0.9601437527021185,0.006519287793540413,Switzerland,Switzerland
1.5376963350507948,35649,10931560,1528932,1359,0.9632782101167315,0.8772976219558586,0.036721789883268484,0.12270237804414144,0.0032505079460052235,0.9632782101167315,0.006479152492176408,Switzerland,Switzerland
1.5576664173241817,35775,11032324,1428168,1233,0.9666828793774319,0.8853843010372303,0.03331712062256809,0.11461569896276969,0.0032322623785710626,0.9666828793774319,0.00644298159396393,Switzerland,Switzerland
1.5776364995975687,35881,11133036,1327456,1127,0.9695471249459576,0.893466806928651,0.03045287505404237,0.10653319307134902,0.0032125764745140465,0.9695471249459576,0.006403933633323443,Switzerland,Switzerland
1.5976065818709557,35995,11231672,1228820,1013,0.9726275399913532,0.9013827062366397,0.02737246000864678,0.09861729376336023,0.0031945388517427785,0.9726275399913532,0.006368161844546614,Switzerland,Switzerland
1.6175766641443425,36091,11328803,1131689,917,0.9752215737137916,0.9091778237970057,0.024778426286208386,0.09082217620299424,0.003175656543738991,0.9752215737137916,0.006330698158956286,Switzerland,Switzerland
1.6375467464177296,36197,11424033,1036459,811,0.9780858192823173,0.9168203791631984,0.02191418071768266,0.08317962083680162,0.003158488093170905,0.9780858192823173,0.0062966427241046945,Switzerland,Switzerland
1.6575168286911164,36281,11517243,943249,727,0.9803555987894509,0.9243008221505218,0.01964440121054907,0.07569917784947817,0.003140254003886606,0.9803555987894509,0.006260454653850229,Switzerland,Switzerland
1.6774869109645034,36384,11608155,852337,624,0.9831387808041504,0.9315968422434684,0.016861219195849545,0.06840315775653161,0.0031245547805713904,0.9831387808041504,0.006229311922470543,Switzerland,Switzerland
1.6974569932378902,36457,11696136,764356,551,0.985111327280588,0.9386576388797488,0.014888672719412018,0.06134236112025111,0.00310732674354254,0.985111327280588,0.006195112306695868,Switzerland,Switzerland
1.7174270755112773,36538,11782460,678032,470,0.9873000432338954,0.945585455213165,0.012699956766104626,0.054414544786835065,0.0030914634218569123,0.9873000432338954,0.006163627110175214,Switzerland,Switzerland
1.7373971577846643,36625,11865686,594806,383,0.9896508862948552,0.9522646457298797,0.010349113705144833,0.047735354270120316,0.00307713350793808,0.9896508862948552,0.006135190792707692,Switzerland,Switzerland
1.7573672400580511,36699,11946378,514114,309,0.9916504539559015,0.9587404734901318,0.008349546044098573,0.04125952650986815,0.0030625689879152074,0.9916504539559015,0.006106279614495239,Switzerland,Switzerland
1.7773373223314382,36749,12023477,437015,259,0.9930015131863381,0.9649279498754945,0.006998486813661911,0.03507205012450552,0.00304712366086672,0.9930015131863381,0.006075603728918528,Switzerland,Switzerland
1.797307404604825,36802,12096701,363791,206,0.994433635970601,0.9708044433558483,0.005566364029399049,0.02919555664415177,0.00303308945487548,0.994433635970601,0.006047732917705756,Switzerland,Switzerland
1.817277486878212,36842,12165641,294851,166,0.9955144833549503,0.9763371301871547,0.004485516645049719,0.02366286981284527,0.00301922157973914,0.9955144833549503,0.006020184989718935,Switzerland,Switzerland
1.837247569151599,36884,12229608,230884,124,0.9966493731085171,0.981470715602562,0.0033506268914829224,0.01852928439743792,0.0030068906415950053,0.9966493731085171,0.005995692282683789,Switzerland,Switzerland
1.8572176514249858,36923,12288036,172456,85,0.9977031993082577,0.9861597760345258,0.002296800691742326,0.013840223965474236,0.0029957908987770262,0.9977031993082577,0.0059736448091149245,Switzerland,Switzerland
1.8771877336983729,36942,12339747,120745,66,0.9982166018158236,0.990309772679923,0.0017833981841763942,0.009690227320076928,0.002984804740589345,0.9982166018158236,0.00595181274361699,Switzerland,Switzerland
1.8971578159717597,36965,12383926,76566,43,0.9988380890618245,0.993855298811636,0.0011619109381755296,0.006144701188363991,0.002976034488991168,0.9988380890618245,0.005934387491823461,Switzerland,Switzerland
1.9171278982451467,36984,12419824,40668,24,0.9993514915693904,0.9967362444436383,0.0006485084306095979,0.003263755556361659,0.0029689788909004616,0.9993514915693904,0.005920368924914534,Switzerland,Switzerland
1.9370979805185338,36998,12445125,15367,10,0.9997297881539127,0.9987667421158009,0.0002702118460873325,0.0012332578841991152,0.0029640791073762053,0.9997297881539127,0.005910633893039381,Switzerland,Switzerland
1.9570680627919206,37004,12458288,2204,4,0.9998919152615651,0.9998231209489963,0.00010808473843493298,0.00017687905100376454,0.002961435395027183,0.9998919152615651,0.005905380496796279,Switzerland,Switzerland
1.9770381450653076,37008,12460491,1,0,1.0,0.999999919746347,0.0,8.02536529055193e-08,0.0029612324833952776,1.0,0.005904978951306182,Switzerland,Switzerland
0.0,0,0,12445560,51940,0.0,0.0,1.0,1.0,,0.0,,Combined,UK
0.0196449901118423,388,12103,12433457,51552,0.007470157874470543,0.000972475324533408,0.9925298421255294,0.9990275246754666,0.031062364902729966,0.007470157874470543,0.012043891915382346,Combined,UK
0.0392899802236846,2212,124518,12321042,49728,0.042587601078167114,0.010005013836259678,0.9574123989218328,0.9899949861637404,0.017454430679397143,0.042587601078167114,0.024760732075894108,Combined,UK
0.0589349703355269,4331,320560,12125000,47609,0.0833846746245668,0.02575697678529532,0.9166153253754332,0.9742430232147047,0.013330624732602627,0.0833846746245668,0.022986431583388842,Combined,UK
0.0785799604473692,6512,558902,11886658,45428,0.12537543319214478,0.04490774219882432,0.8746245668078552,0.9550922578011757,0.011517224546969124,0.12537543319214478,0.021096485970772037,Combined,UK
0.0982249505592115,8536,814188,11631372,43404,0.16434347323835194,0.06541995699671208,0.835656526761648,0.9345800430032879,0.010375289890655918,0.16434347323835194,0.019518352190098138,Combined,UK
0.1178699406710538,10390,1074490,11371070,41550,0.2000385059684251,0.08633520709393551,0.7999614940315749,0.9136647929060645,0.009577096084359561,0.2000385059684251,0.01827905912985345,Combined,UK
0.13751493078289612,12225,1333108,11112452,39715,0.23536773199845976,0.10711514789209967,0.7646322680015403,0.8928848521079004,0.009086969545829918,0.23536773199845976,0.017498370039355234,Combined,UK
0.1571599208947384,13874,1590175,10855385,38066,0.2671159029649596,0.1277704659332324,0.7328840970350404,0.8722295340667676,0.008649361709025099,0.2671159029649596,0.016756149950271408,Combined,UK
0.1768049110065807,15440,1845170,10600390,36500,0.2972660762418175,0.148259298898563,0.7027339237581826,0.851740701101437,0.008298353765700496,0.2972660762418175,0.01614598311155264,Combined,UK
0.196449901118423,16874,2098717,10346843,35066,0.3248748556026184,0.16863178515068827,0.6751251443973816,0.8313682148493117,0.00797602183030652,0.3248748556026184,0.015569788851924147,Combined,UK
0.21609489123026532,18203,2350652,10094908,33737,0.35046207162110127,0.1888747472994385,0.6495379283788987,0.8111252527005615,0.007684303176006974,0.35046207162110127,0.015038861200556013,Combined,UK
0.2357398813421076,19552,2600772,9844788,32388,0.3764343473238352,0.20897187430698178,0.6235656526761648,0.7910281256930183,0.007461672678645847,0.3764343473238352,0.014633284735340521,Combined,UK
0.2553848714539499,20791,2850156,9595404,31149,0.4002887947631883,0.22900986375864163,0.5997112052368117,0.7709901362413584,0.007241861309177773,0.4002887947631883,0.014226345390704465,Combined,UK
0.27502986156579223,22053,3097716,9347844,29887,0.4245860608394301,0.248901294919634,0.5754139391605699,0.751098705080366,0.007068792593297773,0.4245860608394301,0.013906067675187098,Combined,UK
0.2946748516776345,23264,3344683,9100877,28676,0.4479014247208317,0.2687450785661714,0.5520985752791683,0.7312549214338286,0.006907472118771465,0.4479014247208317,0.013605127888728486,Combined,UK
0.3143198417894768,24411,3591239,8854321,27529,0.46998459761262995,0.28855583838734455,0.53001540238737,0.7114441616126554,0.006751483135812371,0.46998459761262995,0.013311738771236696,Combined,UK
0.3339648319013191,25556,3837212,8608348,26384,0.4920292645360031,0.30831975419346336,0.507970735463997,0.6916802458065366,0.006615981078853299,0.4920292645360031,0.013056401652434869,Combined,UK
0.3536098220131614,26688,4082929,8362631,25252,0.513823642664613,0.3280631004149271,0.486176357335387,0.6719368995850729,0.006494035818909645,0.513823642664613,0.012825968741987676,Combined,UK
0.3732548121250037,27745,4326829,8118731,24195,0.5341740469772814,0.3476604507953037,0.4658259530227185,0.6523395492046963,0.006371461364533018,0.5341740469772814,0.012592720685784728,Combined,UK
0.392899802236846,28770,4570555,7875005,23170,0.5539083557951483,0.3672438202861101,0.44609164420485176,0.63275617971389,0.006255265718339104,0.5539083557951483,0.01237082815105138,Combined,UK
0.4125447923486883,29735,4813020,7632540,22205,0.5724874855602619,0.3867258685025021,0.42751251443973814,0.6132741314974979,0.006140100005059104,0.5724874855602619,0.012149888808189273,Combined,UK
0.43218978246053064,30699,5053848,7391712,21241,0.5910473623411628,0.4060763838670176,0.4089526376588371,0.5939236161329824,0.006037706013928085,0.5910473623411628,0.01195330582945114,Combined,UK
0.4518347725723729,31612,5294207,7151353,20328,0.6086253369272238,0.4253892151096455,0.3913746630727763,0.5746107848903544,0.005935612907611017,0.6086253369272238,0.011756569976453017,Combined,UK
0.4714797626842152,32488,5533162,6912398,19452,0.6254909510974201,0.44458923503643066,0.3745090489025799,0.5554107649635693,0.005837233746283004,0.6254909510974201,0.011566525858953751,Combined,UK
0.4911247527960575,33336,5770039,6675521,18604,0.641817481709665,0.4636222877877733,0.358182518290335,0.5363777122122267,0.005744243651323583,0.641817481709665,0.011386577835692871,Combined,UK
0.5107697429078998,34193,6003650,6441910,17747,0.6583172891798229,0.48239291763488346,0.34168271082017715,0.5176070823651165,0.005663115122403812,0.6583172891798229,0.011229628379204971,Combined,UK
0.5304147330197421,34999,6235744,6209816,16941,0.6738351944551405,0.5010416566229242,0.32616480554485944,0.49895834337707584,0.005581316281021244,0.6738351944551405,0.011070933020048608,Combined,UK
0.5500597231315845,35778,6463648,5981912,16162,0.6888332691567193,0.5193537293621179,0.3111667308432807,0.4806462706378821,0.005504793807945501,0.6888332691567193,0.010922302310693677,Combined,UK
0.5697047132434268,36520,6688685,5756875,15420,0.7031189834424336,0.5374354388231627,0.29688101655756644,0.46256456117683736,0.005430317737526217,0.7031189834424336,0.010777399627719342,Combined,UK
0.589349703355269,37189,6909150,5536410,14751,0.7159992298806315,0.5551497883582579,0.28400077011936853,0.4448502116417421,0.005353755409864103,0.7159992298806315,0.010628041551358556,Combined,UK
0.6089946934671113,37847,7125973,5319587,14093,0.7286676934924914,0.5725715034116584,0.27133230650750867,0.42742849658834153,0.005283075230812611,0.7286676934924914,0.010490093905562268,Combined,UK
0.6286396835789536,38547,7338495,5107065,13393,0.7421447824412784,0.5896476333728655,0.2578552175587216,0.4103523666271345,0.005225265085924684,0.7421447824412784,0.010377464907035715,Combined,UK
0.6482846736907959,39164,7547448,4898112,12776,0.7540238737004236,0.6064369943980021,0.24597612629957644,0.3935630056019978,0.005162251608491379,0.7540238737004236,0.010254299505979668,Combined,UK
0.6679296638026382,39728,7752315,4693245,12212,0.7648825567963035,0.6228980455680581,0.23511744320369657,0.377101954431942,0.005098534492173619,0.7648825567963035,0.010129547705547042,Combined,UK
0.6875746539144805,40315,7953931,4491629,11625,0.776184058529072,0.6390978790829822,0.22381594147092798,0.3609021209170178,0.0050430021793174745,0.776184058529072,0.01002089685721906,Combined,UK
0.7072196440263228,40915,8151631,4293929,11025,0.7877358490566038,0.6549830622326356,0.21226415094339623,0.3450169377673644,0.004994173972291398,0.7877358490566038,0.009925421669707488,Combined,UK
0.7268646341381652,41484,8345599,4099961,10456,0.7986907970735464,0.670568379405989,0.2013092029264536,0.32943162059401104,0.004946177353914347,0.7986907970735464,0.00983146982772769,Combined,UK
0.7465096242500074,42015,8535967,3909593,9925,0.808914131690412,0.6858644367951302,0.191085868309588,0.31413556320486985,0.004898005148530272,0.808914131690412,0.009737052084595898,Combined,UK
0.7661546143618497,42587,8721718,3723842,9353,0.8199268386599923,0.7007895185110192,0.1800731613400077,0.29921048148898083,0.004859141711750104,0.8199268386599923,0.009661029156971025,Combined,UK
0.785799604473692,43136,8904258,3541302,8804,0.8304967269926838,0.715456596569379,0.16950327300731613,0.28454340343062107,0.0048210685703569105,0.8304967269926838,0.009586487177828937,Combined,UK
0.8054445945855343,43655,9083354,3362206,8285,0.8404890257989989,0.7298469494341757,0.15951097420100116,0.2701530505658243,0.0047830565303485515,0.8404890257989989,0.009511982254177466,Combined,UK
0.8250895846973766,44142,9257623,3187937,7798,0.8498652291105121,0.743849453138308,0.15013477088948787,0.25615054686169203,0.004745550978765858,0.8498652291105121,0.009438399008735042,Combined,UK
0.8447345748092189,44632,9426933,3018627,7308,0.859299191374663,0.7574535014896879,0.14070080862533693,0.24254649851031213,0.004712209650675469,0.859299191374663,0.009373019702304981,Combined,UK
0.8643795649210613,45159,9592601,2852959,6781,0.8694455140546785,0.7707649153593732,0.1305544859453215,0.22923508464062686,0.004685632346105319,0.8694455140546785,0.009321031610885787,Combined,UK
0.8840245550329036,45646,9753587,2691973,6294,0.8788217173661917,0.7837001308097025,0.12117828263380824,0.2162998691902976,0.004658119671202838,0.8788217173661917,0.009267119763301284,Combined,UK
0.9036695451447458,46067,9909369,2536191,5873,0.8869272237196766,0.7962172051719649,0.11307277628032344,0.20378279482803505,0.004627321194169698,0.8869272237196766,0.009206609205050356,Combined,UK
0.9233145352565881,46489,10060036,2385524,5451,0.8950519830573739,0.808323289590826,0.10494801694262611,0.19167671040917403,0.004599899569832361,0.8950519830573739,0.009152760776357453,Combined,UK
0.9429595253684304,46902,10204518,2241042,5038,0.9030034655371583,0.8199324096304225,0.09699653446284175,0.1800675903695776,0.004575171049474121,0.9030034655371583,0.009104214547487421,Combined,UK
0.9626045154802727,47264,10343637,2101923,4676,0.9099730458221025,0.8311106129414827,0.09002695417789758,0.16888938705851725,0.00454859496784735,0.9099730458221025,0.009051942857312489,Combined,UK
0.982249505592115,47628,10477217,1968343,4312,0.9169811320754717,0.8418437579345566,0.0830188679245283,0.15815624206544343,0.0045252922964661236,0.9169811320754717,0.009006139389237845,Combined,UK
1.0018944957039573,47952,10604423,1841137,3988,0.9232190989603388,0.8520647524096947,0.07678090103966115,0.1479352475903053,0.004501531348642908,0.9232190989603388,0.008959377596791575,Combined,UK
1.0215394858157996,48270,10725629,1719931,3670,0.9293415479399307,0.8618036472444791,0.07065845206006931,0.13819635275552083,0.004480272183728472,0.9293415479399307,0.00891755364180088,Combined,UK
1.0411844759276419,48600,10841190,1604370,3340,0.9356950327300732,0.8710889666676309,0.06430496726992684,0.12891103333236914,0.004462895978710333,0.9356950327300732,0.008883421543028387,Combined,UK
1.0608294660394841,48865,10950791,1494769,3075,0.9407970735463997,0.8798954004480313,0.059202926453600306,0.12010459955196874,0.004442411653600803,0.9407970735463997,0.008843066648473216,Combined,UK
1.0804744561513264,49145,11054316,1391244,2795,0.9461879091259146,0.8882136279926335,0.053812090874085484,0.11178637200736648,0.004426097412329363,0.9461879091259146,0.008810978646128453,Combined,UK
1.100119446263169,49406,11152436,1293124,2534,0.9512129380053909,0.8960975641112172,0.048787061994609165,0.10390243588878283,0.004410524626217724,0.9512129380053909,0.00878033713466282,Combined,UK
1.1197644363750112,49626,11245609,1199951,2314,0.9554485945321525,0.9035840090763292,0.04455140546784751,0.09641599092367077,0.0043935340876041975,0.9554485945321525,0.008746846682103696,Combined,UK
1.1394094264868535,49845,11333601,1111959,2095,0.9596649980747016,0.9106541610019959,0.040335001925298423,0.0893458389980041,0.004378726793275077,0.9596649980747016,0.008717676867225995,Combined,UK
1.1590544165986958,50022,11416261,1029299,1918,0.9630727762803234,0.9172958870472683,0.03692722371967655,0.08270411295273174,0.004362529688129972,0.9630727762803234,0.008685714801666888,Combined,UK
1.178699406710538,50179,11494324,951236,1761,0.9660954948016942,0.9235682444180897,0.033904505198305734,0.07643175558191033,0.0043465708311566115,0.9660954948016942,0.00865420543178628,Combined,UK
1.1983443968223804,50336,11567792,877768,1604,0.969118213323065,0.9294713938143402,0.030881786676934926,0.07052860618565979,0.004332539631169497,0.969118213323065,0.008626513573014314,Combined,UK
1.2179893869342227,50465,11637690,807870,1475,0.9716018482864844,0.9350876939245804,0.028398151713515594,0.06491230607541967,0.004317618991192366,0.9716018482864844,0.008597034351084895,Combined,UK
1.237634377046065,50588,11703691,741869,1352,0.9739699653446284,0.9403908703184107,0.026030034655371584,0.059609129681589254,0.004303794388409532,0.9739699653446284,0.008569720754798806,Combined,UK
1.2572793671579072,50727,11765848,679712,1213,0.9766461301501733,0.9453851815426546,0.023353869849826722,0.05461481845734543,0.004292868280360426,0.9766461301501733,0.00854816293361048,Combined,UK
1.2769243572697495,50827,11824020,621540,1113,0.9785714285714285,0.9500592982557635,0.02142857142857143,0.049940701744236496,0.004280223568354186,0.9785714285714285,0.00852316722014068,Combined,UK
1.2965693473815918,50922,11878207,567353,1018,0.9804004620716211,0.9544132204577376,0.0195995379283789,0.04558677954226246,0.004268710649369288,0.9804004620716211,0.008500410105308633,Combined,UK
1.316214337493434,51033,11929457,516103,907,0.9825375433192145,0.9585311548857585,0.017462456680785523,0.041468845114241544,0.004259675522453589,0.9825375433192145,0.008482575838795655,Combined,UK
1.3358593276052764,51115,11977985,467575,825,0.9841162880246438,0.9624303767769389,0.01588371197535618,0.03756962322306107,0.004249278832165333,0.9841162880246438,0.008462019826107687,Combined,UK
1.3555043177171187,51205,12023508,422052,735,0.9858490566037735,0.9660881470982423,0.014150943396226415,0.03391185290175774,0.004240680503130799,0.9858490566037735,0.008445034256360761,Combined,UK
1.375149307828961,51280,12065790,379770,660,0.9872930304197151,0.9694855032638146,0.012706969580284944,0.030514496736185434,0.004232046195986323,0.9872930304197151,0.008427965791794074,Combined,UK
1.3947942979408032,51353,12105598,339962,587,0.9886984982672314,0.9726840736776811,0.011301501732768579,0.027315926322318964,0.004224167721001755,0.9886984982672314,0.008412393885734585,Combined,UK
1.4144392880526455,51416,12142595,302965,524,0.9899114362726222,0.9756567804100418,0.010088563727377743,0.024343219589958186,0.004216496114363026,0.9899114362726222,0.008397224519353376,Combined,UK
1.434084278164488,51473,12176915,268645,467,0.9910088563727377,0.9784143903528648,0.008991143627262225,0.0215856096471352,0.004209303793762514,0.9910088563727377,0.008383000844928573,Combined,UK
1.4537292682763303,51525,12208521,237039,415,0.9920100115517906,0.9809539305583678,0.007989988448209473,0.019046069441632195,0.004202675911656449,0.9920100115517906,0.008369892558357359,Combined,UK
1.4733742583881726,51567,12237665,207895,373,0.9928186368887177,0.9832956492114457,0.007181363111282249,0.016704350788554312,0.004196112499137456,0.9928186368887177,0.008356904838535595,Combined,UK
1.4930192485000149,51605,12264727,180833,335,0.9935502502887947,0.9854700792893208,0.0064497497112052365,0.01452992071067915,0.004189964999319603,0.9935502502887947,0.008344738860852997,Combined,UK
1.5126642386118572,51643,12289320,156240,297,0.9942818636888717,0.9874461253651905,0.005718136311128225,0.012553874634809522,0.004184681535792628,0.9942818636888717,0.008334286163621226,Combined,UK
1.5323092287236995,51689,12311626,133934,251,0.9951675009626492,0.9892384111281453,0.00483249903735079,0.010761588871854702,0.004180836612186942,0.9951675009626492,0.008326691638633279,Combined,UK
1.5519542188355417,51723,12331719,113841,217,0.995822102425876,0.9908528824737497,0.0041778975741239895,0.009147117526250326,0.004176787035462354,0.995822102425876,0.008318682932297537,Combined,UK
1.571599208947384,51765,12349691,95869,175,0.9966307277628033,0.992296931596489,0.0033692722371967657,0.007703068403510971,0.0041741066532832915,0.9966307277628033,0.0083133949968346,Combined,UK
1.5912441990592263,51790,12365719,79841,150,0.9971120523681171,0.9935847804357538,0.002887947631882942,0.006415219564246205,0.004170723773987198,0.9971120523681171,0.008306702244822524,Combined,UK
1.6108891891710686,51810,12379970,65590,130,0.9974971120523681,0.9947298474315338,0.0025028879476318828,0.005270152568466184,0.004167544792459326,0.9974971120523681,0.00830041045457604,Combined,UK
1.630534179282911,51834,12392381,53179,106,0.9979591836734694,0.9957270705376053,0.0020408163265306124,0.004272929462394621,0.004165308940740737,0.9979591836734694,0.008295991847092165,Combined,UK
1.6501791693947532,51860,12403272,42288,80,0.9984597612629957,0.9966021617347873,0.0015402387370042356,0.003397838265212654,0.004163745514700286,0.9984597612629957,0.00829290820425436,Combined,UK
1.6698241595065955,51876,12412491,33069,64,0.9987678090103966,0.9973429078321907,0.0012321909896033886,0.002657092167809243,0.004161944204627479,0.9987678090103966,0.008289346050716078,Combined,UK
1.6894691496184377,51889,12420523,25037,51,0.9990180978051598,0.9979882785507442,0.0009819021948402002,0.002011721449255799,0.004160301952821956,0.9990180978051598,0.008286097356573817,Combined,UK
1.70911413973028,51903,12427222,18338,37,0.9992876395841356,0.9985265427991991,0.000712360415864459,0.0014734572008009283,0.00415918584035339,0.9992876395841356,0.008283892869440866,Combined,UK
1.7287591298421225,51913,12432596,12964,27,0.9994801694262611,0.9989583433770758,0.0005198305737389295,0.0010416566229241593,0.0041581931656262975,0.9994801694262611,0.008281930553061716,Combined,UK
1.7484041199539648,51921,12436570,8990,19,0.9996341932999615,0.99927765403887,0.000365806700038506,0.000722345961129913,0.004157507900674309,0.9996341932999615,0.008280576640467939,Combined,UK
1.7680491100658071,51926,12439435,6125,14,0.9997304582210242,0.9995078566171389,0.00026954177897574127,0.0004921433828610364,0.004156952953325102,0.9997304582210242,0.008279479221617977,Combined,UK
1.7876941001776494,51932,12441554,4006,8,0.9998459761262996,0.9996781181401239,0.00015402387370042357,0.0003218818598761325,0.004156726153132921,0.9998459761262996,0.008279033330554101,Combined,UK
1.8073390902894917,51934,12443013,2547,6,0.9998844820947247,0.9997953487026698,0.00011551790527531768,0.0002046512973301322,0.004156400183210061,0.9998844820947247,0.008278388097382244,Combined,UK
1.826984080401334,51936,12444046,1514,4,0.9999229880631498,0.9998783501907508,7.701193685021179e-05,0.0001216498092492423,0.0041562159740627025,0.9999229880631498,0.008278024042546645,Combined,UK
1.8466290705131763,51938,12444689,871,2,0.9999614940315749,0.9999300152022087,3.850596842510589e-05,6.998479779134084e-05,0.004156161498618787,0.9999614940315749,0.008277917311195773,Combined,UK
1.8662740606250185,51939,12445105,455,1,0.9999807470157874,0.9999634407772732,1.9252984212552947e-05,3.6559222726819843e-05,0.004156102835198468,0.9999807470157874,0.008277801613262076,Combined,UK
1.8859190507368608,51939,12445367,193,1,0.9999807470157874,0.9999844924615686,1.9252984212552947e-05,1.550753843137633e-05,0.004156015704504635,0.9999807470157874,0.008277628791403084,Combined,UK
1.9055640408487031,51940,12445501,59,0,1.0,0.9999952593535365,0.0,4.740646463477738e-06,0.004156050826725247,1.0,0.008277699115199386,Combined,UK
1.9252090309605454,51940,12445543,17,0,1.0,0.999998634051019,0.0,1.3659489810020602e-06,0.004156036859582045,1.0,0.008277671411665698,Combined,UK
1.9448540210723877,51940,12445559,1,0,1.0,0.99999991965006,0.0,8.034994005894471e-08,0.004156031538790281,1.0,0.008277660857987356,Combined,UK
0.0,0,0,12486147,11353,0.0,0.0,1.0,1.0,,0.0,,Combined,Germany
0.01962917260449342,0,0,12486147,11353,0.0,0.0,1.0,1.0,,0.0,,Combined,Germany
0.03925834520898684,3,229,12485918,11350,0.00026424733550603366,1.8340325482312516e-05,0.999735752664494,0.9999816596745177,0.01293103448275862,0.00026424733550603366,0.0005179110919292188,Combined,Germany
0.05888751781348026,14,3031,12483116,11339,0.0012331542323614903,0.00024274902417855564,0.9987668457676385,0.9997572509758215,0.004597701149425287,0.0012331542323614903,0.001944714543686623,Combined,Germany
0.07851669041797368,35,20383,12465764,11318,0.0030828855809037258,0.0016324491454409434,0.9969171144190963,0.9983675508545591,0.0017141737682437065,0.0030828855809037258,0.002203267130401939,Combined,Germany
0.09814586302246711,101,77230,12408917,11252,0.008896326962036466,0.006185254746720505,0.9911036730379635,0.9938147452532795,0.001306073890160479,0.008896326962036466,0.002277750214243832,Combined,Germany
0.11777503562696053,201,196000,12290147,11152,0.017704571478904255,0.015697396482677962,0.9822954285210957,0.984302603517322,0.001024459610297603,0.017704571478904255,0.0019368453510893553,Combined,Germany
0.13740420823145394,375,383777,12102370,10978,0.033030916938254204,0.030736223111901533,0.9669690830617458,0.9692637768880985,0.0009761760969616193,0.033030916938254204,0.001896309781165851,Combined,Germany
0.15703338083594737,594,635738,11850409,10759,0.052320972430194665,0.05091546655665675,0.9476790275698054,0.9490845334433432,0.0009334749784703582,0.052320972430194665,0.0018342249704717572,Combined,Germany
0.1766625534404408,874,941140,11545007,10479,0.07698405707742446,0.07537473329442622,0.9230159429225755,0.9246252667055738,0.0009277993745315887,0.07698405707742446,0.001833501684031438,Combined,Germany
0.19629172604493422,1201,1288291,11197856,10152,0.10578701664758214,0.10317762557176365,0.8942129833524178,0.8968223744282363,0.000931374525782246,0.10578701664758214,0.0018464920878352147,Combined,Germany
0.21592089864942762,1569,1664980,10821167,9784,0.1382013564696556,0.1333461795700467,0.8617986435303444,0.8666538204299533,0.0009414664675326078,0.1382013564696556,0.0018701926572588863,Combined,Germany
0.23555007125392105,1931,2062081,10424066,9422,0.170087201620717,0.16514950528774008,0.829912798379283,0.8348504947122599,0.0009355565762214561,0.170087201620717,0.001860877484201574,Combined,Germany
0.25517924385841445,2341,2470739,10015408,9012,0.2062010041398749,0.1978784167766085,0.793798995860125,0.8021215832233914,0.0009465929124816019,0.2062010041398749,0.0018845346201728924,Combined,Germany
0.2748084164629079,2749,2884664,9601483,8604,0.2421386417686955,0.23102915575157013,0.7578613582313045,0.7689708442484299,0.0009520633175787461,0.2421386417686955,0.0018966691343833895,Combined,Germany
0.2944375890674013,3129,3299512,9186635,8224,0.2756099709327931,0.26425381664976394,0.724390029067207,0.7357461833502361,0.000947423592209992,0.2756099709327931,0.0018883558630462215,Combined,Germany
0.31406676167189473,3548,3711516,8774631,7805,0.31251651545846915,0.2972507051214438,0.6874834845415309,0.7027492948785562,0.0009550306535768966,0.31251651545846915,0.0019042420641597548,Combined,Germany
0.33369593427638816,3946,4116428,8369719,7407,0.3475733286356029,0.3296796041244749,0.652426671364397,0.670320395875525,0.0009576800552571199,0.3475733286356029,0.0019100971579196788,Combined,Germany
0.3533251068808816,4340,4514788,7971359,7013,0.382277812032062,0.3615837615879422,0.617722187967938,0.6384162384120577,0.0009603622645784762,0.382277812032062,0.001915911356873586,Combined,Germany
0.372954279485375,4751,4902761,7583386,6602,0.4184796969963886,0.39265603712658514,0.5815203030036113,0.6073439628734149,0.0009681076684071277,0.4184796969963886,0.0019317464496382804,Combined,Germany
0.39258345208986845,5165,5280156,7205991,6188,0.45494582929622124,0.42288113378770886,0.5450541707037787,0.5771188662122911,0.0009772348737191175,0.45494582929622124,0.001950280496779677,Combined,Germany
0.4122126246943618,5525,5646034,6840113,5828,0.4866555095569453,0.45218384822796015,0.5133444904430547,0.5478161517720398,0.0009776063560514895,0.4866555095569453,0.001951292903721619,Combined,Germany
0.43184179729885525,5882,5999107,6487040,5471,0.5181009424821633,0.48046102612759567,0.4818990575178367,0.5195389738724043,0.0009795188633984176,0.5181009424821633,0.0019553409696456752,Combined,Germany
0.4514709699033487,6221,6339536,6146611,5132,0.5479608913943451,0.5077255617765832,0.4520391086056549,0.4922744382234167,0.0009803400918125293,0.5479608913943451,0.001957178655080689,Combined,Germany
0.4711001425078421,6512,6667038,5819109,4841,0.5735928829384304,0.5339547900565322,0.42640711706156964,0.46604520994346776,0.0009757924942496872,0.5735928829384304,0.0019482706031785353,Combined,Germany
0.49072931511233553,6814,6980909,5505238,4539,0.6001937813793711,0.559092328482117,0.39980621862062893,0.44090767151788296,0.000975138825623168,0.6001937813793711,0.0019471141619265171,Combined,Germany
0.5103584877168289,7090,7282151,5203996,4263,0.6245045362459262,0.5832184259884174,0.37549546375407383,0.4167815740115826,0.000972666427135555,0.6245045362459262,0.001942307708112518,Combined,Germany
0.5299876603213224,7350,7571174,4914973,4003,0.6474059719897824,0.6063659189660349,0.35259402801021755,0.3936340810339651,0.0009698458433330817,0.6474059719897824,0.0019367902800005853,Combined,Germany
0.5496168329258158,7594,7847527,4638620,3759,0.6688980886109398,0.6284986873853079,0.33110191138906014,0.3715013126146921,0.0009667578640736406,0.6688980886109398,0.001930725252508303,Combined,Germany
0.5692460055303092,7841,8111865,4374282,3512,0.6906544525676033,0.6496691893824412,0.30934554743239673,0.35033081061755883,0.0009656753581964667,0.6906544525676033,0.0019286540658480032,Combined,Germany
0.5888751781348026,8077,8364958,4121189,3276,0.7114419096274113,0.6699390933007596,0.2885580903725887,0.3300609066992404,0.000964644241902727,0.7114419096274113,0.0019266761032528553,Combined,Germany
0.6085043507392961,8295,8606261,3879886,3058,0.730643882674183,0.6892647507673905,0.269356117325817,0.31073524923260953,0.0009629051108379817,0.730643882674183,0.001923275564349218,Combined,Germany
0.6281335233437895,8500,8837599,3648548,2853,0.748700783933762,0.7077923237648892,0.251299216066238,0.2922076762351108,0.0009608755226456317,0.748700783933762,0.001919287849372483,Combined,Germany
0.6477626959482828,8685,9056680,3429467,2668,0.7649960362899674,0.7253382488609176,0.2350039637100326,0.27466175113908237,0.0009580419541849666,0.7649960362899674,0.001913687304155533,Combined,Germany
0.6673918685527763,8878,9265624,3220523,2475,0.7819959482075223,0.7420723142215129,0.21800405179247775,0.2579276857784871,0.0009572481627584964,0.7819959482075223,0.0019121556388722416,Combined,Germany
0.6870210411572697,9042,9464343,3021804,2311,0.7964414692151854,0.7579874720360091,0.2035585307848146,0.2420125279639908,0.0009544634784715284,0.7964414692151854,0.0019066420179450396,Combined,Germany
0.7066502137617632,9193,9653789,2832358,2160,0.8097419184356558,0.7731599668016083,0.19025808156434423,0.2268400331983918,0.0009513626331912861,0.8097419184356558,0.0019004923852647235,Combined,Germany
0.7262793863662566,9353,9833522,2652625,2000,0.8238351096626443,0.7875545594649814,0.17616489033735577,0.21244544053501854,0.0009502304966790699,0.8238351096626443,0.0018982714830629043,Combined,Germany
0.74590855897075,9517,10003990,2482157,1836,0.8382806306703074,0.8012071297895179,0.16171936932969258,0.19879287021048206,0.0009504162727404095,0.8382806306703074,0.001898679881813811,Combined,Germany
0.7655377315752434,9651,10165699,2320448,1702,0.8500836783229102,0.8141582026865454,0.14991632167708976,0.18584179731345465,0.0009484686030455955,0.8500836783229102,0.0018948230845642598,Combined,Germany
0.7851669041797369,9777,10317980,2168167,1576,0.8611820664141636,0.8263541987772529,0.13881793358583636,0.1736458012227471,0.0009466721573716346,0.8611820664141636,0.0018912653023325993,Combined,Germany
0.8047960767842303,9888,10462312,2023835,1465,0.8709592178278869,0.8379135693340788,0.1290407821721131,0.1620864306659212,0.0009442142052290827,0.8709592178278869,0.0018863833664025927,Combined,Germany
0.8244252493887236,9987,10598855,1887292,1366,0.879679379899586,0.8488491285582334,0.12032062010041399,0.15115087144176662,0.0009413845545065145,0.879679379899586,0.0018807564267887735,Combined,Germany
0.8440544219932171,10083,10727448,1758699,1270,0.8881352946357791,0.8591479821597487,0.11186470536422091,0.14085201784025128,0.0009390426905403114,0.8881352946357791,0.001876101742283199,Combined,Germany
0.8636835945977105,10191,10849554,1636593,1162,0.8976481987139963,0.868927299990942,0.1023518012860037,0.13107270000905805,0.0009384198247748911,0.8976481987139963,0.0018748796119766374,Combined,Germany
0.883312767202204,10274,10964665,1521482,1079,0.9049590416629966,0.8781463969629703,0.09504095833700343,0.12185360303702976,0.000936132765749313,0.9049590416629966,0.0018703307722023044,Combined,Germany
0.9029419398066973,10371,11072791,1413356,982,0.9135030388443584,0.8868060739634092,0.08649696115564168,0.11319392603659079,0.000935743788640823,0.9135030388443584,0.0018695724869451258,Combined,Germany
0.9225711124111908,10448,11174977,1311170,905,0.9202853871223465,0.894990023743914,0.07971461287765348,0.10500997625608605,0.0009340726883421953,0.9202853871223465,0.0018662511661837002,Combined,Germany
0.9422002850156842,10527,11270771,1215376,826,0.927243900290672,0.9026620461860653,0.07275609970932793,0.09733795381393476,0.0009331373038811669,0.927243900290672,0.0018643983596057295,Combined,Germany
0.9618294576201776,10607,11361349,1124798,746,0.9342904959041664,0.9099163256687591,0.0657095040958337,0.09008367433124086,0.0009327331199663453,0.9342904959041664,0.0018636057406506315,Combined,Germany
0.9814586302246711,10678,11446083,1040064,675,0.9405443495111424,0.916702566452245,0.05945565048885757,0.08329743354775497,0.0009320260761309414,0.9405443495111424,0.001862206810989148,Combined,Germany
1.0010878028291645,10739,11525779,960368,614,0.9459173786664318,0.92308532007512,0.05408262133356822,0.07691467992487995,0.0009308701290978785,0.9459173786664318,0.0018599099349135438,Combined,Germany
1.0207169754336578,10785,11600507,885640,568,0.949969171144191,0.9290701927504137,0.050030828855809034,0.07092980724958628,0.0009288372043352282,0.949969171144191,0.001855859832249888,Combined,Germany
1.0403461480381513,10832,11670752,815395,521,0.9541090460671188,0.9346960275255449,0.04589095393288118,0.06530397247445509,0.0009272715070148021,0.9541090460671188,0.0018527423862798543,Combined,Germany
1.0599753206426448,10873,11736170,749977,480,0.9577204263190346,0.9399352738679114,0.04227957368096538,0.060064726132088624,0.0009255946368801068,0.9577204263190346,0.0018494019082194544,Combined,Germany
1.0796044932471383,10916,11797453,688694,437,0.9615079714612877,0.9448433531977479,0.03849202853871223,0.05515664680225213,0.000924429106170378,0.9615079714612877,0.0018470823594666608,Combined,Germany
1.0992336658516315,10955,11854523,631624,398,0.9649431868228662,0.9494140185919644,0.0350568131771338,0.05058598140803564,0.0009232666395740652,0.9649431868228662,0.0018447681877430098,Combined,Germany
1.118862838456125,11001,11907322,578825,352,0.9689949793006254,0.9536426249026221,0.031005020699374615,0.04635737509737792,0.0009230325440919834,0.9689949793006254,0.001844308261179935,Combined,Germany
1.1384920110606185,11038,11956986,529161,315,0.9722540297718665,0.9576201529583145,0.027745970228133535,0.04237984704168548,0.0009222909312347635,0.9722540297718665,0.001842833730001151,Combined,Germany
1.1581211836651117,11086,12003256,482891,267,0.976481987139963,0.9613258597708324,0.023518012860036994,0.03867414022916757,0.0009227305165776037,0.976481987139963,0.001843718803778077,Combined,Germany
1.1777503562696052,11104,12046146,440001,249,0.9780674711529992,0.9647608665827817,0.021932528847000792,0.0352391334172183,0.000920939683592859,0.9780674711529992,0.0018401467013207742,Combined,Germany
1.1973795288740987,11130,12085719,400428,223,0.9803576147273848,0.9679302189858889,0.01964238527261517,0.03206978101411108,0.0009200743102604653,0.9803576147273848,0.0018384232440126123,Combined,Germany
1.2170087014785922,11155,12122297,363850,198,0.9825596758566018,0.9708597055600899,0.01744032414339822,0.029140294439910085,0.0009193591403336824,0.9825596758566018,0.0018369994413249121,Combined,Germany
1.2366378740830855,11176,12156204,329943,177,0.984409407205144,0.9735752750628356,0.015590592794855985,0.026424724937164364,0.0009185214894250036,0.984409407205144,0.001835330489633035,Combined,Germany
1.256267046687579,11195,12187906,298241,158,0.9860829736633488,0.9761142488551512,0.013917026336651105,0.02388575114484877,0.0009176905740841067,0.9860829736633488,0.0018336746528835048,Combined,Germany
1.2758962192920724,11205,12217064,269083,148,0.9869637981150357,0.9784494768482223,0.013036201884964327,0.021550523151777728,0.0009163193907494185,0.9869637981150357,0.0018309388966423965,Combined,Germany
1.2955253918965657,11217,12243747,242400,136,0.9880207874570598,0.9805864851663207,0.011979212542940192,0.019413514833679278,0.000915302566372288,0.9880207874570598,0.0018289108295505491,Combined,Germany
1.3151545645010592,11236,12268342,217805,117,0.9896943539152647,0.9825562681586241,0.010305646084735312,0.017443731841375886,0.000915015157687015,0.9896943539152647,0.0018283399361691966,Combined,Germany
1.3347837371055526,11244,12290659,195488,109,0.9903990134766141,0.9843436089611951,0.009600986523385889,0.015656391038804843,0.0009140049307818474,0.9903990134766141,0.0018263244100504368,Combined,Germany
1.3544129097100461,11266,12311303,174844,87,0.992336827270325,0.9859969612723605,0.007663172729674976,0.014003038727639519,0.0009142574084998023,0.992336827270325,0.0018268317247344356,Combined,Germany
1.3740420823145394,11270,12330182,155965,83,0.9926891570509997,0.9875089569264242,0.007310842949000264,0.01249104307357586,0.0009131826627855459,0.9926891570509997,0.0018246867816661884,Combined,Germany
1.3936712549190329,11278,12347407,138740,75,0.9933938166123492,0.9888884857754758,0.006606183387650841,0.011111514224524187,0.0009125566352730894,0.9933938166123492,0.0018234382141752515,Combined,Germany
1.4133004275235264,11290,12363182,122965,63,0.9944508059543733,0.9901518859260587,0.005549194045626707,0.009848114073941304,0.0009123621597753827,0.9944508059543733,0.0018230517547276825,Combined,Germany
1.4329296001280196,11294,12377536,108611,59,0.994803135735048,0.9913014799521421,0.005196864264951995,0.008698520047857839,0.000911627651683008,0.994803135735048,0.0018215860201417997,Combined,Germany
1.452558772732513,11301,12390689,95458,52,0.9954197128512288,0.9923548873803905,0.00458028714877125,0.007645112619609556,0.000911224730869804,0.9954197128512288,0.0018207826852121949,Combined,Germany
1.4721879453370066,11307,12402405,83742,46,0.9959482075222408,0.9932932072640183,0.004051792477759182,0.006706792735981724,0.0009108476175377679,0.9959482075222408,0.0018200307201612224,Combined,Germany
1.4918171179415,11318,12413022,73125,35,0.9969171144190963,0.9941435096030825,0.0030828855809037258,0.00585649039691748,0.0009109538212895011,0.9969171144190963,0.001820244356305676,Combined,Germany
1.5114462905459933,11323,12422608,63539,30,0.9973575266449397,0.9949112404330975,0.0026424733550603364,0.005088759566902424,0.0009106532761039127,0.9973575266449397,0.001819645096086196,Combined,Germany
1.5310754631504868,11328,12431131,55016,25,0.997797938870783,0.9955938369138214,0.002202061129216947,0.004406163086178627,0.0009104309686694568,0.997797938870783,0.0018192020242476761,Combined,Germany
1.5507046357549803,11329,12438844,47303,24,0.9978860213159517,0.9962115615009178,0.0021139786840482693,0.003788438499082223,0.0009099471951112647,0.9978860213159517,0.0018182363861376208,Combined,Germany
1.5703338083594738,11331,12445817,40330,22,0.9980621862062891,0.9967700204074164,0.0019378137937109134,0.003229979592583685,0.0009095982483309984,0.9980621862062891,0.001817540055536748,Combined,Germany
1.589962980963967,11334,12451835,34312,19,0.9983264335417951,0.9972519945504406,0.0016735664582048797,0.0027480054495594196,0.0009093995275198467,0.9983264335417951,0.0018171437751282173,Combined,Germany
1.6095921535684605,11336,12457196,28951,17,0.9985025984321325,0.9976813503797448,0.001497401567867524,0.0023186496202551514,0.0009091687778481059,0.9985025984321325,0.0018166834069384453,Combined,Germany
1.629221326172954,11339,12462014,24133,14,0.9987668457676385,0.9980672180136915,0.0012331542323614903,0.0019327819863085066,0.0009090578932545243,0.9987668457676385,0.001816462478171292,Combined,Germany
1.6488504987774473,11345,12466289,19858,8,0.9992953404386505,0.9984095974522805,0.0007046595613494231,0.0015904025477194847,0.0009092268614386349,0.9992953404386505,0.001816800674065879,Combined,Germany
1.6684796713819408,11348,12469998,16149,5,0.9995595877741567,0.9987066466540879,0.0004404122258433894,0.0012933533459120736,0.0009091968125873604,0.9995595877741567,0.0018167411221546282,Combined,Germany
1.6881088439864342,11351,12473081,13066,2,0.9998238351096627,0.9989535602936599,0.00017616489033735576,0.0010464397063401545,0.000909212369453412,0.9998238351096627,0.0018167726157260226,Combined,Germany
1.7077380165909277,11351,12475698,10449,2,0.9998238351096627,0.9991631525722067,0.00017616489033735576,0.0008368474277933777,0.0009090218193265678,0.9998238351096627,0.0018163922075798168,Combined,Germany
1.727367189195421,11353,12477835,8312,0,1.0,0.9993343022471224,0.0,0.0006656977528776491,0.0009090262713636788,1.0,0.0018164013861480077,Combined,Germany
1.7469963617999145,11353,12479732,6415,0,1.0,0.9994862306202226,0.0,0.0005137693797774446,0.0009088882190778463,1.0,0.0018161257828273175,Combined,Germany
1.766625534404408,11353,12481306,4841,0,1.0,0.9996122903246294,0.0,0.00038770967537063276,0.00090877370462125,1.0,0.0018158971696444312,Combined,Germany
1.7862547070089012,11353,12482606,3541,0,1.0,0.9997164057094634,0.0,0.00028359429053654423,0.0009086791464579002,1.0,0.001815708396559798,Combined,Germany
1.8058838796133947,11353,12483646,2501,0,1.0,0.9997996980173307,0.0,0.0002003019826692734,0.0009086035140939187,1.0,0.00181555740634839,Combined,Germany
1.8255130522178882,11353,12484454,1693,0,1.0,0.999864409733443,0.0,0.00013559026655700915,0.0009085447622550508,1.0,0.0018154401159016116,Combined,Germany
1.8451422248223817,11353,12485056,1091,0,1.0,0.9999126231654969,0.0,8.737683450306969e-05,0.0009085009941656039,1.0,0.0018153527385634616,Combined,Germany
1.864771397426875,11353,12485539,608,0,1.0,0.9999513060354007,0.0,4.869396459932756e-05,0.0009084658809566411,1.0,0.001815282639570939,Combined,Germany
1.8844005700313684,11353,12485880,267,0,1.0,0.9999786163017302,0.0,2.138369826977049e-05,0.0009084410925202402,1.0,0.0018152331526521063,Combined,Germany
1.9040297426358619,11353,12486067,80,0,1.0,0.9999935928993948,0.0,6.407100605174679e-06,0.0009084274994358836,1.0,0.0018152060158098638,Combined,Germany
1.9236589152403551,11353,12486130,17,0,1.0,0.9999986384911214,0.0,1.3615088785996193e-06,0.000908422920039179,1.0,0.0018151968736339656,Combined,Germany
1.9432880878448486,11353,12486146,1,0,1.0,0.9999999199112425,0.0,8.008875756468349e-08,0.0009084217570251456,1.0,0.0018151945518261785,Combined,Germany
0.0,0,0,12460492,37008,0.0,0.0,1.0,1.0,,0.0,,Combined,Switzerland
0.01970868760889227,0,2,12460490,37008,0.0,1.605073058110386e-07,1.0,0.9999998394926942,0.0,0.0,,Combined,Switzerland
0.03941737521778454,19,1418,12459074,36989,0.0005134025075659317,0.00011379967982002636,0.9994865974924341,0.9998862003201799,0.013221990257480862,0.0005134025075659317,0.0009884250227597867,Combined,Switzerland
0.0591260628266768,159,13259,12447233,36849,0.004296368352788587,0.0010640831838742803,0.9957036316472114,0.9989359168161257,0.011849754061708153,0.004296368352788587,0.006306270574703525,Combined,Switzerland
0.07883475043556908,489,44726,12415766,36519,0.013213359273670558,0.003589424879852256,0.9867866407263295,0.9964105751201477,0.010814995023775295,0.013213359273670558,0.011894482079223574,Combined,Switzerland
0.09854343804446135,1030,100179,12360313,35978,0.027831820146995243,0.008039730694422018,0.9721681798530047,0.991960269305578,0.010176960546986928,0.027831820146995243,0.014904100074520501,Combined,Switzerland
0.1182521256533536,1764,180927,12279565,35244,0.047665369649805445,0.014520052659236891,0.9523346303501945,0.9854799473407632,0.009655648061480861,0.047665369649805445,0.0160583343574618,Combined,Switzerland
0.13796081326224588,2622,285880,12174612,34386,0.07084954604409857,0.022942914292629856,0.9291504539559015,0.9770570857073702,0.009088325210917082,0.07084954604409857,0.01611010414426592,Combined,Switzerland
0.15766950087113815,3559,412372,12048120,33449,0.09616839602248163,0.033094359355954804,0.9038316039775184,0.9669056406440452,0.008556707723156004,0.09616839602248163,0.015715140449376185,Combined,Switzerland
0.17737818848003042,4571,556260,11904232,32437,0.12351383484651968,0.044641896965224165,0.8764861651534803,0.9553581030347759,0.008150405380587021,0.12351383484651968,0.015291742425636332,Combined,Switzerland
0.1970868760889227,5598,717375,11743117,31410,0.1512645914396887,0.05757196425309691,0.8487354085603113,0.942428035746903,0.007743027747924196,0.1512645914396887,0.01473194724604957,Combined,Switzerland
0.21679556369781497,6564,891989,11568503,30444,0.17736705577172504,0.07158537560154125,0.8226329442282749,0.9284146243984588,0.007305078275850172,0.17736705577172504,0.014032222377803265,Combined,Switzerland
0.2365042513067072,7646,1076527,11383965,29362,0.2066039775183744,0.08639522420141997,0.7933960224816256,0.91360477579858,0.007052380016842331,0.2066039775183744,0.013639189390473082,Combined,Switzerland
0.2562129389155995,8661,1270973,11189519,28347,0.23403047989623865,0.10200022599428658,0.7659695201037614,0.8979997740057134,0.006768341572668435,0.23403047989623865,0.013156195837592909,Combined,Switzerland
0.27592162652449176,9664,1471909,10988583,27344,0.2611327280587981,0.11812607399451001,0.7388672719412019,0.88187392600549,0.006522797054211976,0.2611327280587981,0.012727671424836738,Combined,Switzerland
0.29563031413338403,10730,1678629,10781863,26278,0.28993731085170776,0.13471610912313897,0.7100626891482923,0.8652838908768611,0.006351521494247226,0.28993731085170776,0.012430728807953349,Combined,Switzerland
0.3153390017422763,11740,1890760,10569732,25268,0.3172287073065283,0.15174039676763967,0.6827712926934717,0.8482596032323604,0.006170827858081472,0.3172287073065283,0.012106163006288192,Combined,Switzerland
0.3350476893511686,12663,2106390,10354102,24345,0.3421692607003891,0.1690454919436568,0.6578307392996109,0.8309545080563432,0.005975782578349857,0.3421692607003891,0.01174642090367573,Combined,Switzerland
0.35475637696006085,13582,2325096,10135396,23426,0.36700172935581493,0.1865974473560113,0.632998270644185,0.8134025526439886,0.0058075545243936955,0.36700172935581493,0.01143417101418285,Combined,Switzerland
0.3744650645689531,14527,2546280,9914212,22481,0.39253674881106787,0.20434827132026567,0.6074632511889321,0.7956517286797343,0.0056728211067839165,0.39253674881106787,0.011184014258136166,Combined,Switzerland
0.3941737521778454,15421,2768059,9692433,21587,0.4166936878512754,0.22214684620799885,0.5833063121487246,0.7778531537920012,0.005540187103913088,0.4166936878512754,0.010934987136977716,Combined,Switzerland
0.41388243978673767,16236,2991432,9469060,20772,0.438715953307393,0.24007334541846342,0.561284046692607,0.7599266545815366,0.005398202195189097,0.438715953307393,0.010665174225434827,Combined,Switzerland
0.43359112739562994,17029,3215091,9245401,19979,0.46014375270211844,0.25802279717365895,0.5398562472978815,0.741977202826341,0.00526867814313825,0.46014375270211844,0.010418068671523416,Combined,Switzerland
0.4532998150045222,17839,3438352,9022140,19169,0.4820309122351924,0.2759403079749981,0.5179690877648077,0.7240596920250019,0.005161462430751078,0.4820309122351924,0.010213560693221314,Combined,Switzerland
0.4730085026134144,18603,3660303,8800189,18405,0.5026750972762646,0.29375268649103103,0.4973249027237354,0.706247313508969,0.00505666630242795,0.5026750972762646,0.010012610625541925,Combined,Switzerland
0.4927171902223067,19380,3882238,8578254,17628,0.5236705577172504,0.3115637809486174,0.47632944228274965,0.6884362190513825,0.004967170030484788,0.5236705577172504,0.009840995311562966,Combined,Switzerland
0.512425877831199,20089,4103609,8356883,16919,0.5428285776048422,0.32932961234596514,0.4571714223951578,0.6706703876540349,0.00487159825962037,0.5428285776048422,0.009656534251639023,Combined,Switzerland
0.5321345654400913,20781,4323542,8136950,16227,0.5615272373540856,0.3469800389904347,0.4384727626459144,0.6530199610095653,0.004783484100974997,0.5615272373540856,0.009486158429938302,Combined,Switzerland
0.5518432530489835,21458,4542407,7918085,15550,0.5798205793341981,0.3645447547336012,0.420179420665802,0.6354552452663987,0.004701716637104734,0.5798205793341981,0.009327794964129634,Combined,Switzerland
0.5715519406578758,22162,4759244,7701248,14846,0.5988434932987462,0.3819467160686753,0.4011565067012538,0.6180532839313247,0.004635038312998311,0.5988434932987462,0.00919887747296102,Combined,Switzerland
0.5912606282667681,22762,4975484,7485008,14246,0.6150562040639862,0.39930076597296477,0.38494379593601386,0.6006992340270352,0.004553997542337852,0.6150562040639862,0.009041053341102554,Combined,Switzerland
0.6109693158756604,23457,5189706,7270786,13551,0.6338359273670557,0.41649286400569097,0.3661640726329442,0.583507135994309,0.004499571565285796,0.6338359273670557,0.00893570895119416,Combined,Switzerland
0.6306780034845526,24057,5402632,7057860,12951,0.6500486381322957,0.43358095330425156,0.34995136186770426,0.5664190466957485,0.004433089863819357,0.6500486381322957,0.008806125229858098,Combined,Switzerland
0.6503866910934448,24624,5612970,6847522,12384,0.6653696498054474,0.45046134614909267,0.3346303501945525,0.5495386538509073,0.004367820740549958,0.6653696498054474,0.008678670327892598,Combined,Switzerland
0.6700953787023372,25179,5821805,6638687,11829,0.6803664072632944,0.4672211177536168,0.31963359273670555,0.5327788822463833,0.004306322712701112,0.6803664072632944,0.008558475266451756,Combined,Switzerland
0.6898040663112294,25760,6028602,6431890,11248,0.6960657155209684,0.4838173324135195,0.30393428447903154,0.5161826675864806,0.004254783575874717,0.6960657155209684,0.008457867441971183,Combined,Switzerland
0.7095127539201217,26289,6231842,6228650,10719,0.7103599221789884,0.5001280848300372,0.2896400778210117,0.49987191516996277,0.0042007749598082875,0.7103599221789884,0.008352158705312146,Combined,Switzerland
0.7292214415290139,26809,6433076,6027416,10199,0.7244109381755296,0.5162778484188265,0.2755890618244704,0.48372215158117354,0.004150073879024162,0.7244109381755296,0.008252867947802127,Combined,Switzerland
0.7489301291379062,27256,6631945,5828547,9752,0.7364894076956334,0.5322378121184942,0.26351059230436663,0.4677621878815058,0.004092983527603387,0.7364894076956334,0.008140725595631799,Combined,Switzerland
0.7686388167467985,27715,6828461,5632031,9293,0.7488921314310419,0.5480089389728753,0.25110786856895806,0.4519910610271248,0.004042340803386611,0.7488921314310419,0.008041276716246076,Combined,Switzerland
0.7883475043556908,28219,7022142,5438350,8789,0.7625108084738434,0.5635525467212691,0.2374891915261565,0.4364474532787309,0.004002490085259464,0.7625108084738434,0.007963180695121136,Combined,Switzerland
0.808056191964583,28686,7214069,5246423,8322,0.7751297016861219,0.5789553895624667,0.2248702983138781,0.4210446104375333,0.003960647571262593,0.7751297016861219,0.007881025797131035,Combined,Switzerland
0.8277648795734753,29117,7403407,5057085,7891,0.7867758322524859,0.5941504556962919,0.21322416774751404,0.40584954430370807,0.003917511736255409,0.7867758322524859,0.00779620463504273,Combined,Switzerland
0.8474735671823675,29512,7590582,4869910,7496,0.7974492001729356,0.6091719331788825,0.20255079982706442,0.3908280668211175,0.003872918103110014,0.7974492001729356,0.007708399339593491,Combined,Switzerland
0.8671822547912599,29911,7773649,4686843,7097,0.8082306528318202,0.6238637286553372,0.19176934716817987,0.3761362713446628,0.0038329941718907782,0.8082306528318202,0.007629804371315956,Combined,Switzerland
0.8868909424001521,30291,7954764,4505728,6717,0.8184987029831388,0.6383988690013204,0.1815012970168612,0.3616011309986797,0.003793461660564642,0.8184987029831388,0.007551922741070471,Combined,Switzerland
0.9065996300090444,30681,8133081,4327411,6327,0.8290369649805448,0.6527094596264739,0.17096303501945526,0.3472905403735262,0.0037581938326962496,0.8290369649805448,0.007482468109701893,Combined,Switzerland
0.9263083176179366,31064,8308102,4152390,5944,0.8393860786856896,0.6667555342116507,0.16061392131431043,0.33324446578834926,0.0037250727470828616,0.8393860786856896,0.0074172289162092375,Combined,Switzerland
0.9460170052268289,31395,8480566,3979926,5613,0.8483300907911803,0.6805964002063482,0.1516699092088197,0.3194035997936518,0.0036883392675318882,0.8483300907911803,0.007344745313733153,Combined,Switzerland
0.9657256928357212,31749,8650134,3810358,5259,0.8578955901426718,0.6942048516222313,0.14210440985732814,0.3057951483777687,0.0036569255770896704,0.8578955901426718,0.0072828069533155074,Combined,Switzerland
0.9854343804446134,32029,8817020,3643472,4979,0.8654615218331172,0.7075980627410218,0.13453847816688283,0.29240193725897823,0.003619484986465777,0.8654615218331172,0.007208821640464382,Combined,Switzerland
1.0051430680535056,32332,8980740,3479752,4676,0.8736489407695633,0.7207371907947134,0.12635105923043666,0.2792628092052866,0.0035872341860799513,0.8736489407695633,0.007145130208793734,Combined,Switzerland
1.024851755662398,32644,9141114,3319378,4364,0.8820795503674881,0.7336077901257831,0.11792044963251189,0.26639220987421686,0.003558410849730285,0.8820795503674881,0.007088226972653523,Combined,Switzerland
1.0445604432712903,32939,9298306,3162186,4069,0.8900507998270644,0.7462230223333075,0.10994920017293558,0.25377697766669244,0.003529968401858487,0.8900507998270644,0.007032047490604704,Combined,Switzerland
1.0642691308801826,33204,9452518,3007974,3804,0.8972114137483788,0.7585990986551735,0.10278858625162127,0.2414009013448265,0.003500418840020823,0.8972114137483788,0.0069736304610127555,Combined,Switzerland
1.0839778184890747,33481,9603699,2856793,3527,0.9046962818849978,0.7707319261550828,0.09530371811500216,0.2292680738449172,0.0034741490768046253,0.9046962818849978,0.006921717874409718,Combined,Switzerland
1.103686506097967,33713,9751815,2708677,3295,0.9109651967142239,0.7826187762088367,0.08903480328577605,0.2173812237911633,0.003445189671931857,0.9109651967142239,0.00686441872037934,Combined,Switzerland
1.1233951937068594,33945,9895493,2564999,3063,0.91723411154345,0.7941494605509959,0.08276588845654993,0.2058505394490041,0.003418622483971399,0.91723411154345,0.00681185650331121,Combined,Switzerland
1.1431038813157517,34175,10035586,2424906,2833,0.9234489840034588,0.8053924355474888,0.0765510159965413,0.19460756445251118,0.00339382434200772,0.9234489840034588,0.0067627943213107965,Combined,Switzerland
1.1628125689246438,34377,10171852,2288640,2631,0.9289072632944229,0.8163282798143123,0.07109273670557717,0.1836717201856877,0.003368237181431065,0.9289072632944229,0.006712136017159419,Combined,Switzerland
1.1825212565335361,34589,10305897,2154595,2419,0.9346357544314743,0.8270858807180327,0.06536424556852573,0.17291411928196737,0.003345007188250146,0.9346357544314743,0.006666156588478875,Combined,Switzerland
1.2022299441424285,34778,10436083,2024409,2230,0.9397427583225249,0.8375337827751905,0.06025724167747514,0.16246621722480942,0.003321407857481825,0.9397427583225249,0.006619420169779429,Combined,Switzerland
1.2219386317513208,34988,10562470,1898022,2020,0.9454172070903588,0.8476768012049605,0.05458279290964116,0.15232319879503955,0.0033015464651994847,0.9454172070903588,0.006580114130789453,Combined,Switzerland
1.2416473193602129,35152,10684466,1776026,1856,0.949848681366191,0.8574674258448222,0.05015131863380891,0.1425325741551778,0.003279221330461589,0.949848681366191,0.006535878443668117,Combined,Switzerland
1.2613560069691052,35320,10802908,1657584,1688,0.9543882403804583,0.8669728290022577,0.04561175961954172,0.1330271709977423,0.0032588353003830516,0.9543882403804583,0.006495491224282397,Combined,Switzerland
1.2810646945779975,35457,10916850,1543642,1551,0.9580901426718548,0.8761170907216184,0.04190985732814526,0.12388290927838162,0.003237400120358204,0.9580901426718548,0.006452995477880105,Combined,Switzerland
1.3007733821868896,35599,11026548,1433944,1409,0.9619271508862949,0.8849207559380481,0.03807284911370514,0.11507924406195197,0.00321809138858849,0.9619271508862949,0.00641472256221307,Combined,Switzerland
1.320482069795782,35738,11132323,1328169,1270,0.9656830955469088,0.8934095860741293,0.034316904453091227,0.10659041392587067,0.0032000183380087198,0.9656830955469088,0.006378898693082569,Combined,Switzerland
1.3401907574046743,35855,11234103,1226389,1153,0.9688445741461306,0.9015778028668531,0.031155425853869434,0.09842219713314691,0.0031814670471708947,0.9688445741461306,0.006342108042068933,Combined,Switzerland
1.3598994450135666,35974,11332797,1127695,1034,0.9720600951145698,0.9094983568867104,0.02793990488543018,0.09050164311328959,0.003164282225405015,0.9720600951145698,0.006308030341461114,Combined,Switzerland
1.3796081326224587,36097,11426854,1033638,911,0.975383700821444,0.9170467747180449,0.024616299178555987,0.08295322528195516,0.0031490145949328407,0.975383700821444,0.006277761512019304,Combined,Switzerland
1.399316820231351,36195,11516403,944089,813,0.9780317769130998,0.9242334090820812,0.021968223086900128,0.0757665909179188,0.0031330614983746514,0.9780317769130998,0.006246113974884047,Combined,Switzerland
1.4190255078402434,36281,11601781,858711,727,0.9803555987894509,0.9310853054598486,0.01964440121054907,0.06891469454015138,0.0031174434368883754,0.9803555987894509,0.006215123335448953,Combined,Switzerland
1.4387341954491357,36354,11683498,776994,654,0.9823281452658884,0.937643393214329,0.017671854734111543,0.062356606785671065,0.0031019163040625426,0.9823281452658884,0.006184304312546037,Combined,Switzerland
1.4584428830580278,36427,11760108,700384,581,0.9843006917423259,0.9437916255634208,0.015699308257674016,0.05620837443657923,0.0030879406537597694,0.9843006917423259,0.006156566972376743,Combined,Switzerland
1.4781515706669202,36505,11832365,628127,503,0.9864083441418072,0.9495905137614149,0.013591655858192823,0.05040948623858512,0.0030756929682438177,0.9864083441418072,0.0061322650878834805,Combined,Switzerland
1.4978602582758125,36565,11900823,559669,443,0.9880296152183312,0.9550845183320209,0.01197038478166883,0.04491548166797908,0.003063065387503531,0.9880296152183312,0.0061071973901648145,Combined,Switzerland
1.5175689458847048,36621,11965009,495483,387,0.9895428015564203,0.9602356792974146,0.010457198443579766,0.03976432070258542,0.0030513355269242595,0.9895428015564203,0.006083910821141063,Combined,Switzerland
1.537277633493597,36676,12025374,435118,332,0.9910289667099006,0.9650801910550563,0.008971033290099437,0.034919808944943745,0.003040610841440717,0.9910289667099006,0.006062620742871057,Combined,Switzerland
1.5569863211024892,36735,12081051,379441,273,0.9926232166018158,0.9695484736878769,0.007376783398184176,0.03045152631212315,0.0030314943670403157,0.9926232166018158,0.006044528603281964,Combined,Switzerland
1.5766950087113816,36779,12132406,328086,229,0.9938121487246001,0.9736699000328398,0.006187851275399913,0.026330099967160205,0.003022305930923065,0.9938121487246001,0.006026285181628703,Combined,Switzerland
1.5964036963202737,36807,12180026,280466,201,0.9945687418936446,0.9774915789842006,0.005431258106355382,0.022508421015799376,0.003012810275789151,0.9945687418936446,0.006007422488997532,Combined,Switzerland
1.616112383929166,36846,12223398,237094,162,0.9956225680933852,0.9809723404180188,0.004377431906614786,0.019027659581981195,0.0030053235482099703,0.9956225680933852,0.005992558337423679,Combined,Switzerland
1.6358210715380583,36879,12262508,197984,129,0.9965142671854734,0.9841110607831537,0.003485732814526589,0.015888939216846334,0.0029984421174811394,0.9965142671854734,0.005978894158301514,Combined,Switzerland
1.6555297591469507,36903,12297614,162878,105,0.997162775616083,0.9869284455220548,0.002837224383916991,0.013071554477945172,0.0029918479985880275,0.997162775616083,0.005965796455974506,Combined,Switzerland
1.6752384467558428,36919,12328755,131737,89,0.9975951145698227,0.9894276245271856,0.002404885430177259,0.010572375472814395,0.0029856035344292594,0.9975951145698227,0.005953389758763466,Combined,Switzerland
1.694947134364735,36937,12355969,104523,71,0.99808149589278,0.9916116474373564,0.0019185041072200604,0.008388352562643593,0.002980495454415615,0.99808149589278,0.0059432430505955225,Combined,Switzerland
1.7146558219736274,36947,12379345,81147,61,0.9983517077388673,0.9934876568276758,0.001648292261132728,0.006512343172324174,0.002975687105296815,0.9983517077388673,0.005933688259336882,Combined,Switzerland
1.7343645095825198,36959,12398971,61521,49,0.9986759619541721,0.9950627150195995,0.0013240380458279292,0.004937284980400453,0.0029719530425147134,0.9986759619541721,0.005926270137797526,Combined,Switzerland
1.7540731971914119,36967,12415428,45064,41,0.9988921314310419,0.9963834493854656,0.001107868568958063,0.003616550614534322,0.0029686658670882186,0.9988921314310419,0.005919738517525617,Combined,Switzerland
1.7737818848003042,36973,12428461,32031,35,0.9990542585386943,0.9974293952437833,0.0009457414613056636,0.002570604756216689,0.0029660419364460153,0.9990542585386943,0.00591452453848616,Combined,Switzerland
1.7934905724091965,36983,12438635,21857,25,0.9993244703847817,0.998245895908444,0.0006755296152183312,0.0017541040915559354,0.002964422283529361,0.9993244703847817,0.005911309104899323,Combined,Switzerland
1.8131992600180888,36992,12446563,13929,16,0.9995676610462603,0.998882146868679,0.00043233895373973193,0.0011178531313209784,0.002963258462833704,0.9995676610462603,0.005908999459529097,Combined,Switzerland
1.832907947626981,36999,12452284,8208,9,0.9997568093385214,0.9993412780169515,0.00024319066147859923,0.0006587219830485024,0.0029624598946152475,0.9997568093385214,0.005907415052069285,Combined,Switzerland
1.8526166352358733,37003,12456109,4383,5,0.9998648940769563,0.9996482482393151,0.00013510592304366624,0.0003517517606848911,0.0029618721100074987,0.9998648940769563,0.005906248304086473,Combined,Switzerland
1.8723253228447656,37006,12458450,2042,2,0.9999459576307825,0.9998361220407669,5.404236921746649e-05,0.0001638779592330704,0.0029615565850497974,0.9999459576307825,0.005905622389978539,Combined,Switzerland
1.8920340104536577,37008,12459770,722,0,1.0,0.9999420568626022,0.0,5.794313739778493e-05,0.0029614033313226816,1.0,0.0059053186323749255,Combined,Switzerland
1.91174269806255,37008,12460330,162,0,1.0,0.9999869989082293,0.0,1.3001091770694127e-05,0.002961270632193832,1.0,0.005905054799029802,Combined,Switzerland
1.9314513856714424,37008,12460470,22,0,1.0,0.9999982344196361,0.0,1.7655803639214246e-06,0.002961237459269782,1.0,0.005904988844377025,Combined,Switzerland
1.9511600732803345,37008,12460491,1,0,1.0,0.999999919746347,0.0,8.02536529055193e-08,0.0029612324833952776,1.0,0.005904978951306182,Combined,Switzerland
