threshold,tp,fp,tn,fn,tpr,fpr,fnr,tnr,precision,recall,f1,Samples per test
0.0,0,0,2070,787290,0.0,0.0,1.0,1.0,,0.0,,1
0.0018122888303495146,29,0,2070,787261,3.683521955061032e-05,0.0,0.9999631647804494,1.0,1.0,3.683521955061032e-05,7.366772553437678e-05,1
0.0036245776606990293,134,0,2070,787156,0.00017020411792350977,0.0,0.9998297958820765,1.0,1.0,0.00017020411792350977,0.0003403503068232617,1
0.005436866491048544,339,0,2070,786951,0.00043059101474678964,0.0,0.9995694089852533,1.0,1.0,0.00043059101474678964,0.0008608113718514681,1
0.0072491553213980585,606,0,2070,786684,0.0007697290706093053,0.0,0.9992302709293907,1.0,1.0,0.0007697290706093053,0.0015382740869353316,1
0.009061444151747573,892,0,2070,786398,0.0011330005461773934,0.0,0.9988669994538226,1.0,1.0,0.0011330005461773934,0.0022634366174309993,1
0.010873732982097088,1154,0,2070,786136,0.0014657877021173901,0.0,0.9985342122978826,1.0,1.0,0.0014657877021173901,0.002927284626428764,1
0.012686021812446602,1467,0,2070,785823,0.0018633540372670807,0.0,0.9981366459627329,1.0,1.0,0.0018633540372670807,0.0037197768133911966,1
0.014498310642796117,1771,0,2070,785519,0.0022494887525562374,0.0,0.9977505112474437,1.0,1.0,0.0022494887525562374,0.004488879820444808,1
0.016310599473145632,2107,0,2070,785183,0.0026762692273495153,0.0,0.9973237307726505,1.0,1.0,0.0026762692273495153,0.005338251855530234,1
0.018122888303495146,2392,0,2070,784898,0.0030382705229330996,0.0,0.9969617294770668,1.0,1.0,0.0030382705229330996,0.006058134793499156,1
0.01993517713384466,2702,0,2070,784588,0.003432026318129279,0.0,0.9965679736818707,1.0,1.0,0.003432026318129279,0.006840575600765577,1
0.021747465964194176,3024,0,2070,784266,0.003841024273139504,0.0,0.9961589757268605,1.0,1.0,0.003841024273139504,0.007652654514534729,1
0.02355975479454369,3346,0,2070,783944,0.004250022228149729,0.0,0.9957499777718503,1.0,1.0,0.004250022228149729,0.008464071962318945,1
0.025372043624893204,3669,0,2070,783621,0.004660290363144457,0.0,0.9953397096368556,1.0,1.0,0.004660290363144457,0.009277345601984425,1
0.02718433245524272,4016,0,2070,783274,0.005101042817767278,0.0,0.9948989571822328,1.0,1.0,0.005101042817767278,0.010150308477377903,1
0.028996621285592234,4390,0,2070,782900,0.005576090131971701,0.0,0.9944239098680283,1.0,1.0,0.005576090131971701,0.011090339531123686,1
0.030808910115941748,4749,0,2070,782541,0.006032084746408566,0.0,0.9939679152535914,1.0,1.0,0.006032084746408566,0.011991833735459995,1
0.032621198946291265,5137,0,2070,782153,0.006524914580396042,0.0,0.9934750854196039,1.0,1.0,0.006524914580396042,0.012965232128637715,1
0.03443348777664078,5489,0,2070,781801,0.006972017934941381,0.0,0.9930279820650586,1.0,1.0,0.006972017934941381,0.013847490914870348,1
0.03624577660699029,5896,0,2070,781394,0.00748898118863443,0.0,0.9925110188113656,1.0,1.0,0.00748898118863443,0.01486662649113827,1
0.038058065437339805,6322,0,2070,780968,0.008030077862033051,0.0,0.991969922137967,1.0,1.0,0.008030077862033051,0.015932218766853325,1
0.03987035426768932,6732,0,2070,780558,0.00855085165567961,0.0,0.9914491483443204,1.0,1.0,0.00855085165567961,0.01695670900806275,1
0.04168264309803884,7182,0,2070,780108,0.009122432648706321,0.0,0.9908775673512937,1.0,1.0,0.009122432648706321,0.018079932332417,1
0.04349493192838835,7614,0,2070,779676,0.009671150402011965,0.0,0.9903288495979881,1.0,1.0,0.009671150402011965,0.019157030282902086,1
0.045307220758737866,8082,0,2070,779208,0.010265594634759746,0.0,0.9897344053652403,1.0,1.0,0.010265594634759746,0.020322566044567825,1
0.04711950958908738,8512,0,2070,778778,0.010811772028096382,0.0,0.9891882279719036,1.0,1.0,0.010811772028096382,0.0213922558626392,1
0.048931798419436894,8944,0,2070,778346,0.011360489781402024,0.0,0.988639510218598,1.0,1.0,0.011360489781402024,0.02246575755368397,1
0.05074408724978641,9378,0,2070,777912,0.011911747894676675,0.0,0.9880882521053234,1.0,1.0,0.011911747894676675,0.023543056831704046,1
0.05255637608013593,9853,0,2070,777437,0.012515083387315983,0.0,0.987484916612684,1.0,1.0,0.012515083387315983,0.024720784100217903,1
0.05436866491048544,10338,0,2070,776952,0.013131120679800328,0.0,0.9868688793201996,1.0,1.0,0.013131120679800328,0.025921858309888822,1
0.056180953740834955,10847,0,2070,776443,0.013777642291912764,0.0,0.9862223577080872,1.0,1.0,0.013777642291912764,0.02718079728166969,1
0.05799324257118447,11346,0,2070,775944,0.014411462104180163,0.0,0.9855885378958198,1.0,1.0,0.014411462104180163,0.028413444923594728,1
0.05980553140153398,11853,0,2070,775437,0.01505544335632359,0.0,0.9849445566436764,1.0,1.0,0.01505544335632359,0.02966427785765501,1
0.061617820231883495,12399,0,2070,774891,0.015748961627862667,0.0,0.9842510383721373,1.0,1.0,0.015748961627862667,0.031009554964492442,1
0.06343010906223301,12893,0,2070,774397,0.016376430540207546,0.0,0.9836235694597925,1.0,1.0,0.016376430540207546,0.032225128501855195,1
0.06524239789258253,13407,0,2070,773883,0.0170293030522425,0.0,0.9829706969477575,1.0,1.0,0.0170293030522425,0.03348832329832633,1
0.06705468672293204,13963,0,2070,773327,0.01773552312362662,0.0,0.9822644768763734,1.0,1.0,0.01773552312362662,0.03485291162716395,1
0.06886697555328156,14544,0,2070,772746,0.01847349769462333,0.0,0.9815265023053766,1.0,1.0,0.01847349769462333,0.036276835354948786,1
0.07067926438363108,15205,0,2070,772085,0.019313086664380343,0.0,0.9806869133356196,1.0,1.0,0.019313086664380343,0.0378943170985489,1
0.07249155321398058,15781,0,2070,771509,0.020044710335454533,0.0,0.9799552896645455,1.0,1.0,0.020044710335454533,0.03930163086451882,1
0.0743038420443301,16363,0,2070,770927,0.020783955086435747,0.0,0.9792160449135643,1.0,1.0,0.020783955086435747,0.04072155519857451,1
0.07611613087467961,16977,0,2070,770313,0.021563845596921084,0.0,0.978436154403079,1.0,1.0,0.021563845596921084,0.04221732335157354,1
0.07792841970502913,17601,0,2070,769689,0.022356437907251458,0.0,0.9776435620927485,1.0,1.0,0.022356437907251458,0.04373511444406759,1
0.07974070853537864,18241,0,2070,769049,0.02316935309733389,0.0,0.9768306469026661,1.0,1.0,0.02316935309733389,0.04528938054525524,1
0.08155299736572816,18876,0,2070,768414,0.023975917387493807,0.0,0.9760240826125062,1.0,1.0,0.023975917387493807,0.0468290649816539,1
0.08336528619607768,19536,0,2070,767754,0.02481423617726632,0.0,0.9751857638227337,1.0,1.0,0.02481423617726632,0.048426798343137185,1
0.08517757502642719,20199,0,2070,767091,0.02565636550699234,0.0,0.9743436344930076,1.0,1.0,0.02565636550699234,0.050029164483974396,1
0.0869898638567767,20830,0,2070,766460,0.02645784907721424,0.0,0.9735421509227857,1.0,1.0,0.02645784907721424,0.0515517497401376,1
0.08880215268712621,21520,0,2070,765770,0.027334273266521866,0.0,0.9726657267334782,1.0,1.0,0.027334273266521866,0.05321398103386457,1
0.09061444151747573,22230,0,2070,765060,0.028236101055519568,0.0,0.9717638989444805,1.0,1.0,0.028236101055519568,0.05492143492439964,1
0.09242673034782524,22921,0,2070,764369,0.029113795424811694,0.0,0.9708862045751883,1.0,1.0,0.029113795424811694,0.05658032290353994,1
0.09423901917817476,23638,0,2070,763652,0.030024514473700924,0.0,0.9699754855262991,1.0,1.0,0.030024514473700924,0.058298640569816304,1
0.09605130800852428,24333,0,2070,762957,0.030907289562931067,0.0,0.9690927104370689,1.0,1.0,0.030907289562931067,0.05996133672899857,1
0.09786359683887379,24994,0,2070,762296,0.03174687853268808,0.0,0.9682531214673119,1.0,1.0,0.03174687853268808,0.06154005249395532,1
0.09967588566922331,25685,0,2070,761605,0.03262457290198021,0.0,0.9673754270980198,1.0,1.0,0.03262457290198021,0.06318767489775208,1
0.10148817449957281,26441,0,2070,760849,0.03358482897026509,0.0,0.966415171029735,1.0,1.0,0.03358482897026509,0.06498707803930291,1
0.10330046332992233,27208,0,2070,760082,0.0345590570183795,0.0,0.9654409429816205,1.0,1.0,0.0345590570183795,0.06680924937814457,1
0.10511275216027186,27960,0,2070,759330,0.035514232366726364,0.0,0.9644857676332736,1.0,1.0,0.035514232366726364,0.06859245630174793,1
0.10692504099062136,28713,0,2070,758577,0.03647067789505773,0.0,0.9635293221049422,1.0,1.0,0.03647067789505773,0.07037474126933357,1
0.10873732982097088,29490,0,2070,757800,0.037457607743017186,0.0,0.9625423922569828,1.0,1.0,0.037457607743017186,0.07221038712994932,1
0.11054961865132039,30297,0,2070,756993,0.03848264299051175,0.0,0.9615173570094883,1.0,1.0,0.03848264299051175,0.07411321363964934,1
0.11236190748166991,31101,0,2070,756189,0.039503867698052815,0.0,0.9604961323019472,1.0,1.0,0.039503867698052815,0.0760052346616715,1
0.11417419631201942,31900,0,2070,755390,0.040518741505671356,0.0,0.9594812584943286,1.0,1.0,0.040518741505671356,0.07788181008068946,1
0.11598648514236894,32677,0,2070,754613,0.041505671353630806,0.0,0.9584943286463692,1.0,1.0,0.041505671353630806,0.07970320756810945,1
0.11779877397271846,33458,0,2070,753832,0.04249768192152828,0.0,0.9575023180784717,1.0,1.0,0.04249768192152828,0.08153050631862642,1
0.11961106280306796,34254,0,2070,753036,0.04350874518919331,0.0,0.9564912548108067,1.0,1.0,0.04350874518919331,0.08338932546522158,1
0.12142335163341748,35035,0,2070,752255,0.04450075575709078,0.0,0.9554992442429092,1.0,1.0,0.04450075575709078,0.08520961906788678,1
0.12323564046376699,35881,0,2070,751409,0.045575328023980996,0.0,0.954424671976019,1.0,1.0,0.045575328023980996,0.08717751232732932,1
0.1250479292941165,36709,0,2070,750581,0.04662703705115015,0.0,0.9533729629488499,1.0,1.0,0.04662703705115015,0.08909962269371687,1
0.12686021812446602,37555,0,2070,749735,0.047701609318040364,0.0,0.9522983906819597,1.0,1.0,0.047701609318040364,0.09105953239699578,1
0.12867250695481555,38393,0,2070,748897,0.04876602014505455,0.0,0.9512339798549454,1.0,1.0,0.04876602014505455,0.09299694919236559,1
0.13048479578516506,39246,0,2070,748044,0.0498494836718363,0.0,0.9501505163281637,1.0,1.0,0.0498494836718363,0.09496501059844943,1
0.13229708461551457,40141,0,2070,747149,0.050986294757967204,0.0,0.9490137052420328,1.0,1.0,0.050986294757967204,0.09702561301184028,1
0.13410937344586407,41061,0,2070,746229,0.0521548603437107,0.0,0.9478451396562892,1.0,1.0,0.0521548603437107,0.09913913304867139,1
0.1359216622762136,41906,0,2070,745384,0.05322816243061642,0.0,0.9467718375693835,1.0,1.0,0.05322816243061642,0.10107622323310775,1
0.1377339511065631,42797,0,2070,744493,0.054359892796809306,0.0,0.9456401072031907,1.0,1.0,0.054359892796809306,0.10311449281822267,1
0.13954623993691262,43687,0,2070,743603,0.055490352983017695,0.0,0.9445096470169823,1.0,1.0,0.055490352983017695,0.1051461111438704,1
0.14135852876726215,44537,0,2070,742753,0.056570005969845925,0.0,0.943429994030154,1.0,1.0,0.056570005969845925,0.10708236207769163,1
0.14317081759761166,45427,0,2070,741863,0.057700466156054314,0.0,0.9422995338439457,1.0,1.0,0.057700466156054314,0.10910549442367576,1
0.14498310642796117,46359,0,2070,740931,0.058884273901611855,0.0,0.9411157260983881,1.0,1.0,0.058884273901611855,0.11121947006473948,1
0.14679539525831067,47260,0,2070,740030,0.06002870606764978,0.0,0.9399712939323502,1.0,1.0,0.06002870606764978,0.11325864238212209,1
0.1486076840886602,48164,0,2070,739126,0.06117694877364122,0.0,0.9388230512263588,1.0,1.0,0.06117694877364122,0.11530018409152387,1
0.15041997291900971,49120,0,2070,738170,0.06239124083882686,0.0,0.9376087591611731,1.0,1.0,0.06239124083882686,0.11745435850838702,1
0.15223226174935922,50048,0,2070,737242,0.0635699678644464,0.0,0.9364300321355536,1.0,1.0,0.0635699678644464,0.11954073504367413,1
0.15404455057970876,51009,0,2070,736281,0.06479061082955455,0.0,0.9352093891704455,1.0,1.0,0.06479061082955455,0.12169643528144491,1
0.15585683941005826,51984,0,2070,735306,0.06602903631444576,0.0,0.9339709636855542,1.0,1.0,0.06602903631444576,0.12387849498495128,1
0.15766912824040777,52971,0,2070,734319,0.06728270395915101,0.0,0.932717296040849,1.0,1.0,0.06728270395915101,0.126082253014242,1
0.15948141707075728,53955,0,2070,733335,0.06853256106390275,0.0,0.9314674389360973,1.0,1.0,0.06853256106390275,0.12827416507676123,1
0.1612937059011068,54905,0,2070,732385,0.06973923204918137,0.0,0.9302607679508186,1.0,1.0,0.06973923204918137,0.13038548079720252,1
0.16310599473145632,55797,0,2070,731493,0.07087223259535876,0.0,0.9291277674046412,1.0,1.0,0.07087223259535876,0.13236356390265772,1
0.16491828356180582,56811,0,2070,730479,0.07216019509964562,0.0,0.9278398049003543,1.0,1.0,0.07216019509964562,0.1346071145514577,1
0.16673057239215536,57778,1,2069,729512,0.0733884591446608,0.0004830917874396135,0.9266115408553393,0.9995169082125603,0.9999826926738088,0.0733884591446608,0.13674149684818637,1
0.16854286122250486,58707,2,2068,728583,0.07456845635026484,0.000966183574879227,0.9254315436497351,0.9990338164251208,0.999965933672861,0.07456845635026484,0.13878739809385118,1
0.17035515005285437,59662,3,2067,727628,0.07578147823546597,0.0014492753623188406,0.924218521764534,0.9985507246376811,0.9999497192659013,0.07578147823546597,0.14088587941508107,1
0.17216743888320388,60679,3,2067,726611,0.07707325127970634,0.0014492753623188406,0.9229267487202937,0.9985507246376811,0.9999505619458818,0.07707325127970634,0.14311557457085847,1
0.1739797277135534,61584,3,2067,725706,0.07822276416568227,0.0014492753623188406,0.9217772358343177,0.9985507246376811,0.9999512884212577,0.07822276416568227,0.1450952258100997,1
0.17579201654390292,62564,3,2067,724726,0.079467540550496,0.0014492753623188406,0.920532459449504,0.9985507246376811,0.9999520514008983,0.079467540550496,0.14723418175057687,1
0.17760430537425242,63576,3,2067,723714,0.08075296269481386,0.0014492753623188406,0.9192470373051862,0.9985507246376811,0.9999528146085972,0.08075296269481386,0.14943781005066586,1
0.17941659420460196,64604,3,2067,722686,0.08205870771888377,0.0014492753623188406,0.9179412922811162,0.9985507246376811,0.9999535654031297,0.08205870771888377,0.1516709179630871,1
0.18122888303495147,65571,3,2067,721719,0.08328697176389895,0.0014492753623188406,0.916713028236101,0.9985507246376811,0.9999542501601244,0.08328697176389895,0.15376660288158486,1
0.18304117186530097,66556,4,2066,720734,0.0845380990486352,0.001932367149758454,0.9154619009513648,0.9980676328502416,0.9999399038461538,0.0845380990486352,0.1558962347016455,1
0.18485346069565048,67531,4,2066,719759,0.0857765245335264,0.001932367149758454,0.9142234754664736,0.9980676328502416,0.9999407714518398,0.0857765245335264,0.15799959055947121,1
0.186665749526,68551,4,2066,718739,0.08707210811772029,0.001932367149758454,0.9129278918822797,0.9980676328502416,0.999941652687623,0.08707210811772029,0.16019489510366947,1
0.18847803835634952,69592,5,2065,717698,0.08839436548158874,0.0024154589371980675,0.9116056345184113,0.9975845410628019,0.9999281578228947,0.08839436548158874,0.16242981863419562,1
0.19029032718669903,70558,5,2065,716732,0.08962135934661941,0.0024154589371980675,0.9103786406533806,0.9975845410628019,0.9999291413346938,0.08962135934661941,0.16449904587382685,1
0.19210261601704856,71488,5,2065,715802,0.09080262673220796,0.0024154589371980675,0.909197373267792,0.9975845410628019,0.9999300630830991,0.09080262673220796,0.16648676091631995,1
0.19391490484739807,72473,6,2064,714817,0.0920537540169442,0.002898550724637681,0.9079462459830558,0.9971014492753624,0.9999172174009023,0.0920537540169442,0.1685871437560554,1
0.19572719367774757,73530,6,2064,713760,0.09339633426056472,0.002898550724637681,0.9066036657394353,0.9971014492753624,0.9999184073107049,0.09339633426056472,0.17083591806009576,1
0.1975394825080971,74580,6,2064,712710,0.09473002324429372,0.002898550724637681,0.9052699767557063,0.9971014492753624,0.9999195559488376,0.09473002324429372,0.17306433872157945,1
0.19935177133844662,75605,7,2063,711685,0.09603195772841011,0.003381642512077295,0.9039680422715899,0.9966183574879227,0.9999074221023118,0.09603195772841011,0.175234267622511,1
0.20116406016879612,76627,7,2063,710663,0.09733008167257301,0.003381642512077295,0.902669918327427,0.9966183574879227,0.9999086567319988,0.09733008167257301,0.17739291882156302,1
0.20297634899914563,77670,9,2061,709620,0.09865487939641047,0.004347826086956522,0.9013451206035895,0.9956521739130435,0.9998841385702699,0.09865487939641047,0.1795902512113151,1
0.20478863782949516,78761,9,2061,708529,0.10004064575950412,0.004347826086956522,0.8999593542404959,0.9956521739130435,0.999885743303288,0.10004064575950412,0.18188347227674756,1
0.20660092665984467,79786,9,2061,707504,0.10134258024362051,0.004347826086956522,0.8986574197563795,0.9956521739130435,0.9998872109781315,0.10134258024362051,0.18403270728936608,1
0.20841321549019418,80788,10,2060,706502,0.10261530058809333,0.004830917874396135,0.8973846994119067,0.9951690821256038,0.9998762345602614,0.10261530058809333,0.18612859525762365,1
0.2102255043205437,81850,10,2060,705440,0.10396423173163637,0.004830917874396135,0.8960357682683636,0.9951690821256038,0.9998778402150013,0.10396423173163637,0.18834493470632227,1
0.21203779315089322,82896,10,2060,704394,0.10529283999542735,0.004830917874396135,0.8947071600045726,0.9951690821256038,0.9998793814681688,0.10529283999542735,0.19052259490965254,1
0.21385008198124272,83888,11,2059,703402,0.10655285854005513,0.005314009661835749,0.8934471414599449,0.9946859903381643,0.9998688899748507,0.10655285854005513,0.19258278054474978,1
0.21566237081159223,84849,11,2059,702441,0.10777350150516328,0.005314009661835749,0.8922264984948367,0.9946859903381643,0.9998703747348574,0.10777350150516328,0.19457432781058304,1
0.21747465964194176,85872,11,2059,701418,0.10907289562931068,0.005314009661835749,0.8909271043706893,0.9946859903381643,0.9998719187732147,0.10907289562931068,0.19668954491263474,1
0.21928694847229127,86919,11,2059,700371,0.11040277407308616,0.005314009661835749,0.8895972259269138,0.9946859903381643,0.9998734614057287,0.11040277407308616,0.1988492599116927,1
0.22109923730264078,87972,11,2059,699318,0.11174027359676866,0.005314009661835749,0.8882597264032314,0.9946859903381643,0.9998749758476069,0.11174027359676866,0.2010161401071437,1
0.2229115261329903,89009,11,2059,698281,0.1130574502406991,0.005314009661835749,0.8869425497593009,0.9946859903381643,0.999876432262413,0.1130574502406991,0.20314500576280084,1
0.22472381496333982,90032,12,2058,697258,0.1143568443648465,0.005797101449275362,0.8856431556351535,0.9942028985507246,0.9998667318199991,0.1143568443648465,0.20523996562312644,1
0.22653610379368933,91100,12,2058,696190,0.11571339658829656,0.005797101449275362,0.8842866034117034,0.9942028985507246,0.9998682939678637,0.11571339658829656,0.20742211424837376,1
0.22834839262403883,92177,13,2057,695113,0.11708138043160717,0.006280193236714976,0.8829186195683928,0.993719806763285,0.9998589868749322,0.11708138043160717,0.20961704643653067,1
0.23016068145438837,93282,13,2057,694008,0.11848492931448386,0.006280193236714976,0.8815150706855162,0.993719806763285,0.9998606570555764,0.11848492931448386,0.21186370424206635,1
0.23197297028473787,94323,14,2056,692967,0.11980718667835233,0.00676328502415459,0.8801928133216477,0.9932367149758454,0.9998515958743653,0.11980718667835233,0.2139748442368485,1
0.23378525911508738,95279,14,2056,692011,0.12102147874353796,0.00676328502415459,0.878978521256462,0.9932367149758454,0.9998530846966723,0.12102147874353796,0.2159094385457232,1
0.2355975479454369,96320,15,2055,690970,0.12234373610740643,0.007246376811594203,0.8776562638925935,0.9927536231884058,0.9998442933513261,0.12234373610740643,0.21801103409251663,1
0.23740983677578642,97355,15,2055,689935,0.12365837239136786,0.007246376811594203,0.8763416276086321,0.9927536231884058,0.9998459484440793,0.12365837239136786,0.2200958560350869,1
0.23922212560613593,98402,17,2053,688888,0.12498825083514334,0.00821256038647343,0.8750117491648567,0.9917874396135266,0.9998272691248641,0.12498825083514334,0.22219939054475002,1
0.24103441443648543,99476,18,2052,687814,0.12635242413850042,0.008695652173913044,0.8736475758614995,0.991304347826087,0.9998190845679137,0.12635242413850042,0.22435226616628176,1
0.24284670326683497,100466,18,2052,686824,0.1276099023231592,0.008695652173913044,0.8723900976768408,0.991304347826087,0.9998208670037021,0.1276099023231592,0.22633237738433432,1
0.24465899209718447,101449,22,2048,685841,0.12885848924792642,0.010628019323671498,0.8711415107520736,0.9893719806763285,0.9997831892856087,0.12885848924792642,0.22829309566913938,1
0.24647128092753398,102470,22,2048,684820,0.13015534301210482,0.010628019323671498,0.8698446569878951,0.9893719806763285,0.9997853491004176,0.13015534301210482,0.2303260798712494,1
0.24828356975788352,103505,22,2048,683785,0.13146997929606624,0.010628019323671498,0.8685300207039337,0.9893719806763285,0.9997874950496006,0.13146997929606624,0.23238218399514152,1
0.250095858588233,104579,22,2048,682711,0.13283415259942333,0.010628019323671498,0.8671658474005767,0.9893719806763285,0.9997896769629353,0.13283415259942333,0.23451071935920423,1
0.25190814741858253,105629,23,2047,681661,0.13416784158315234,0.011111111111111112,0.8658321584168477,0.9888888888888889,0.999782304168402,0.13416784158315234,0.23658647482143297,1
0.25372043624893204,106637,23,2047,680653,0.13544818300753217,0.011111111111111112,0.8645518169924679,0.9888888888888889,0.9997843615225952,0.13544818300753217,0.23857486436601597,1
0.25553272507928154,107680,24,2046,679610,0.13677298073136965,0.011594202898550725,0.8632270192686303,0.9884057971014493,0.9997771670504345,0.13677298073136965,0.2406273114680099,1
0.2573450139096311,108755,24,2046,678535,0.13813842421471123,0.011594202898550725,0.8618615757852888,0.9884057971014493,0.999779369179713,0.13813842421471123,0.24273800343500335,1
0.2591573027399806,109852,24,2046,677438,0.1395318116577119,0.011594202898550725,0.8604681883422881,0.9884057971014493,0.9997815719538389,0.1395318116577119,0.24488667649019247,1
0.2609695915703301,110917,24,2046,676373,0.14088455334120845,0.011594202898550725,0.8591154466587916,0.9884057971014493,0.9997836687969281,0.14088455334120845,0.24696765086041342,1
0.2627818804006796,112051,25,2045,675239,0.14232493744363575,0.012077294685990338,0.8576750625563643,0.9879227053140096,0.9997769370784111,0.14232493744363575,0.24917775410678186,1
0.26459416923102913,113073,25,2045,674217,0.14362306138779865,0.012077294685990338,0.8563769386122013,0.9879227053140096,0.9997789527666272,0.14362306138779865,0.251165053288138,1
0.26640645806137864,114080,25,2045,673210,0.14490213263219398,0.012077294685990338,0.855097867367806,0.9879227053140096,0.9997809035537444,0.14490213263219398,0.2531187770067506,1
0.26821874689172814,115187,25,2045,672103,0.1463082218750397,0.012077294685990338,0.8536917781249603,0.9879227053140096,0.99978300871437,0.1463082218750397,0.25526148418507655,1
0.2700310357220777,116162,26,2044,671128,0.1475466473599309,0.012560386473429951,0.852453352640069,0.9874396135265701,0.9997762247392158,0.1475466473599309,0.2571440588481402,1
0.2718433245524272,117311,26,2044,669979,0.14900608416212577,0.012560386473429951,0.8509939158378742,0.9874396135265701,0.9997784160154086,0.14900608416212577,0.2593577242333028,1
0.2736556133827767,118270,27,2043,669020,0.15022418676726493,0.013043478260869565,0.8497758132327351,0.9869565217391304,0.99977176090687,0.15022418676726493,0.2612007460354444,1
0.2754679022131262,119379,27,2043,667911,0.15163281637007964,0.013043478260869565,0.8483671836299204,0.9869565217391304,0.9997738807095121,0.15163281637007964,0.26332750999232374,1
0.27728019104347573,120496,27,2043,666794,0.15305160741277038,0.013043478260869565,0.8469483925872296,0.9869565217391304,0.9997759763696555,0.15305160741277038,0.2654643632554281,1
0.27909247987382524,121573,28,2042,665717,0.15441959125608098,0.01352657004830918,0.845580408743919,0.9864734299516909,0.9997697387357012,0.15441959125608098,0.26751942752211205,1
0.28090476870417475,122595,29,2041,664695,0.15571771520024388,0.014009661835748793,0.8442822847997561,0.9859903381642512,0.999763504697286,0.15571771520024388,0.26946502636512903,1
0.2827170575345243,123670,30,2040,663620,0.15708315868358547,0.014492753623188406,0.8429168413164145,0.9855072463768116,0.9997574777687954,0.15708315868358547,0.27150682224832323,1
0.2845293463648738,124719,31,2039,662571,0.15841557748732996,0.01497584541062802,0.8415844225126701,0.985024154589372,0.999751503006012,0.15841557748732996,0.273494583570896,1
0.2863416351952233,125764,32,2038,661526,0.15974291557113643,0.015458937198067632,0.8402570844288636,0.9845410628019323,0.9997456198925244,0.15974291557113643,0.2754702185774396,1
0.2881539240255728,126791,34,2036,660499,0.16104739041522184,0.01642512077294686,0.8389526095847781,0.9835748792270531,0.9997319140547999,0.16104739041522184,0.2774071096087473,1
0.28996621285592233,127838,34,2036,659452,0.1623772688589973,0.01642512077294686,0.8376227311410027,0.9835748792270531,0.9997341091091091,0.1623772688589973,0.27937785878347215,1
0.29177850168627184,128912,34,2036,658378,0.1637414421623544,0.01642512077294686,0.8362585578376456,0.9835748792270531,0.9997363237324152,0.1637414421623544,0.2813947498242811,1
0.29359079051662135,129975,36,2034,657315,0.16509164348588196,0.017391304347826087,0.8349083565141181,0.9826086956521739,0.999723100353047,0.16509164348588196,0.2833857152668535,1
0.2954030793469709,131075,37,2033,656215,0.16648884146883614,0.017874396135265702,0.8335111585311639,0.9821256038647344,0.9997177985233998,0.16648884146883614,0.2854414515647832,1
0.2972153681773204,132127,37,2033,655163,0.16782507081253414,0.017874396135265702,0.8321749291874658,0.9821256038647344,0.9997200447928332,0.16782507081253414,0.2874031762328512,1
0.2990276570076699,133234,38,2032,654056,0.16923116005537986,0.018357487922705314,0.8307688399446201,0.9816425120772947,0.9997148688396662,0.16923116005537986,0.289462306721329,1
0.30083994583801943,134241,39,2031,653049,0.1705102312997752,0.01884057971014493,0.8294897687002248,0.981159420289855,0.999709562109026,0.1705102312997752,0.2913310980175136,1
0.30265223466836894,135300,39,2031,651990,0.1718553519033647,0.01884057971014493,0.8281446480966352,0.981159420289855,0.9997118347261321,0.1718553519033647,0.29329232009832773,1
0.30446452349871844,136357,40,2030,650933,0.17319793214698523,0.01932367149758454,0.8268020678530148,0.9806763285024155,0.9997067384180004,0.17319793214698523,0.2952450343027454,1
0.30627681232906795,137386,41,2029,649904,0.17450494735103964,0.019806763285024155,0.8254950526489604,0.9801932367149758,0.9997016597902887,0.17450494735103964,0.2971417201154515,1
0.3080891011594175,138478,42,2028,648812,0.1758919838941178,0.020289855072463767,0.8241080161058822,0.9797101449275363,0.9996967946866878,0.1758919838941178,0.2991499335716832,1
0.309901389989767,139584,42,2028,647706,0.177296802956979,0.020289855072463767,0.822703197043021,0.9797101449275363,0.9996991964247346,0.177296802956979,0.30117939489662493,1
0.3117136788201165,140635,43,2027,646655,0.1786317621206925,0.02077294685990338,0.8213682378793075,0.9792270531400966,0.9996943374230512,0.1786317621206925,0.30310312424566366,1
0.31352596765046603,141712,46,2024,645578,0.1799997459640031,0.022222222222222223,0.8200002540359969,0.9777777777777777,0.9996755033225638,0.1799997459640031,0.30506927521505883,1
0.31533825648081554,142792,46,2024,644498,0.1813715403472672,0.022222222222222223,0.8186284596527328,0.9777777777777777,0.9996779568462174,0.1813715403472672,0.3070373109937557,1
0.31715054531116504,143865,46,2024,643425,0.1827344434706398,0.022222222222222223,0.8172655565293602,0.9777777777777777,0.9996803579990411,0.1827344434706398,0.30898807024476993,1
0.31896283414151455,144985,48,2022,642305,0.18415704505328406,0.02318840579710145,0.815842954946716,0.9768115942028985,0.9996690408389814,0.18415704505328406,0.3110188207305837,1
0.3207751229718641,146045,49,2021,641245,0.18550343583685808,0.023671497584541065,0.8144965641631419,0.976328502415459,0.9996645995044287,0.18550343583685808,0.31293658344261305,1
0.3225874118022136,147115,50,2020,640175,0.18686252842027715,0.024154589371980676,0.8131374715797228,0.9758454106280193,0.9996602453028913,0.18686252842027715,0.3148680246774858,1
0.3243997006325631,148177,51,2019,639113,0.18821145956382018,0.02463768115942029,0.8117885404361798,0.9753623188405797,0.999655935450792,0.18821145956382018,0.316780649864567,1
0.32621198946291263,149226,51,2019,638064,0.18954387836756467,0.02463768115942029,0.8104561216324353,0.9753623188405797,0.9996583532627263,0.18954387836756467,0.3186659363398454,1
0.32802427829326214,150332,51,2019,636958,0.1909486974304259,0.02463768115942029,0.8090513025695741,0.9753623188405797,0.9996608659223449,0.1909486974304259,0.3206490962201108,1
0.32983656712361165,151313,52,2018,635977,0.19219474399522413,0.025120772946859903,0.8078052560047759,0.9748792270531401,0.9996564595514155,0.19219474399522413,0.3224038651048575,1
0.33164885595396115,152404,54,2016,634886,0.19358051035831778,0.02608695652173913,0.8064194896416822,0.9739130434782609,0.9996458040903068,0.19358051035831778,0.32435078340150764,1
0.3334611447843107,153482,55,2015,633808,0.19494976438161288,0.026570048309178744,0.8050502356183872,0.9734299516908212,0.9996417801572259,0.19494976438161288,0.3262703982772603,1
0.3352734336146602,154537,56,2014,632753,0.19628980426526438,0.02705314009661836,0.8037101957347356,0.9729468599033816,0.9996377585013552,0.19628980426526438,0.3281447908073508,1
0.33708572244500973,155573,57,2013,631717,0.19760571072921032,0.02753623188405797,0.8023942892707897,0.972463768115942,0.9996337467069331,0.19760571072921032,0.3299813345776948,1
0.33889801127535923,156583,57,2013,630707,0.19888859251355917,0.02753623188405797,0.8011114074864408,0.972463768115942,0.9996361082737487,0.19888859251355917,0.331768245526681,1
0.34071030010570874,157628,58,2012,629662,0.20021593059736564,0.028019323671497585,0.7997840694026344,0.9719806763285024,0.9996321804091676,0.20021593059736564,0.33361270550786476,1
0.34252258893605825,158639,58,2012,628651,0.201500082561699,0.028019323671497585,0.798499917438301,0.9719806763285024,0.9996345236519909,0.201500082561699,0.3353936153456655,1
0.34433487776640775,159777,61,2009,627513,0.2029455473840643,0.029468599033816423,0.7970544526159357,0.9705314009661836,0.999618363593138,0.2029455473840643,0.3373926227500401,1
0.3461471665967573,160896,62,2008,626394,0.20436687878672408,0.02995169082125604,0.7956331212132759,0.970048309178744,0.9996148063469974,0.20436687878672408,0.339354261754309,1
0.3479594554271068,162018,64,2006,625272,0.20579202072933736,0.030917874396135265,0.7942079792706627,0.9690821256038648,0.9996051381399539,0.20579202072933736,0.34131615425776196,1
0.34977174425745633,163100,65,2005,624190,0.20716635547257045,0.03140096618357488,0.7928336445274295,0.9685990338164251,0.9996016302515858,0.20716635547257045,0.3432040443787449,1
0.35158403308780584,164152,65,2005,623138,0.20850258481626846,0.03140096618357488,0.7914974151837315,0.9685990338164251,0.9996041822710194,0.20850258481626846,0.34503582212217043,1
0.35339632191815534,165257,65,2005,622033,0.20990613369914518,0.03140096618357488,0.7900938663008549,0.9685990338164251,0.9996068278873955,0.20990613369914518,0.3469555285887644,1
0.35520861074850485,166307,65,2005,620983,0.21123982268287417,0.03140096618357488,0.7887601773171259,0.9685990338164251,0.9996093092587695,0.21123982268287417,0.3487755619915651,1
0.35702089957885436,167423,67,2003,619867,0.2126573435455804,0.0323671497584541,0.7873426564544196,0.9676328502415459,0.9995999761179772,0.2126573435455804,0.3507048744213327,1
0.3588331884092039,168548,67,2003,618742,0.2140862960281472,0.0323671497584541,0.7859137039718528,0.9676328502415459,0.9996026450790262,0.2140862960281472,0.3526459219273882,1
0.3606454772395534,169670,67,2003,617620,0.21551143797076044,0.0323671497584541,0.7844885620292396,0.9676328502415459,0.9996052716850186,0.21551143797076044,0.35457724808182,1
0.36245776606990293,170814,67,2003,616476,0.2169645238730328,0.0323671497584541,0.7830354761269672,0.9676328502415459,0.9996079142795279,0.2169645238730328,0.3565417863825977,1
0.36427005490025244,171873,68,2002,615417,0.21830964447662235,0.03285024154589372,0.7816903555233776,0.9671497584541063,0.9996045155024107,0.21830964447662235,0.35835580793364685,1
0.36608234373060194,172906,70,2000,614384,0.21962174040061477,0.033816425120772944,0.7803782595993852,0.966183574879227,0.9995953195819073,0.21962174040061477,0.36012104979245335,1
0.36789463256095145,173995,70,2000,613295,0.2210049664037394,0.033816425120772944,0.7789950335962605,0.966183574879227,0.999597851377359,0.2210049664037394,0.361978665529383,1
0.36970692139130096,175091,72,1998,612199,0.2223970836667556,0.034782608695652174,0.7776029163332444,0.9652173913043478,0.9995889542882915,0.2223970836667556,0.36384322143522857,1
0.3715192102216505,176132,72,1998,611158,0.22371934103062405,0.034782608695652174,0.7762806589693759,0.9652173913043478,0.9995913827154889,0.22371934103062405,0.3656109949828437,1
0.373331499052,177220,73,1997,610070,0.22510129685376418,0.035265700483091786,0.7748987031462358,0.9647342995169083,0.9995882522152595,0.22510129685376418,0.3674541226623318,1
0.37514378788234953,178371,75,1995,608919,0.22656327401592805,0.036231884057971016,0.773436725984072,0.9637681159420289,0.9995797047846408,0.22656327401592805,0.3693990904346529,1
0.37695607671269904,179432,75,1995,607858,0.22791093497948658,0.036231884057971016,0.7720890650205134,0.9637681159420289,0.9995821889954152,0.22791093497948658,0.3711885742301641,1
0.37876836554304855,180534,75,1995,606756,0.22931067332240979,0.036231884057971016,0.7706893266775903,0.9637681159420289,0.999584738302078,0.22931067332240979,0.3730430551121553,1
0.38058065437339805,181594,75,1995,605696,0.23065706410598383,0.036231884057971016,0.7693429358940161,0.9637681159420289,0.9995871612658186,0.23065706410598383,0.37482287692255295,1
0.38239294320374756,182642,75,1995,604648,0.2319882127297438,0.036231884057971016,0.7680117872702562,0.9637681159420289,0.9995895291625848,0.2319882127297438,0.376578725720536,1
0.3842052320340971,183700,75,1995,603590,0.23333206315334884,0.036231884057971016,0.7666679368466511,0.9637681159420289,0.9995918922595565,0.23333206315334884,0.3783474844629351,1
0.38601752086444663,184764,75,1995,602526,0.23468353465686087,0.036231884057971016,0.7653164653431391,0.9637681159420289,0.9995942414750134,0.23468353465686087,0.38012239116413554,1
0.38782980969479613,185776,76,1994,601514,0.23596895680117871,0.03671497584541063,0.7640310431988213,0.9632850241545894,0.9995910724662634,0.23596895680117871,0.38180656060472157,1
0.38964209852514564,186861,76,1994,600429,0.23734710208436535,0.03671497584541063,0.7626528979156346,0.9632850241545894,0.9995934459202833,0.23734710208436535,0.38360874826914054,1
0.39145438735549515,187947,77,1993,599343,0.2387265175475365,0.03719806763285024,0.7612734824524635,0.9628019323671497,0.9995904778113432,0.2387265175475365,0.38540818649173497,1
0.39326667618584465,189002,77,1993,598288,0.240066557431188,0.03719806763285024,0.759933442568812,0.9628019323671497,0.9995927628134272,0.240066557431188,0.3871528080059895,1
0.3950789650161942,190043,78,1992,597247,0.24138881479505647,0.03768115942028986,0.7586111852049435,0.9623188405797102,0.9995897349582634,0.24138881479505647,0.388870188692372,1
0.3968912538465437,191179,80,1990,596111,0.24283173925745277,0.03864734299516908,0.7571682607425472,0.961352657004831,0.9995817190302155,0.24283173925745277,0.39073975856088966,1
0.39870354267689323,192287,83,1987,595003,0.24423909868028298,0.04009661835748792,0.755760901319717,0.9599033816425121,0.999568539793107,0.24423909868028298,0.39255864279443886,1
0.40051583150724274,193448,83,1987,593842,0.2457137776422919,0.04009661835748792,0.754286222357708,0.9599033816425121,0.9995711281396779,0.2457137776422919,0.3944613747054764,1
0.40232812033759224,194482,83,1987,592808,0.24702714374626886,0.04009661835748792,0.7529728562537311,0.9599033816425121,0.9995734073445892,0.24702714374626886,0.3961521813302372,1
0.40414040916794175,195562,85,1985,591728,0.24839893812953295,0.04106280193236715,0.751601061870467,0.9589371980676329,0.9995655440666098,0.24839893812953295,0.3979135997525783,1
0.40595269799829126,196692,86,1984,590598,0.24983424151202224,0.04154589371980676,0.7501657584879777,0.9584541062801932,0.9995629592739026,0.24983424151202224,0.39975286260705556,1
0.4077649868286408,197831,86,1984,589459,0.2512809765143721,0.04154589371980676,0.7487190234856279,0.9584541062801932,0.999565474416043,0.2512809765143721,0.40160291187537234,1
0.4095772756589903,198920,87,1983,588370,0.2526642025174967,0.042028985507246375,0.7473357974825032,0.9579710144927536,0.9995628294482104,0.2526642025174967,0.40336734269697666,1
0.41138956448933983,200020,89,1981,587270,0.2540614005004509,0.042995169082125605,0.7459385994995491,0.9570048309178744,0.9995552423928958,0.2540614005004509,0.4051452351075907,1
0.41320185331968934,201239,89,1981,586051,0.25560974990156105,0.042995169082125605,0.744390250098439,0.9570048309178744,0.9995579353095446,0.25560974990156105,0.4071117458917397,1
0.41501414215003885,202277,90,1980,585013,0.256928196725476,0.043478260869565216,0.743071803274524,0.9565217391304348,0.9995552634569865,0.256928196725476,0.40878203256279694,1
0.41682643098038835,203348,91,1979,583942,0.2582885594888796,0.04396135265700483,0.7417114405111205,0.9560386473429952,0.9995526914701705,0.2582885594888796,0.4105017618339627,1
0.41863871981073786,204414,92,1978,582876,0.25964257135236063,0.044444444444444446,0.7403574286476393,0.9555555555555556,0.9995501354483487,0.25964257135236063,0.41220976894441996,1
0.4204510086410874,205466,94,1976,581824,0.2609788006960586,0.04541062801932367,0.7390211993039414,0.9545893719806763,0.999542712589998,0.2609788006960586,0.413891322959158,1
0.4222632974714369,206577,94,1976,580713,0.26238997065884234,0.04541062801932367,0.7376100293411576,0.9545893719806763,0.9995451708270633,0.26238997065884234,0.4156641960801279,1
0.42407558630178643,207647,94,1976,579643,0.26374906324226144,0.04541062801932367,0.7362509367577386,0.9545893719806763,0.9995475134903558,0.26374906324226144,0.4173679011005687,1
0.42588787513213594,208754,94,1976,578536,0.2651551524851071,0.04541062801932367,0.7348448475148929,0.9545893719806763,0.9995499118976481,0.2651551524851071,0.41912666718868263,1
0.42770016396248545,209869,94,1976,577421,0.2665714031678289,0.04541062801932367,0.7334285968321711,0.9545893719806763,0.9995523020722699,0.2665714031678289,0.4208941963573938,1
0.42951245279283495,210993,94,1976,576297,0.2679990854704112,0.04541062801932367,0.7320009145295888,0.9545893719806763,0.9995546859825569,0.2679990854704112,0.4226719966505639,1
0.43132474162318446,212106,94,1976,575184,0.2694127957931639,0.04541062801932367,0.7305872042068361,0.9545893719806763,0.9995570216776626,0.2694127957931639,0.42442845851384214,1
0.433137030453534,213256,96,1974,574034,0.2708735027753433,0.0463768115942029,0.7291264972246567,0.9536231884057971,0.999550039371555,0.2708735027753433,0.4262383549761054,1
0.43494931928388353,214329,96,1974,572961,0.27223640589871584,0.0463768115942029,0.7277635941012841,0.9536231884057971,0.999552291010843,0.27223640589871584,0.4279241101510909,1
0.43676160811423304,215404,96,1974,571886,0.27360184938205745,0.0463768115942029,0.7263981506179426,0.9536231884057971,0.9995545243619489,0.27360184938205745,0.4296093898024512,1
0.43857389694458254,216494,96,1974,570796,0.2749863455651666,0.0463768115942029,0.7250136544348335,0.9536231884057971,0.9995567662403619,0.2749863455651666,0.43131449974100494,1
0.44038618577493205,217661,97,1973,569629,0.2764686456070825,0.04685990338164251,0.7235313543929175,0.9531400966183575,0.9995545513827276,0.2764686456070825,0.4331355318352954,1
0.44219847460528156,218716,98,1972,568574,0.27780868549073406,0.04734299516908213,0.722191314509266,0.9526570048309179,0.9995521310336632,0.27780868549073406,0.4347781143897649,1
0.44401076343563106,219807,99,1971,567483,0.2791944518538277,0.04782608695652174,0.7208055481461723,0.9521739130434783,0.9995498076450847,0.2791944518538277,0.4364731392896715,1
0.4458230522659806,220938,99,1971,566352,0.28063102541630147,0.04782608695652174,0.7193689745836985,0.9521739130434783,0.9995521111850052,0.28063102541630147,0.4382268847308462,1
0.44763534109633013,221996,99,1971,565294,0.2819748758399065,0.04782608695652174,0.7180251241600935,0.9521739130434783,0.999554244805151,0.2819748758399065,0.4398638775095727,1
0.44944762992667964,223133,102,1968,564157,0.2834190704822873,0.04927536231884058,0.7165809295177127,0.9507246376811594,0.9995430824019531,0.2834190704822873,0.4416179708567329,1
0.45125991875702914,224257,102,1968,563033,0.2848467527848696,0.04927536231884058,0.7151532472151304,0.9507246376811594,0.999545371480529,0.2848467527848696,0.4433494225764074,1
0.45307220758737865,225416,102,1968,561874,0.2863188913869095,0.04927536231884058,0.7136811086130904,0.9507246376811594,0.9995477079434901,0.2863188913869095,0.44513076515983285,1
0.45488449641772816,226528,102,1968,560762,0.2877313315296778,0.04927536231884058,0.7122686684703222,0.9507246376811594,0.999549927194105,0.2877313315296778,0.446836042291305,1
0.45669678524807766,227611,103,1967,559679,0.28910693645289537,0.049758454106280194,0.7108930635471046,0.9502415458937198,0.9995476782279527,0.28910693645289537,0.44849281382142336,1
0.4585090740784272,228675,104,1966,558615,0.2904584079564074,0.050241545893719805,0.7095415920435926,0.9497584541062802,0.9995454128219811,0.2904584079564074,0.4501170688211136,1
0.46032136290877673,229807,104,1966,557483,0.29189625169886574,0.050241545893719805,0.7081037483011343,0.9497584541062802,0.9995476510475793,0.29189625169886574,0.4518418680280495,1
0.46213365173912624,230966,105,1965,556324,0.2933683903009056,0.050724637681159424,0.7066316096990943,0.9492753623188406,0.9995455942113031,0.2933683903009056,0.45360338818945345,1
0.46394594056947575,232067,105,1965,555223,0.2947668584638443,0.050724637681159424,0.7052331415361557,0.9492753623188406,0.9995477490825767,0.2947668584638443,0.45527346777025524,1
0.46575822939982525,233214,105,1965,554076,0.29622375490607017,0.050724637681159424,0.7037762450939298,0.9492753623188406,0.9995499723554447,0.29622375490607017,0.4570094913919043,1
0.46757051823017476,234314,105,1965,552976,0.29762095288902435,0.050724637681159424,0.7023790471109757,0.9492753623188406,0.9995520840887471,0.29762095288902435,0.4586707173960492,1
0.46938280706052427,235480,105,1965,551810,0.2991019827509558,0.050724637681159424,0.7008980172490442,0.9492753623188406,0.9995543009953944,0.2991019827509558,0.4604277159965782,1
0.4711950958908738,236596,106,1964,550694,0.30051950361366203,0.051207729468599035,0.6994804963863379,0.9487922705314009,0.9995521795337597,0.30051950361366203,0.4621051726966617,1
0.47300738472122333,237638,106,1964,549652,0.30184303115751504,0.051207729468599035,0.698156968842485,0.9487922705314009,0.9995541422706777,0.30184303115751504,0.46366852221487287,1
0.47481967355157284,238807,106,1964,548483,0.30332787155939994,0.051207729468599035,0.6966721284406,0.9487922705314009,0.9995563238501044,0.30332787155939994,0.46541863549414686,1
0.47663196238192235,239912,106,1964,547378,0.3047314204422767,0.051207729468599035,0.6952685795577234,0.9487922705314009,0.9995583664558492,0.3047314204422767,0.46706927231171186,1
0.47844425121227185,241010,106,1964,546280,0.3061260780652619,0.051207729468599035,0.6938739219347382,0.9487922705314009,0.9995603775775975,0.3061260780652619,0.4687059390940932,1
0.48025654004262136,242171,106,1964,545119,0.30760075702727074,0.051207729468599035,0.6923992429727293,0.9487922705314009,0.9995624842638797,0.30760075702727074,0.470432715889301,1
0.48206882887297087,243260,106,1964,544030,0.3089839830303954,0.051207729468599035,0.6910160169696046,0.9487922705314009,0.9995644420338091,0.3089839830303954,0.472048869846001,1
0.48388111770332043,244384,106,1964,542906,0.3104116653329777,0.051207729468599035,0.6895883346670223,0.9487922705314009,0.9995664444353553,0.3104116653329777,0.47371338851305517,1
0.48569340653366994,245488,106,1964,541802,0.31181394403586987,0.051207729468599035,0.6881860559641301,0.9487922705314009,0.9995683933646587,0.31181394403586987,0.4753447628194454,1
0.48750569536401944,246601,106,1964,540689,0.3132276543586226,0.051207729468599035,0.6867723456413773,0.9487922705314009,0.9995703405254006,0.3132276543586226,0.476985910017147,1
0.48931798419436895,247687,106,1964,539603,0.31460706982179376,0.051207729468599035,0.6853929301782062,0.9487922705314009,0.9995722235898512,0.31460706982179376,0.4785838430348097,1
0.49113027302471846,248763,106,1964,538527,0.31597378348511984,0.051207729468599035,0.6840262165148802,0.9487922705314009,0.9995740731067349,0.31597378348511984,0.4801637586509406,1
0.49294256185506796,249856,106,1964,537434,0.3173620902081825,0.051207729468599035,0.6826379097918175,0.9487922705314009,0.9995759355422024,0.3173620902081825,0.48176527979700207,1
0.49475485068541747,250917,106,1964,536373,0.31870975117174105,0.051207729468599035,0.681290248828259,0.9487922705314009,0.9995777279372806,0.31870975117174105,0.4833166877425209,1
0.49656713951576703,252079,106,1964,535211,0.32018570031373444,0.051207729468599035,0.6798142996862655,0.9487922705314009,0.9995796736522791,0.32018570031373444,0.4850121455542461,1
0.49837942834611654,253191,106,1964,534099,0.3215981404565027,0.051207729468599035,0.6784018595434973,0.9487922705314009,0.9995815189283727,0.3215981404565027,0.4866311034060583,1
0.500191717176466,254307,106,1964,532983,0.32301566131920895,0.051207729468599035,0.6769843386807911,0.9487922705314009,0.999583354624174,0.32301566131920895,0.48825240975594775,1
0.5020040060068156,255386,106,1964,531904,0.32438618552248855,0.051207729468599035,0.6756138144775115,0.9487922705314009,0.9995851142110125,0.32438618552248855,0.4898166635020551,1
0.5038162948371651,256560,107,1963,530730,0.325877376824296,0.051690821256038647,0.674122623175704,0.9483091787439614,0.9995831174245228,0.325877376824296,0.4915144972446183,1
0.5056285836675146,257710,107,1963,529580,0.3273380838064754,0.051690821256038647,0.6726619161935247,0.9483091787439614,0.9995849769410086,0.3273380838064754,0.4931743831014432,1
0.5074408724978641,258824,107,1963,528466,0.32875306430921264,0.051690821256038647,0.6712469356907874,0.9483091787439614,0.9995867624965724,0.32875306430921264,0.49477882780024485,1
0.5092531613282136,259973,107,1963,527317,0.3302125011114075,0.051690821256038647,0.6697874988885925,0.9483091787439614,0.9995885881267302,0.3302125011114075,0.49643010588426245,1
0.5110654501585631,261060,107,1963,526230,0.3315931867545631,0.051690821256038647,0.6684068132454368,0.9483091787439614,0.9995903004590933,0.3315931867545631,0.49798894947527655,1
0.5128777389889126,262118,107,1963,525172,0.33293703717816814,0.051690821256038647,0.6670629628218319,0.9483091787439614,0.9995919534750691,0.33293703717816814,0.4995031038146192,1
0.5146900278192622,263281,107,1963,524009,0.33441425650014606,0.051690821256038647,0.6655857434998539,0.9483091787439614,0.9995937552204353,0.33441425650014606,0.5011640102866911,1
0.5165023166496117,264435,107,1963,522855,0.3358800442022635,0.051690821256038647,0.6641199557977365,0.9483091787439614,0.9995955273642748,0.3358800442022635,0.502808433285924,1
0.5183146054799612,265582,107,1963,521708,0.3373369406444893,0.051690821256038647,0.6626630593555107,0.9483091787439614,0.999597273503984,0.3373369406444893,0.5044393098057985,1
0.5201268943103107,266675,107,1963,520615,0.338725247367552,0.051690821256038647,0.6612747526324481,0.9483091787439614,0.9995989234656011,0.338725247367552,0.5059901031428593,1
0.5219391831406602,267798,108,1962,519492,0.34015165949014975,0.05217391304347826,0.6598483405098502,0.9478260869565217,0.999596873530268,0.34015165949014975,0.5075796344944447,1
0.5237514719710097,268904,108,1962,518386,0.34155647855301097,0.05217391304347826,0.658443521446989,0.9478260869565217,0.9995985309205537,0.34155647855301097,0.5091422718124172,1
0.5255637608013592,270035,109,1961,517255,0.34299305211548475,0.052657004830917876,0.6570069478845152,0.9473429951690822,0.9995965114901683,0.34299305211548475,0.5107363674706885,1
0.5273760496317088,271139,109,1961,516151,0.344395330818377,0.052657004830917876,0.6556046691816231,0.9473429951690822,0.9995981537191058,0.344395330818377,0.5122895918710523,1
0.5291883384620583,272227,109,1961,515063,0.3457772866415171,0.052657004830917876,0.6542227133584829,0.9473429951690822,0.9995997591210857,0.3457772866415171,0.5138171392547937,1
0.5310006272924078,273345,109,1961,513945,0.3471973478641924,0.052657004830917876,0.6528026521358077,0.9473429951690822,0.999601395481507,0.3471973478641924,0.5153835421176081,1
0.5328129161227573,274460,109,1961,512830,0.3486135985469141,0.052657004830917876,0.6513864014530859,0.9473429951690822,0.9996030141785853,0.3486135985469141,0.5169424565785099,1
0.5346252049531068,275601,110,1960,511689,0.35006287390923296,0.05314009661835749,0.649937126090767,0.9468599033816425,0.9996010315148833,0.35006287390923296,0.5185338489803867,1
0.5364374937834563,276791,111,1959,510499,0.35157438809079244,0.0536231884057971,0.6484256119092076,0.946376811594203,0.9995991361564741,0.35157438809079244,0.5201899657204715,1
0.5382497826138058,277879,111,1959,509411,0.3529563439139326,0.0536231884057971,0.6470436560860674,0.946376811594203,0.9996007050613331,0.3529563439139326,0.5217013367377591,1
0.5400620714441554,278995,111,1959,508295,0.35437386477663885,0.0536231884057971,0.6456261352233611,0.946376811594203,0.9996023016345045,0.35437386477663885,0.5232483992813176,1
0.5418743602745049,280177,112,1958,507113,0.35587521751832235,0.05410628019323672,0.6441247824816777,0.9458937198067633,0.9996004124314547,0.35587521751832235,0.524882936063748,1
0.5436866491048544,281302,113,1957,505988,0.3573041700008891,0.05458937198067633,0.6426958299991109,0.9454106280193236,0.99959845779365,0.3573041700008891,0.5264352651105777,1
0.5454989379352039,282485,114,1956,504805,0.3588067929225571,0.05507246376811594,0.6411932070774429,0.9449275362318841,0.9995966015449453,0.3588067929225571,0.5280641262785205,1
0.5473112267655534,283686,114,1956,503604,0.3603322790839462,0.05507246376811594,0.6396677209160538,0.9449275362318841,0.9995983086680761,0.3603322790839462,0.5297145898103801,1
0.5491235155959029,284869,114,1956,502421,0.3618349020056142,0.05507246376811594,0.6381650979943858,0.9449275362318841,0.9995999761389276,0.3618349020056142,0.5313367025002028,1
0.5509358044262525,286013,114,1956,501277,0.3632879879078865,0.05507246376811594,0.6367120120921135,0.9449275362318841,0.9996015755241554,0.3632879879078865,0.5329019383892746,1
0.552748093256602,287133,114,1956,500157,0.3647105894905308,0.05507246376811594,0.6352894105094692,0.9449275362318841,0.9996031290144023,0.3647105894905308,0.5344311084681124,1
0.5545603820869515,288338,114,1956,498952,0.3662411563718579,0.05507246376811594,0.633758843628142,0.9449275362318841,0.9996047869316212,0.3662411563718579,0.5360727758142751,1
0.556372670917301,289463,114,1956,497827,0.3676701088544247,0.05507246376811594,0.6323298911455754,0.9449275362318841,0.9996063223253228,0.3676701088544247,0.5376021365683971,1
0.5581849597476505,290608,114,1956,496682,0.36912446493668155,0.05507246376811594,0.6308755350633185,0.9449275362318841,0.999607872813203,0.36912446493668155,0.5391554082885904,1
0.559997248578,291764,114,1956,495526,0.3705927929987679,0.05507246376811594,0.6294072070012321,0.9449275362318841,0.9996094258560083,0.3705927929987679,0.5407202585695646,1
0.5618095374083495,292937,114,1956,494353,0.3720827141205909,0.05507246376811594,0.6279172858794091,0.9449275362318841,0.9996109892134816,0.3720827141205909,0.5423046982387969,1
0.563621826238699,294086,114,1956,493204,0.37354215092278575,0.05507246376811594,0.6264578490772142,0.9449275362318841,0.9996125084976206,0.37354215092278575,0.5438533874561947,1
0.5654341150690486,295259,114,1956,492031,0.3750320720446087,0.05507246376811594,0.6249679279553912,0.9449275362318841,0.999614047323215,0.3750320720446087,0.5454310344031337,1
0.5672464038993981,296388,114,1956,490902,0.3764661052471135,0.05507246376811594,0.6235338947528865,0.9449275362318841,0.9996155169273732,0.3764661052471135,0.5469462775145046,1
0.5690586927297476,297567,114,1956,489723,0.3779636474488435,0.05507246376811594,0.6220363525511565,0.9449275362318841,0.9996170397170125,0.3779636474488435,0.54852526012216,1
0.5708709815600971,298704,114,1956,488586,0.3794078420912243,0.05507246376811594,0.6205921579087756,0.9449275362318841,0.9996184968776981,0.3794078420912243,0.5500447469312444,1
0.5726832703904466,299838,115,1955,487452,0.38084822619365166,0.05555555555555555,0.6191517738063483,0.9444444444444444,0.9996166066017009,0.38084822619365166,0.5515565517552194,1
0.5744955592207961,300998,116,1954,486292,0.38232163497567606,0.05603864734299517,0.6176783650243239,0.9439613526570049,0.9996147638435942,0.38232163497567606,0.5530997681008156,1
0.5763078480511457,302183,116,1954,485107,0.3838267982573131,0.05603864734299517,0.616173201742687,0.9439613526570049,0.999616273953933,0.3838267982573131,0.5546733676643212,1
0.5781201368814952,303358,116,1954,483932,0.385319259739105,0.05603864734299517,0.6146807402608949,0.9439613526570049,0.999617759676282,0.385319259739105,0.5562303119648246,1
0.5799324257118447,304508,116,1954,482782,0.3867799667212844,0.05603864734299517,0.6132200332787155,0.9439613526570049,0.9996192026892169,0.3867799667212844,0.5577508851429691,1
0.5817447145421942,305711,116,1954,481579,0.3883079932426425,0.05603864734299517,0.6116920067573575,0.9439613526570049,0.9996207005921649,0.3883079932426425,0.5593381129375904,1
0.5835570033725437,306917,116,1954,480373,0.3898398303039541,0.05603864734299517,0.6101601696960459,0.9439613526570049,0.9996221904485837,0.3898398303039541,0.5609257961314895,1
0.5853692922028932,308129,116,1954,479161,0.39137928844517267,0.05603864734299517,0.6086207115548273,0.9439613526570049,0.9996236759720353,0.39137928844517267,0.5625178565723596,1
0.5871815810332427,309326,117,1953,477964,0.3928996938866237,0.05652173913043478,0.6071003061133763,0.9434782608695652,0.9996219012871514,0.3928996938866237,0.5640862452392698,1
0.5889938698635923,310576,117,1953,476714,0.39448741886725347,0.05652173913043478,0.6055125811327465,0.9434782608695652,0.9996234224781376,0.39448741886725347,0.5657209628928681,1
0.5908061586939418,311703,117,1953,475587,0.39591891170978927,0.05652173913043478,0.6040810882902107,0.9434782608695652,0.999624783528959,0.39591891170978927,0.567191636869831,1
0.5926184475242913,312923,118,1952,474367,0.39746853129088394,0.057004830917874394,0.6025314687091161,0.9429951690821256,0.9996230525713884,0.39746853129088394,0.5687797580909745,1
0.5944307363546408,314152,118,1952,473138,0.3990295824918391,0.057004830917874394,0.6009704175081609,0.9429951690821256,0.9996245266808795,0.3990295824918391,0.570376556882966,1
0.5962430251849903,315359,118,1952,471931,0.4005626897331352,0.057004830917874394,0.5994373102668649,0.9429951690821256,0.9996259632239434,0.4005626897331352,0.5719413076379688,1
0.5980553140153398,316563,118,1952,470727,0.40209198643447774,0.057004830917874394,0.5979080135655223,0.9429951690821256,0.9996273852867712,0.40209198643447774,0.5734987603841043,1
0.5998676028456893,317763,119,1951,469527,0.4036162024158823,0.05748792270531401,0.5963837975841176,0.942512077294686,0.9996256472527542,0.4036162024158823,0.5750471419833292,1
0.6016798916760389,318965,119,1951,468325,0.4051429587572559,0.05748792270531401,0.5948570412427441,0.942512077294686,0.9996270574519562,0.4051429587572559,0.5765952562153485,1
0.6034921805063884,320102,121,1949,467188,0.40658715339963675,0.058454106280193235,0.5934128466003633,0.9415458937198068,0.9996221383223566,0.40658715339963675,0.5780555171812881,1
0.6053044693367379,321253,123,1947,466037,0.4080491305618006,0.059420289855072465,0.5919508694381994,0.9405797101449276,0.999617270735836,0.4080491305618006,0.5795307152920717,1
0.6071167581670874,322447,124,1946,464843,0.40956572546329817,0.05990338164251208,0.5904342745367018,0.9400966183574879,0.9996155885060963,0.40956572546329817,0.5810583487481766,1
0.6089290469974369,323701,125,1945,463589,0.4111585311638659,0.06038647342995169,0.5888414688361341,0.9396135265700483,0.9996139902293207,0.4111585311638659,0.5826592362993603,1
0.6107413358277864,324847,126,1944,462443,0.4126141574261073,0.06086956521739131,0.5873858425738927,0.9391304347826087,0.9996122754813477,0.4126141574261073,0.5841190437873057,1
0.6125536246581359,326001,127,1943,461289,0.41407994512822466,0.06135265700483092,0.5859200548717753,0.938647342995169,0.9996105823480351,0.41407994512822466,0.58558600633365,1
0.6143659134884855,327240,127,1943,460050,0.41565369812902486,0.06135265700483092,0.5843463018709751,0.938647342995169,0.9996120561938131,0.41565369812902486,0.587158202029862,1
0.616178202318835,328435,127,1943,458855,0.4171715632105069,0.06135265700483092,0.582828436789493,0.938647342995169,0.9996134671690579,0.4171715632105069,0.5886712574785904,1
0.6179904911491845,329578,127,1943,457712,0.4186233789327948,0.06135265700483092,0.5813766210672052,0.938647342995169,0.999614807176112,0.4186233789327948,0.5901154436680559,1
0.619802779979534,330789,127,1943,456501,0.4201615668940289,0.06135265700483092,0.5798384331059712,0.938647342995169,0.9996162168042645,0.4201615668940289,0.5916423270846338,1
0.6216150688098835,332016,127,1943,455274,0.4217200777350151,0.06135265700483092,0.5782799222649849,0.938647342995169,0.9996176345730604,0.4217200777350151,0.593186014705659,1
0.623427357640233,333214,129,1941,454076,0.4232417533564506,0.06231884057971015,0.5767582466435494,0.9376811594202898,0.9996130112226745,0.4232417533564506,0.5946888945801168,1
0.6252396464705825,334430,129,1941,452860,0.4247862922176072,0.06231884057971015,0.5752137077823928,0.9376811594202898,0.9996144177858016,0.4247862922176072,0.5962121461979286,1
0.6270519353009321,335643,129,1941,451647,0.42632702053881033,0.06231884057971015,0.5736729794611897,0.9376811594202898,0.9996158107287088,0.42632702053881033,0.5977283533767503,1
0.6288642241312816,336795,130,1940,450495,0.42779026788095875,0.06280193236714976,0.5722097321190412,0.9371980676328503,0.9996141574534392,0.42779026788095875,0.5991647505148037,1
0.6306765129616311,337966,133,1937,449324,0.4292776486428127,0.0642512077294686,0.5707223513571873,0.9357487922705314,0.9996066240953093,0.4292776486428127,0.6006207631316817,1
0.6324888017919806,339206,133,1937,448084,0.4308526718235974,0.0642512077294686,0.5691473281764026,0.9357487922705314,0.9996080615549642,0.4308526718235974,0.6021609598190708,1
0.6343010906223301,340394,134,1936,446896,0.4323616456451879,0.0647342995169082,0.567638354354812,0.9352657004830918,0.9996064934454729,0.4323616456451879,0.6036328556557884,1
0.6361133794526797,341571,135,1935,445719,0.4338566474869489,0.06521739130434782,0.5661433525130511,0.9347826086956522,0.9996049235307545,0.4338566474869489,0.6050880605422871,1
0.6379256682830291,342808,135,1935,444482,0.4354278601277801,0.06521739130434782,0.5645721398722199,0.9347826086956522,0.9996063485768772,0.4354278601277801,0.6066147422699567,1
0.6397379571133787,344028,136,1934,443262,0.43697747970887474,0.06570048309178744,0.5630225202911252,0.9342995169082126,0.9996048395532362,0.43697747970887474,0.608116635762479,1
0.6415502459437282,345227,136,1934,442063,0.43850042551029483,0.06570048309178744,0.5614995744897052,0.9342995169082126,0.9996062114355041,0.43850042551029483,0.6095900509688317,1
0.6433625347740777,346454,136,1934,440836,0.44005893635128096,0.06570048309178744,0.559941063648719,0.9342995169082126,0.9996076055281456,0.44005893635128096,0.6110946484636822,1
0.6451748236044272,347680,136,1934,439610,0.4416161770122826,0.06570048309178744,0.5583838229877174,0.9342995169082126,0.9996089886606712,0.4416161770122826,0.6125947708848336,1
0.6469871124347767,348913,137,1933,438377,0.44318230893317584,0.06618357487922705,0.5568176910668242,0.9338164251207729,0.999607506087953,0.44318230893317584,0.614099653272788,1
0.6487994012651263,350127,137,1933,437163,0.4447243074343635,0.06618357487922705,0.5552756925656366,0.9338164251207729,0.9996088664550168,0.4447243074343635,0.6155786890116866,1
0.6506116900954757,351366,137,1933,435924,0.4462980604351637,0.06618357487922705,0.5537019395648364,0.9338164251207729,0.9996102451472676,0.4462980604351637,0.6170849311507887,1
0.6524239789258253,352574,137,1933,434716,0.4478324378564443,0.06618357487922705,0.5521675621435558,0.9338164251207729,0.9996115800187689,0.4478324378564443,0.6185503346049697,1
0.6542362677561748,353769,137,1933,433521,0.4493503029379263,0.06618357487922705,0.5506496970620737,0.9338164251207729,0.9996128915587755,0.4493503029379263,0.6199969155167036,1
0.6560485565865243,355082,137,1933,432208,0.4510180492575798,0.06618357487922705,0.5489819507424202,0.9338164251207729,0.9996143224320772,0.4510180492575798,0.6215828496755824,1
0.6578608454168738,356281,137,1933,431009,0.45254099505899986,0.06618357487922705,0.5474590049410002,0.9338164251207729,0.999615619862072,0.45254099505899986,0.6230279057241884,1
0.6596731342472233,357513,137,1933,429777,0.45410585679990856,0.06618357487922705,0.5458941432000914,0.9338164251207729,0.9996169439396058,0.45410585679990856,0.6245095812881025,1
0.6614854230775729,358799,137,1933,428491,0.45573930825998044,0.06618357487922705,0.5442606917400196,0.9338164251207729,0.9996183163572336,0.45573930825998044,0.6260528028503977,1
0.6632977119079223,360096,137,1933,427194,0.45738673169988187,0.06618357487922705,0.5426132683001181,0.9338164251207729,0.9996196905891465,0.45738673169988187,0.6276057211925163,1
0.6651100007382719,361237,137,1933,426053,0.45883600706220073,0.06618357487922705,0.5411639929377993,0.9338164251207729,0.9996208913756939,0.45883600706220073,0.6289689587207399,1
0.6669222895686214,362439,137,1933,424851,0.4603627634035743,0.06618357487922705,0.5396372365964257,0.9338164251207729,0.9996221481841049,0.4603627634035743,0.6304021512071842,1
0.6687345783989709,363683,137,1933,423607,0.461942867304297,0.06618357487922705,0.538057132695703,0.9338164251207729,0.9996234401627179,0.461942867304297,0.6318822701566315,1
0.6705468672293204,364931,137,1933,422359,0.4635280519249578,0.06618357487922705,0.5364719480750423,0.9338164251207729,0.9996247274480371,0.4635280519249578,0.6333639372486675,1
0.6723591560596699,366188,137,1933,421102,0.46512466816547904,0.06618357487922705,0.534875331834521,0.9338164251207729,0.9996260151504811,0.46512466816547904,0.6348530488941284,1
0.6741714448900195,367399,137,1933,419891,0.46666285612671315,0.06618357487922705,0.5333371438732868,0.9338164251207729,0.9996272473988943,0.46666285612671315,0.6362846004506306,1
0.6759837337203689,368590,137,1933,418700,0.46817564048825716,0.06618357487922705,0.5318243595117428,0.9338164251207729,0.9996284514017145,0.46817564048825716,0.637689584149714,1
0.6777960225507185,369845,137,1933,417445,0.4697697163688095,0.06618357487922705,0.5302302836311905,0.9338164251207729,0.9996297117157051,0.4697697163688095,0.6391669374183425,1
0.679608311381068,371114,137,1933,416176,0.4713815747691448,0.06618357487922705,0.5286184252308552,0.9338164251207729,0.9996309774249766,0.4713815747691448,0.6406575166524102,1
0.6814206002114175,372324,138,1932,414966,0.47291849255039436,0.06666666666666667,0.5270815074496056,0.9333333333333333,0.9996294924045943,0.47291849255039436,0.6420752022846263,1
0.683232889041767,373579,138,1932,413711,0.4745125684309467,0.06666666666666667,0.5254874315690533,0.9333333333333333,0.9996307366269129,0.4745125684309467,0.6435430621865329,1
0.6850451778721165,374800,138,1932,412490,0.47606345819202583,0.06666666666666667,0.5239365418079742,0.9333333333333333,0.9996319391472723,0.47606345819202583,0.6449681129692281,1
0.6868574667024661,376059,138,1932,411231,0.4776626147925161,0.06666666666666667,0.5223373852074839,0.9333333333333333,0.9996331709184284,0.4776626147925161,0.646434382163273,1
0.6886697555328155,377347,138,1932,409943,0.479298606612557,0.06666666666666667,0.520701393387443,0.9333333333333333,0.9996344225598368,0.479298606612557,0.6479311455002038,1
0.6904820443631651,378529,138,1932,408761,0.48079995935424047,0.06666666666666667,0.5192000406457595,0.9333333333333333,0.9996355637010883,0.48079995935424047,0.6493018181631055,1
0.6922943331935146,379748,139,1931,407542,0.4823483087553506,0.06714975845410628,0.5176516912446494,0.9328502415458937,0.9996341017197219,0.4823483087553506,0.650711931437991,1
0.6941066220238641,380936,139,1931,406354,0.48385728257694116,0.06714975845410628,0.5161427174230588,0.9328502415458937,0.9996352424063505,0.48385728257694116,0.6520838950156843,1
0.6959189108542136,382123,140,1930,405167,0.4853649862185472,0.06763285024154589,0.5146350137814528,0.9323671497584541,0.9996337600029299,0.4853649862185472,0.6534513613320645,1
0.6977311996845631,383279,140,1930,404011,0.4868333142806336,0.06763285024154589,0.5131666857193664,0.9323671497584541,0.9996348642086073,0.4868333142806336,0.6547809916896513,1
0.6995434885149127,384535,140,1930,402755,0.48842866034117033,0.06763285024154589,0.5115713396588296,0.9323671497584541,0.9996360564112563,0.48842866034117033,0.6562226687657055,1
0.7013557773452621,385692,140,1930,401598,0.48989825858324126,0.06763285024154589,0.5101017414167588,0.9323671497584541,0.9996371477741608,0.48989825858324126,0.6575479788120929,1
0.7031680661756117,387028,140,1930,400262,0.49159521904253833,0.06763285024154589,0.5084047809574617,0.9323671497584541,0.9996383998677577,0.49159521904253833,0.6590750797389093,1
0.7049803550059612,388301,141,1929,398989,0.49321215816281166,0.06811594202898551,0.5067878418371883,0.9318840579710145,0.9996370114457243,0.49321215816281166,0.6605263784603974,1
0.7067926438363107,389568,141,1929,397722,0.494821476203178,0.06811594202898551,0.505178523796822,0.9318840579710145,0.9996381915737127,0.494821476203178,0.6619682769484087,1
0.7086049326666602,390867,141,1929,396423,0.49647144000304844,0.06811594202898551,0.5035285599969516,0.9318840579710145,0.9996393935673951,0.49647144000304844,0.6634433734080851,1
0.7104172214970097,392146,141,1929,395144,0.4980960002032288,0.06811594202898551,0.5019039997967712,0.9318840579710145,0.9996405692770854,0.4980960002032288,0.6648925843755855,1
0.7122295103273593,393416,141,1929,393874,0.4997091287835486,0.06811594202898551,0.5002908712164513,0.9318840579710145,0.999641729152321,0.4997091287835486,0.6663284913286819,1
0.7140417991577087,394639,141,1929,392651,0.5012625589045968,0.06811594202898551,0.49873744109540324,0.9318840579710145,0.9996428390495973,0.5012625589045968,0.6677083421455583,1
0.7158540879880583,395887,141,1929,391403,0.5028477435252575,0.06811594202898551,0.4971522564747425,0.9318840579710145,0.9996439645681618,0.5028477435252575,0.6691134589349608,1
0.7176663768184078,397151,141,1929,390139,0.5044532510256703,0.06811594202898551,0.49554674897432965,0.9318840579710145,0.9996450973087805,0.5044532510256703,0.6705335721798913,1
0.7194786656487573,398355,141,1929,388935,0.5059825477270129,0.06811594202898551,0.4940174522729871,0.9318840579710145,0.9996461695976873,0.5059825477270129,0.6718834595787097,1
0.7212909544791068,399601,141,1929,387689,0.5075651919877047,0.06811594202898551,0.49243480801229533,0.9318840579710145,0.9996472724907566,0.5075651919877047,0.6732775527534219,1
0.7231032433094563,400843,141,1929,386447,0.5091427555284583,0.06811594202898551,0.4908572444715416,0.9318840579710145,0.9996483650220458,0.5091427555284583,0.6746642609364506,1
0.7249155321398059,402056,141,1929,385234,0.5106834838496614,0.06811594202898551,0.4893165161503385,0.9318840579710145,0.9996494255302749,0.5106834838496614,0.6760157950444183,1
0.7267278209701553,403293,141,1929,383997,0.5122546964904927,0.06811594202898551,0.4877453035095073,0.9318840579710145,0.9996505004536058,0.5122546964904927,0.6773912342406805,1
0.7285401098005049,404539,141,1929,382751,0.5138373407511845,0.06811594202898551,0.4861626592488156,0.9318840579710145,0.9996515765543145,0.5138373407511845,0.6787737946424827,1
0.7303523986308544,405732,141,1929,381558,0.5153526654726975,0.06811594202898551,0.4846473345273025,0.9318840579710145,0.9996526006903638,0.5153526654726975,0.6800948403529108,1
0.7321646874612039,406900,142,1928,380390,0.5168362356945979,0.06859903381642513,0.4831637643054021,0.9314009661835749,0.9996511416512301,0.5168362356945979,0.6813850755066431,1
0.7339769762915535,408123,142,1928,379167,0.518389665815646,0.06859903381642513,0.48161033418435395,0.9314009661835749,0.9996521866924669,0.518389665815646,0.6827339603782344,1
0.7357892651219029,409406,142,1928,377884,0.5200193067357645,0.06859903381642513,0.47998069326423554,0.9314009661835749,0.9996532762948421,0.5200193067357645,0.6841460581966815,1
0.7376015539522525,410707,142,1928,376583,0.5216718108956039,0.06859903381642513,0.4783281891043961,0.9314009661835749,0.9996543742348162,0.5216718108956039,0.6855748790415803,1
0.7394138427826019,411951,142,1928,375339,0.5232519147963266,0.06859903381642513,0.47674808520367334,0.9314009661835749,0.9996554175877775,0.5232519147963266,0.6869382007248725,1
0.7412261316129515,413187,142,1928,374103,0.5248218572571733,0.06859903381642513,0.47517814274282666,0.9314009661835749,0.9996564480111485,0.5248218572571733,0.6882899570971306,1
0.743038420443301,414454,142,1928,372836,0.5264311752975397,0.06859903381642513,0.4735688247024603,0.9314009661835749,0.9996574979015717,0.5264311752975397,0.6896727310244066,1
0.7448507092736505,415678,142,1928,371612,0.5279858755985724,0.06859903381642513,0.4720141244014277,0.9314009661835749,0.9996585060843635,0.5279858755985724,0.6910058099425654,1
0.746662998104,416900,142,1928,370390,0.529538035539636,0.06859903381642513,0.47046196446036403,0.9314009661835749,0.99965950671635,0.529538035539636,0.69233400756602,1
0.7484752869343495,418156,142,1928,369134,0.5311333816001728,0.06859903381642513,0.46886661839982724,0.9314009661835749,0.9996605290964815,0.5311333816001728,0.6936963539783078,1
0.7502875757646991,419379,142,1928,367911,0.5326868117212209,0.06859903381642513,0.4673131882787791,0.9314009661835749,0.9996615187320778,0.5326868117212209,0.6950201812877077,1
0.7520998645950485,420627,142,1928,366663,0.5342719963418816,0.06859903381642513,0.46572800365811834,0.9314009661835749,0.9996625226668314,0.5342719963418816,0.6963683065148307,1
0.7539121534253981,421874,142,1928,365416,0.5358559107825579,0.06859903381642513,0.4641440892174421,0.9314009661835749,0.9996635198665453,0.5358559107825579,0.6977125723348763,1
0.7557244422557476,423110,142,1928,364180,0.5374258532434046,0.06859903381642513,0.4625741467565954,0.9314009661835749,0.999664502471341,0.5374258532434046,0.6990422471917538,1
0.7575367310860971,424393,142,1928,362897,0.5390554941635229,0.06859903381642513,0.460944505836477,0.9314009661835749,0.9996655163885192,0.5390554941635229,0.7004196150434263,1
0.7593490199164467,425702,142,1928,361588,0.5407181597632384,0.06859903381642513,0.45928184023676155,0.9314009661835749,0.9996665445562225,0.5407181597632384,0.7018218927175398,1
0.7611613087467961,426923,142,1928,360367,0.5422690495243176,0.06859903381642513,0.4577309504756824,0.9314009661835749,0.999667497921862,0.5422690495243176,0.703127174508278,1
0.7629735975771457,428176,142,1928,359114,0.5438605850449009,0.06859903381642513,0.45613941495509913,0.9314009661835749,0.9996684706222947,0.5438605850449009,0.7044639390329778,1
0.7647858864074951,429499,142,1928,357791,0.5455410331643994,0.06859903381642513,0.4544589668356006,0.9314009661835749,0.999669491505699,0.5455410331643994,0.7058723953946443,1
0.7665981752378447,430819,142,1928,356471,0.5472176707439445,0.06859903381642513,0.4527823292560556,0.9314009661835749,0.9996705038274926,0.5472176707439445,0.7072746092553999,1
0.7684104640681942,432166,142,1928,355124,0.548928603183071,0.06859903381642513,0.451071396816929,0.9314009661835749,0.9996715304828965,0.548928603183071,0.7087023757008456,1
0.7702227528985437,433368,142,1928,353922,0.5504553595244446,0.06859903381642513,0.44954464047555537,0.9314009661835749,0.9996724412354963,0.5504553595244446,0.7099737876802097,1
0.7720350417288933,434629,142,1928,352661,0.5520570564849039,0.06859903381642513,0.4479429435150961,0.9314009661835749,0.9996733912795471,0.5520570564849039,0.7113049184942487,1
0.7738473305592427,435892,143,1927,351398,0.5536612938053322,0.06908212560386473,0.4463387061946678,0.9309178743961353,0.9996720446753128,0.5536612938053322,0.7126348272127194,1
0.7756596193895923,437192,144,1926,350098,0.5553125277851871,0.06956521739130435,0.44468747221481286,0.9304347826086956,0.9996707337150383,0.5553125277851871,0.7140008459725663,1
0.7774719082199418,438533,144,1926,348757,0.5570158391444068,0.06956521739130435,0.4429841608555932,0.9304347826086956,0.9996717402553588,0.5570158391444068,0.7154075109688922,1
0.7792841970502913,439785,144,1926,347505,0.5586061044850055,0.06956521739130435,0.44139389551499447,0.9304347826086956,0.999672674454287,0.5586061044850055,0.7167180429898821,1
0.7810964858806408,440997,145,1925,346293,0.5601455626262242,0.07004830917874397,0.4398544373737759,0.9299516908212561,0.9996713076515045,0.5601455626262242,0.7179835758104641,1
0.7829087747109903,442267,146,1924,345023,0.561758691206544,0.07053140096618357,0.438241308793456,0.9294685990338164,0.9996699916141705,0.561758691206544,0.7193070196624713,1
0.7847210635413399,443557,146,1924,343733,0.5633972233865538,0.07053140096618357,0.43660277661344615,0.9294685990338164,0.9996709510641127,0.5633972233865538,0.7206491019851452,1
0.7865333523716893,444767,146,1924,342523,0.5649341411678035,0.07053140096618357,0.4350658588321965,0.9294685990338164,0.9996718459564005,0.5649341411678035,0.7219054003277057,1
0.7883456412020389,446099,146,1924,341191,0.5666260209071625,0.07053140096618357,0.4333739790928375,0.9294685990338164,0.9996728254658316,0.5666260209071625,0.7232855168276539,1
0.7901579300323884,447379,147,1923,339911,0.5682518512873275,0.07101449275362319,0.4317481487126726,0.9289855072463769,0.9996715274643261,0.5682518512873275,0.7246083627034312,1
0.7919702188627379,448622,147,1923,338668,0.5698306850080657,0.07101449275362319,0.43016931499193434,0.9289855072463769,0.9996724372672801,0.5698306850080657,0.7258909162103103,1
0.7937825076930874,449958,147,1923,337332,0.5715276454673627,0.07101449275362319,0.42847235453263727,0.9289855072463769,0.9996734095377745,0.5715276454673627,0.7272665559502017,1
0.7955947965234369,451200,147,1923,336090,0.5731052090081165,0.07101449275362319,0.42689479099188354,0.9289855072463769,0.9996743082373429,0.5731052090081165,0.7285427449688648,1
0.7974070853537865,452488,147,1923,334802,0.5747412008281574,0.07101449275362319,0.42525879917184267,0.9289855072463769,0.9996752350127587,0.5747412008281574,0.7298634998084562,1
0.7992193741841359,453743,147,1923,333547,0.5763352767087097,0.07101449275362319,0.4236647232912904,0.9289855072463769,0.9996761329837626,0.5763352767087097,0.7311477787266957,1
0.8010316630144855,455079,148,1922,332211,0.5780322371680067,0.07149758454106281,0.4219677628319933,0.9285024154589372,0.9996748874737219,0.5780322371680067,0.7325115068848151,1
0.802843951844835,456355,150,1920,330935,0.5796529868282335,0.07246376811594203,0.4203470131717664,0.927536231884058,0.9996714165233678,0.5796529868282335,0.7338106359970896,1
0.8046562406751845,457687,150,1920,329603,0.5813448665675927,0.07246376811594203,0.41865513343240734,0.927536231884058,0.9996723724819095,0.5813448665675927,0.7351651678905043,1
0.806468529505534,459083,150,1920,328207,0.58311803782596,0.07246376811594203,0.41688196217404005,0.927536231884058,0.9996733684208234,0.58311803782596,0.7365816755888179,1
0.8082808183358835,460450,151,1919,326840,0.5848543738647767,0.07294685990338164,0.4151456261352234,0.9270531400966183,0.9996721674507871,0.5848543738647767,0.737965094707791,1
0.8100931071662331,461743,151,1919,325547,0.58649671658474,0.07294685990338164,0.41350328341525994,0.9270531400966183,0.9996730851667266,0.58649671658474,0.7392713963675488,1
0.8119053959965825,463117,151,1919,324173,0.5882419438834483,0.07294685990338164,0.4117580561165517,0.9270531400966183,0.9996740547588006,0.5882419438834483,0.7406565709067472,1
0.8137176848269321,464478,151,1919,322812,0.589970658842358,0.07294685990338164,0.41002934115764206,0.9270531400966183,0.9996750095237276,0.589970658842358,0.7420256422340423,1
0.8155299736572816,465795,151,1919,321495,0.5916434858819495,0.07294685990338164,0.4083565141180505,0.9270531400966183,0.9996759281118412,0.5916434858819495,0.7433476216770026,1
0.8173422624876311,467132,151,1919,320158,0.593341716521231,0.07294685990338164,0.4066582834787689,0.9270531400966183,0.99967685535318,0.593341716521231,0.7446868376730569,1
0.8191545513179807,468483,151,1919,318807,0.5950577296802957,0.07294685990338164,0.4049422703197043,0.9270531400966183,0.9996777869296722,0.5950577296802957,0.7460371805937301,1
0.8209668401483301,469781,151,1919,317509,0.5967064233001816,0.07294685990338164,0.40329357669981836,0.9270531400966183,0.9996786769149579,0.5967064233001816,0.7473318157016025,1
0.8227791289786797,471103,151,1919,316187,0.5983856012396956,0.07294685990338164,0.40161439876030436,0.9270531400966183,0.9996795783165766,0.5983856012396956,0.7486476436262857,1
0.8245914178090291,472379,152,1918,314911,0.6000063508999225,0.07342995169082125,0.3999936491000775,0.9265700483091788,0.9996783279827144,0.6000063508999225,0.7499144719765745,1
0.8264037066393787,473625,153,1917,313665,0.6015889951606143,0.07391304347826087,0.39841100483938574,0.9260869565217391,0.9996770639413396,0.6015889951606143,0.7511490260636222,1
0.8282159954697282,474921,153,1917,312369,0.6032351484205312,0.07391304347826087,0.39676485157946884,0.9260869565217391,0.9996779449096351,0.6032351484205312,0.7524311529796477,1
0.8300282843000777,476341,153,1917,310949,0.6050388039985266,0.07391304347826087,0.3949611960014734,0.9260869565217391,0.9996789046661658,0.6050388039985266,0.7538329334759738,1
0.8318405731304273,477685,155,1915,309605,0.6067459258976997,0.0748792270531401,0.3932540741023003,0.9251207729468599,0.9996756236397121,0.6067459258976997,0.755155596658051,1
0.8336528619607767,479038,156,1914,308252,0.6084644794167333,0.07536231884057971,0.3915355205832666,0.9246376811594202,0.9996744533529218,0.6084644794167333,0.7564848825567477,1
0.8354651507911263,480370,157,1913,306920,0.6101563591560925,0.07584541062801932,0.3898436408439076,0.9241545893719807,0.999673275383069,0.6101563591560925,0.7577907537128782,1
0.8372774396214757,481668,157,1913,305622,0.6118050527759784,0.07584541062801932,0.38819494722402165,0.9241545893719807,0.9996741555544025,0.6118050527759784,0.7590612355854276,1
0.8390897284518253,483012,157,1913,304278,0.6135121746751515,0.07584541062801932,0.38648782532484854,0.9241545893719807,0.999675061934851,0.6135121746751515,0.7603740065598339,1
0.8409020172821748,484287,157,1913,303003,0.6151316541553938,0.07584541062801932,0.38486834584460616,0.9241545893719807,0.9996759171338689,0.6151316541553938,0.7616168160951897,1
0.8427143061125243,485668,157,1913,301622,0.6168857727139936,0.07584541062801932,0.3831142272860064,0.9241545893719807,0.999676838367725,0.6168857727139936,0.7629601410713094,1
0.8445265949428739,487007,158,1912,300283,0.6185865437132442,0.07632850241545894,0.3814134562867558,0.923671497584541,0.9996756745661121,0.6185865437132442,0.7642592323777615,1
0.8463388837732233,488346,158,1912,298944,0.6202873147124948,0.07632850241545894,0.37971268528750524,0.923671497584541,0.9996765635491214,0.6202873147124948,0.7655561948088798,1
0.8481511726035729,489678,158,1912,297612,0.6219791944518538,0.07632850241545894,0.37802080554814615,0.923671497584541,0.999677443062576,0.6219791944518538,0.7668436786973251,1
0.8499634614339223,490984,158,1912,296306,0.6236380495116158,0.07632850241545894,0.3763619504883842,0.923671497584541,0.9996783007765575,0.6236380495116158,0.7681034266977047,1
0.8517757502642719,492236,158,1912,295054,0.6252283148522145,0.07632850241545894,0.3747716851477854,0.923671497584541,0.9996791187544933,0.6252283148522145,0.7693086730786663,1
0.8535880390946214,493608,158,1912,293682,0.6269710017909538,0.07632850241545894,0.3730289982090462,0.923671497584541,0.9996800103692842,0.6269710017909538,0.7706267329453201,1
0.8554003279249709,494903,158,1912,292387,0.6286158848708862,0.07632850241545894,0.3713841151291138,0.923671497584541,0.9996808474107232,0.6286158848708862,0.7718682326445724,1
0.8572126167553205,496231,159,1911,291059,0.6303026838903073,0.07681159420289856,0.36969731610969275,0.9231884057971015,0.9996796873426137,0.6303026838903073,0.773138165274835,1
0.8590249055856699,497576,162,1908,289714,0.6320110759694648,0.0782608695652174,0.3679889240305351,0.9217391304347826,0.9996745275626936,0.6320110759694648,0.7744204795537527,1
0.8608371944160195,498905,165,1905,288385,0.6336991451688704,0.07971014492753623,0.36630085483112956,0.9202898550724637,0.9996693850562045,0.6336991451688704,0.77568487826114,1
0.8626494832463689,500257,165,1905,287033,0.6354164285079196,0.07971014492753623,0.3645835714920804,0.9202898550724637,0.9996702782851273,0.6354164285079196,0.7769703163440271,1
0.8644617720767185,501628,165,1905,285662,0.6371578452666743,0.07971014492753623,0.3628421547333257,0.9202898550724637,0.9996711791515625,0.6371578452666743,0.7782710655559029,1
0.866274060907068,502911,167,1903,284379,0.6387874861867927,0.08067632850241546,0.36121251381320735,0.9193236714975845,0.9996680435240658,0.6387874861867927,0.7794846121416527,1
0.8680863497374175,504250,168,1902,283040,0.6404882571860433,0.08115942028985507,0.35951174281395676,0.9188405797101449,0.9996669428926009,0.6404882571860433,0.7807492095736807,1
0.8698986385677671,505671,170,1900,281619,0.6422931829440232,0.0821256038647343,0.35770681705597684,0.9178743961352657,0.9996639260162778,0.6422931829440232,0.7820878163155938,1
0.8717109273981165,506974,171,1899,280316,0.6439482274638316,0.08260869565217391,0.3560517725361684,0.9173913043478261,0.9996628183261197,0.6439482274638316,0.7833131829717213,1
0.8735232162284661,508315,171,1899,278975,0.6456515388230513,0.08260869565217391,0.3543484611769488,0.9173913043478261,0.9996637075553703,0.6456515388230513,0.784572333489739,1
0.8753355050588155,509603,174,1896,277687,0.6472875306430921,0.08405797101449275,0.35271246935690787,0.9159420289855073,0.9996586742830689,0.6472875306430921,0.7857774502011076,1
0.8771477938891651,510964,174,1896,276326,0.6490162456020018,0.08405797101449275,0.35098375439799817,0.9159420289855073,0.999659583126279,0.6490162456020018,0.7870501868413188,1
0.8789600827195146,512345,174,1896,274945,0.6507703641606015,0.08405797101449275,0.3492296358393984,0.9159420289855073,0.999660500391205,0.6507703641606015,0.7883389021002316,1
0.8807723715498641,513693,175,1895,273597,0.6524825667797127,0.08454106280193237,0.34751743322028733,0.9154589371980676,0.999659445616384,0.6524825667797127,0.7895935774133503,1
0.8825846603802137,515054,177,1893,272236,0.6542112817386223,0.08550724637681159,0.34578871826137764,0.9144927536231884,0.999656464770171,0.6542112817386223,0.7908571147797232,1
0.8843969492105631,516395,178,1892,270895,0.655914593097842,0.08599033816425121,0.34408540690215805,0.9140096618357488,0.9996554214022025,0.655914593097842,0.7921000902702201,1
0.8862092380409127,517706,180,1890,269584,0.6575797990575265,0.08695652173913043,0.34242020094247355,0.9130434782608695,0.999652433160966,0.6575797990575265,0.7933121663285259,1
0.8880215268712621,519075,182,1888,268215,0.6593186754563122,0.08792270531400966,0.3406813245436878,0.9120772946859903,0.9996494991882632,0.6593186754563122,0.794575319525436,1
0.8898338157016117,520394,184,1886,266896,0.6609940428558727,0.08888888888888889,0.33900595714412735,0.9111111111111111,0.9996465467230655,0.6609940428558727,0.795789789183618,1
0.8916461045319612,521747,185,1885,265543,0.6627125963749063,0.0893719806763285,0.3372874036250937,0.9106280193236715,0.9996455476958684,0.6627125963749063,0.7970336581572873,1
0.8934583933623107,523017,186,1884,264273,0.6643257249552261,0.08985507246376812,0.3356742750447738,0.9101449275362319,0.999644497451276,0.6643257249552261,0.7981988457778867,1
0.8952706821926603,524319,188,1882,262971,0.6659794992950501,0.09082125603864734,0.3340205007049499,0.9091787439613527,0.9996415681773552,0.6659794992950501,0.7993904544681837,1
0.8970829710230097,525645,190,1880,261645,0.6676637579545022,0.09178743961352658,0.33233624204549783,0.9082125603864735,0.9996386699249765,0.6676637579545022,0.8006016182770109,1
0.8988952598533593,527061,191,1879,260229,0.6694623328125595,0.09227053140096618,0.3305376671874405,0.9077294685990338,0.9996377443802963,0.6694623328125595,0.8018929786952413,1
0.9007075486837087,528420,192,1878,258870,0.6711885074115002,0.0927536231884058,0.3288114925884998,0.9072463768115943,0.9996367846359901,0.6711885074115002,0.803129716346658,1
0.9025198375140583,529791,193,1877,257499,0.6729299241702549,0.09323671497584542,0.32707007582974507,0.9067632850241546,0.9996358380630359,0.6729299241702549,0.8043747921844657,1
0.9043321263444078,531118,193,1877,256172,0.6746154530096915,0.09323671497584542,0.32538454699030855,0.9067632850241546,0.9996367475922765,0.6746154530096915,0.8055780330820317,1
0.9061444151747573,532440,195,1875,254850,0.6762946309492055,0.09420289855072464,0.3237053690507945,0.9057971014492754,0.9996338956320933,0.6762946309492055,0.8067731121086424,1
0.9079567040051069,533766,198,1872,253524,0.6779788896086576,0.09565217391304348,0.32202111039134246,0.9043478260869565,0.9996291884846169,0.6779788896086576,0.8079687932827451,1
0.9097689928354563,535168,198,1872,252122,0.6797596819469319,0.09565217391304348,0.32024031805306813,0.9043478260869565,0.9996301595543983,0.6797596819469319,0.8092323325188108,1
0.9115812816658059,536567,198,1872,250723,0.6815366637452527,0.09565217391304348,0.3184633362547473,0.9043478260869565,0.9996311234897953,0.6815366637452527,0.8104905007722487,1
0.9133935704961553,537877,198,1872,249413,0.6832005995249527,0.09565217391304348,0.3167994004750473,0.9043478260869565,0.999632021558333,0.6832005995249527,0.8116662202487618,1
0.9152058593265049,539313,201,1869,247977,0.6850245779827001,0.09710144927536232,0.31497542201729983,0.9028985507246376,0.9996274424760062,0.6850245779827001,0.8129505186900251,1
0.9170181481568545,540670,203,1867,246620,0.6867482122216718,0.09806763285024155,0.3132517877783282,0.9019323671497584,0.9996246808400493,0.6867482122216718,0.8141621171497776,1
0.9188304369872039,542000,203,1867,245290,0.6884375516010619,0.09806763285024155,0.31156244839893815,0.9019323671497584,0.999625601481364,0.6884375516010619,0.8153484072499818,1
0.9206427258175535,543413,203,1867,243877,0.6902323159191658,0.09806763285024155,0.30976768408083427,0.9019323671497584,0.999626574640923,0.6902323159191658,0.8166061314623272,1
0.9224550146479029,544732,204,1866,242558,0.6919076833187263,0.09855072463768116,0.30809231668127374,0.9014492753623189,0.9996256441123361,0.6919076833187263,0.8177771639346478,1
0.9242673034782525,546170,204,1866,241120,0.6937342021364428,0.09855072463768116,0.3062657978635573,0.9014492753623189,0.9996266293784112,0.6937342021364428,0.8190518751349665,1
0.9260795923086019,547557,204,1866,239733,0.6954959417749496,0.09855072463768116,0.3045040582250505,0.9014492753623189,0.9996275747999583,0.6954959417749496,0.8202787758669894,1
0.9278918811389515,548900,205,1865,238390,0.6972017934941381,0.09903381642512077,0.30279820650586187,0.9009661835748792,0.9996266652097504,0.6972017934941381,0.8214637139468495,1
0.929704169969301,550239,208,1862,237051,0.6989025644933887,0.10048309178743961,0.3010974355066113,0.8995169082125604,0.9996221252908999,0.6989025644933887,0.8226415207174503,1
0.9315164587996505,551657,210,1860,235633,0.7007036797114151,0.10144927536231885,0.2992963202885849,0.8985507246376812,0.9996194735325722,0.7007036797114151,0.8238869676968421,1
0.9333287476300001,552991,210,1860,234299,0.7023980998107432,0.10144927536231885,0.2976019001892568,0.8985507246376812,0.999620391141737,0.7023980998107432,0.8250573856892736,1
0.9351410364603495,554457,212,1858,232833,0.7042601836680258,0.10241545893719807,0.2957398163319742,0.8975845410628019,0.9996177900693928,0.7042601836680258,0.8263397018835896,1
0.9369533252906991,555878,213,1857,231412,0.7060651094260056,0.10289855072463767,0.29393489057399436,0.8971014492753623,0.9996169691651187,0.7060651094260056,0.8275805597965135,1
0.9387656141210485,557263,215,1855,230027,0.7078243087045434,0.10386473429951691,0.29217569129545656,0.8961352657004831,0.9996143345567,0.7078243087045434,0.8287868241956976,1
0.9405779029513981,558602,217,1853,228688,0.7095250797037941,0.10483091787439613,0.290474920296206,0.8951690821256039,0.9996116810630992,0.7095250797037941,0.8299506206406763,1
0.9423901917817477,560019,217,1853,227271,0.711324924741836,0.10483091787439613,0.2886750752581641,0.8951690821256039,0.9996126632347796,0.711324924741836,0.8311809939103215,1
0.9442024806120971,561385,217,1853,225905,0.7130599906006682,0.10483091787439613,0.2869400093993319,0.8951690821256039,0.9996136053646533,0.7130599906006682,0.8323646370502605,1
0.9460147694424467,562740,218,1852,224550,0.7147810844796708,0.10531400966183575,0.28521891552032924,0.8946859903381642,0.9996127597440662,0.7147810844796708,0.8335357652816372,1
0.9478270582727961,564056,219,1851,223234,0.7164526413392778,0.10579710144927536,0.2835473586607222,0.8942028985507247,0.9996118913650259,0.7164526413392778,0.8346709185277807,1
0.9496393471031457,565457,220,1850,221833,0.7182321634975676,0.10628019323671498,0.28176783650243237,0.893719806763285,0.9996110854781085,0.7182321634975676,0.8358770021737411,1
0.9514516359334951,566799,221,1849,220491,0.7199367450367717,0.1067632850241546,0.2800632549632283,0.8932367149758454,0.9996102430249374,0.7199367450367717,0.83702992667853,1
0.9532639247638447,568216,222,1848,219074,0.7217365900748136,0.1072463768115942,0.2782634099251864,0.8927536231884058,0.9996094560884389,0.7217365900748136,0.8382448396728548,1
0.9550762135941943,569627,224,1846,217663,0.7235288140329484,0.10821256038647344,0.27647118596705156,0.8917874396135266,0.9996069147900065,0.7235288140329484,0.8394514645125304,1
0.9568885024245437,571160,226,1844,216130,0.7254759999491928,0.10917874396135266,0.2745240000508072,0.8908212560386474,0.9996044705330547,0.7254759999491928,0.8407596807480222,1
0.9587007912548933,572578,226,1844,214712,0.7272771151672192,0.10917874396135266,0.2727228848327808,0.8908212560386474,0.999605449682614,0.7272771151672192,0.8419682757221192,1
0.9605130800852427,574014,227,1843,213276,0.7291010936249667,0.10966183574879228,0.27089890637503333,0.8903381642512077,0.9996046955894825,0.7291010936249667,0.8431890276460838,1
0.9623253689155923,575383,227,1843,211907,0.7308399700237523,0.10966183574879228,0.26916002997624766,0.8903381642512077,0.9996056357603238,0.7308399700237523,0.8443510162154229,1
0.9641376577459417,576694,228,1842,210596,0.7325051759834369,0.11014492753623188,0.26749482401656316,0.8898550724637682,0.999604799262292,0.7325051759834369,0.8454609694094466,1
0.9659499465762913,578098,230,1840,209192,0.7342885086816802,0.1111111111111111,0.2657114913183198,0.8888888888888888,0.9996023018079706,0.7342885086816802,0.846646719653666,1
0.9677622354066409,579432,231,1839,207858,0.7359829287810082,0.11159420289855072,0.2640170712189917,0.8884057971014493,0.999601492591385,0.7359829287810082,0.8477716497933726,1
0.9695745242369903,580833,231,1839,206457,0.7377624509392982,0.11159420289855072,0.2622375490607019,0.8884057971014493,0.999602453430259,0.7377624509392982,0.8489513678477938,1
0.9713868130673399,582250,234,1836,205040,0.73956229597734,0.11304347826086956,0.26043770402266003,0.8869565217391304,0.99959827222722,0.73956229597734,0.8501402421129326,1
0.9731991018976893,583565,235,1835,203725,0.7412325826569625,0.11352657004830918,0.2587674173430375,0.8864734299516909,0.9995974648852347,0.7412325826569625,0.8512424421445711,1
0.9750113907280389,584901,235,1835,202389,0.7429295431162596,0.11352657004830918,0.2570704568837404,0.8864734299516909,0.9995983839654371,0.7429295431162596,0.8523607101585077,1
0.9768236795583883,586363,237,1833,200927,0.7447865462536042,0.1144927536231884,0.25521345374639587,0.8855072463768116,0.9995959768155472,0.7447865462536042,0.8535807087903691,1
0.9786359683887379,587684,237,1833,199606,0.7464644540131337,0.1144927536231884,0.25353554598686634,0.8855072463768116,0.99959688461545,0.7464644540131337,0.8546819360810813,1
0.9804482572190875,589068,237,1833,198222,0.7482223831116869,0.1144927536231884,0.25177761688831307,0.8855072463768116,0.9995978313437015,0.7482223831116869,0.855833415056716,1
0.9822605460494369,590445,238,1832,196845,0.7499714209503486,0.11497584541062802,0.2500285790496513,0.885024154589372,0.9995970766045409,0.7499714209503486,0.8569761526532087,1
0.9840728348797865,591818,239,1831,195472,0.7517153780690724,0.11545893719806763,0.24828462193092762,0.8845410628019323,0.9995963226513663,0.7517153780690724,0.8581132956391684,1
0.9858851237101359,593235,240,1830,194055,0.7535152231071143,0.11594202898550725,0.24648477689288573,0.8840579710144928,0.9995956021736383,0.7535152231071143,0.8592845270556538,1
0.9876974125404855,594608,242,1828,192682,0.755259180225838,0.11690821256038647,0.244740819774162,0.8830917874396135,0.9995931747499369,0.755259180225838,0.8604164556412519,1
0.9895097013708349,595995,242,1828,191295,0.7570209198643448,0.11690821256038647,0.24297908013565522,0.8830917874396135,0.999594121129685,0.7570209198643448,0.8615588998263135,1
0.9913219902011845,597402,243,1827,189888,0.7588080631025417,0.11739130434782609,0.24119193689745838,0.8826086956521739,0.9995934041111362,0.7588080631025417,0.8627148566539223,1
0.9931342790315341,598775,245,1825,188515,0.7605520202212653,0.11835748792270531,0.23944797977873464,0.8816425120772947,0.9995909986310975,0.7605520202212653,0.8638399780712827,1
0.9949465678618835,600224,248,1822,187066,0.7623925110188113,0.11980676328502415,0.23760748898118864,0.8801932367149758,0.9995869915666342,0.7623925110188113,0.8650244062022163,1
0.9967588566922331,601654,249,1821,185636,0.7642088683966518,0.12028985507246377,0.2357911316033482,0.8797101449275362,0.9995863120801857,0.7642088683966518,0.8661920985780953,1
0.9985711455225825,603035,250,1820,184255,0.7659629869552516,0.12077294685990338,0.23403701304474844,0.8792270531400966,0.9995856021614992,0.7659629869552516,0.8673174765834277,1
1.000383434352932,604426,254,1816,182864,0.7677298073136963,0.12270531400966184,0.23227019268630364,0.8772946859903382,0.9995799431104055,0.7677298073136963,0.8684468774470714,1
1.0021957231832817,605814,254,1816,181476,0.7694928171321876,0.12270531400966184,0.23050718286781238,0.8772946859903382,0.9995809051129576,0.7694928171321876,0.8695740793105576,1
1.0040080120136312,607228,257,1813,180062,0.771288851630276,0.12415458937198068,0.22871114836972398,0.8758454106280193,0.9995769442866902,0.771288851630276,0.8707182161997454,1
1.0058203008439806,608591,260,1810,178699,0.7730201069491547,0.12560386473429952,0.22697989305084532,0.8743961352657005,0.9995729661280017,0.7730201069491547,0.8718188205919029,1
1.0076325896743301,609973,261,1809,177317,0.774775495687739,0.12608695652173912,0.22522450431226104,0.8739130434782608,0.9995722952179,0.774775495687739,0.872933845858819,1
1.0094448785046797,611368,263,1807,175922,0.7765473967661217,0.12705314009661836,0.22345260323387825,0.8729468599033816,0.9995700021745137,0.7765473967661217,0.8740565049777651,1
1.0112571673350292,612667,265,1805,174623,0.7781973605659922,0.1280193236714976,0.2218026394340078,0.8719806763285024,0.999567651876554,0.7781973605659922,0.8750998056022545,1
1.0130694561653786,614008,266,1804,173282,0.7799006719252118,0.1285024154589372,0.2200993280747882,0.8714975845410629,0.9995669684863758,0.7799006719252118,0.87617547254353,1
1.0148817449957281,615352,267,1803,171938,0.7816077938243849,0.1289855072463768,0.21839220617561508,0.8710144927536232,0.9995662901892242,0.7816077938243849,0.8772514824553838,1
1.0166940338260777,616777,273,1797,170513,0.7834178003023028,0.1318840579710145,0.21658219969769715,0.8681159420289855,0.9995575723199093,0.7834178003023028,0.8783870002990728,1
1.0185063226564273,618109,274,1796,169181,0.7851096800416619,0.1323671497584541,0.2148903199583381,0.8676328502415459,0.9995569089059693,0.7851096800416619,0.8794492033353418,1
1.0203186114867768,619508,276,1794,167782,0.7868866618399827,0.13333333333333333,0.21311333816001726,0.8666666666666667,0.9995546835671782,0.7868866618399827,0.8805620742050524,1
1.0221309003171262,620901,277,1793,166389,0.7886560225583965,0.13381642512077294,0.21134397744160346,0.866183574879227,0.9995540730676231,0.7886560225583965,0.8816685931096766,1
1.0239431891474757,622200,282,1788,165090,0.790305986358267,0.13623188405797101,0.20969401364173304,0.863768115942029,0.9995469748522848,0.790305986358267,0.8826959252985589,1
1.0257554779778253,623531,285,1785,163759,0.7919965959176415,0.13768115942028986,0.20800340408235848,0.8623188405797102,0.9995431345140233,0.7919965959176415,0.8837479253861865,1
1.0275677668081749,624909,287,1783,162381,0.7937469039362878,0.1386473429951691,0.20625309606371223,0.8613526570048309,0.9995409439599742,0.7937469039362878,0.8848356727075525,1
1.0293800556385244,626211,289,1781,161079,0.7954006782761117,0.1396135265700483,0.20459932172388828,0.8603864734299517,0.9995387071029529,0.7954006782761117,0.8858614079884566,1
1.0311923444688738,627533,292,1778,159757,0.7970798562156257,0.14106280193236714,0.20292014378437426,0.8589371980676328,0.9995349022418668,0.7970798562156257,0.886900357921441,1
1.0330046332992233,628844,297,1773,158446,0.7987450621753103,0.14347826086956522,0.20125493782468976,0.8565217391304348,0.9995279277618213,0.7987450621753103,0.8879274740527423,1
1.0348169221295729,630137,300,1770,157153,0.8003874048952737,0.14492753623188406,0.19961259510472634,0.855072463768116,0.9995241396047504,0.8003874048952737,0.88893983115226,1
1.0366292109599224,631437,303,1767,155853,0.8020386388751286,0.1463768115942029,0.1979613611248714,0.8536231884057971,0.9995203723050622,0.8020386388751286,0.8899558148876346,1
1.0384414997902718,632819,308,1762,154471,0.8037940276137129,0.14879227053140096,0.19620597238628715,0.851207729468599,0.9995135257223274,0.8037940276137129,0.8910327037764262,1
1.0402537886206213,634179,311,1759,153111,0.805521472392638,0.1502415458937198,0.19447852760736195,0.8497584541062801,0.9995098425507101,0.805521472392638,0.892091603482958,1
1.042066077450971,635440,316,1754,151850,0.8071231693530974,0.15265700483091788,0.19287683064690267,0.8473429951690822,0.9995029539634702,0.8071231693530974,0.8930702169852556,1
1.0438783662813205,636783,320,1750,150507,0.8088290210722859,0.15458937198067632,0.19117097892771406,0.8454106280193237,0.999497726427281,0.8088290210722859,0.894111386394064,1
1.04569065511167,638164,324,1746,149126,0.8105831396308857,0.1565217391304348,0.18941686036911431,0.8434782608695652,0.9994925511520968,0.8105831396308857,0.8951800350405181,1
1.0475029439420194,639521,329,1741,147769,0.8123067738698574,0.15893719806763285,0.18769322613014264,0.8410628019323672,0.9994858169883567,0.8123067738698574,0.8962274198747145,1
1.049315232772369,640881,334,1736,146409,0.8140342186487826,0.16135265700483092,0.18596578135121747,0.8386473429951691,0.9994791138697628,0.8140342186487826,0.8972751232932331,1
1.0511275216027185,642246,337,1733,145044,0.8157680143276302,0.16280193236714977,0.18423198567236979,0.8371980676328502,0.9994755541307504,0.8157680143276302,0.8983259352404025,1
1.052939810433068,643625,342,1728,143665,0.8175195925262609,0.16521739130434782,0.18248040747373903,0.8347826086956521,0.9994689168854926,0.8175195925262609,0.8993842475530252,1
1.0547520992634176,644925,343,1727,142365,0.819170826506116,0.16570048309178745,0.18082917349388408,0.8342995169082126,0.999468437920368,0.819170826506116,0.9003823928943889,1
1.056564388093767,646228,345,1725,141062,0.8208258710259244,0.16666666666666666,0.1791741289740756,0.8333333333333334,0.9994664175584196,0.8208258710259244,0.9013803968719467,1
1.0583766769241165,647520,346,1724,139770,0.8224669435659033,0.1671497584541063,0.1775330564340967,0.8328502415458937,0.9994659389441644,0.8224669435659033,0.9023688017191164,1
1.060188965754466,648781,348,1722,138509,0.8240686405263626,0.1681159420289855,0.17593135947363742,0.8318840579710145,0.9994638970066042,0.8240686405263626,0.9033311310975419,1
1.0620012545848156,650083,350,1720,137207,0.8257224148661866,0.16908212560386474,0.17427758513381347,0.8309178743961353,0.9994618969209742,0.8257224148661866,0.9043230163251197,1
1.063813543415165,651306,353,1717,135984,0.8272758449872347,0.17053140096618358,0.1727241550127653,0.8294685990338164,0.9994583056475856,0.8272758449872347,0.9052523751710451,1
1.0656258322455145,652626,353,1717,134664,0.8289524825667797,0.17053140096618358,0.17104751743322028,0.8294685990338164,0.9994594006851675,0.8289524825667797,0.9062557063992907,1
1.067438121075864,653910,355,1715,133380,0.8305833936668826,0.17149758454106281,0.1694166063331174,0.8285024154589372,0.9994574064026045,0.8305833936668826,0.9072286523927288,1
1.0692504099062137,655230,356,1714,132060,0.8322600312464277,0.17198067632850242,0.1677399687535724,0.8280193236714976,0.9994569743710208,0.8322600312464277,0.9082277340533766,1
1.0710626987365632,656494,358,1712,130796,0.8338655387468404,0.17294685990338166,0.16613446125315956,0.8270531400966183,0.999454976159013,0.8338655387468404,0.9091820610438586,1
1.0728749875669126,657815,362,1708,129475,0.8355434465063699,0.1748792270531401,0.16445655349363006,0.8251207729468599,0.9994499959737274,0.8355434465063699,0.9101764343288362,1
1.0746872763972621,659030,369,1701,128260,0.8370867151875421,0.1782608695652174,0.16291328481245793,0.8217391304347826,0.9994403995153163,0.8370867151875421,0.9110873173156082,1
1.0764995652276117,660222,373,1697,127068,0.8386007697290706,0.18019323671497584,0.1613992302709294,0.8198067632850241,0.9994353575186007,0.8386007697290706,0.9119812692306364,1
1.0783118540579613,661504,376,1694,125786,0.8402291404692045,0.18164251207729468,0.1597708595307955,0.8183574879227054,0.9994319211941741,0.8402291404692045,0.9129418908754666,1
1.0801241428883108,662741,378,1692,124549,0.8418003531100356,0.1826086956521739,0.1581996468899643,0.8173913043478261,0.9994299665670867,0.8418003531100356,0.9138677435123471,1
1.0819364317186602,663981,379,1691,123309,0.8433753762908204,0.18309178743961352,0.1566246237091796,0.8169082125603865,0.9994295261605154,0.8433753762908204,0.9147948885750697,1
1.0837487205490097,665212,383,1687,122078,0.8449389678517446,0.185024154589372,0.1550610321482554,0.8149758454106281,0.9994245750043195,0.8449389678517446,0.9157118422999756,1
1.0855610093793593,666441,387,1683,120849,0.8465000190526998,0.18695652173913044,0.15349998094730022,0.8130434782608695,0.9994196404470118,0.8465000190526998,0.9166257483918087,1
1.0873732982097088,667739,389,1681,119551,0.8481487126725857,0.18792270531400967,0.1518512873274143,0.8120772946859903,0.999417776234494,0.8481487126725857,0.9175906852876631,1
1.0891855870400582,668957,390,1680,118333,0.8496957918937114,0.18840579710144928,0.15030420810628867,0.8115942028985508,0.9994173425741805,0.8496957918937114,0.9184951363998031,1
1.0909978758704078,670242,392,1678,117048,0.8513279731737987,0.18937198067632852,0.14867202682620126,0.8106280193236715,0.9994154784875208,0.8513279731737987,0.9194471042386297,1
1.0928101647007573,671444,394,1676,115846,0.8528547295151723,0.19033816425120773,0.1471452704848277,0.8096618357487922,0.9994135490996341,0.8528547295151723,0.9203359814903148,1
1.0946224535311069,672607,395,1675,114683,0.8543319488371502,0.19082125603864733,0.14566805116284978,0.8091787439613527,0.9994130775242867,0.8543319488371502,0.921195213012192,1
1.0964347423614564,673851,399,1671,113439,0.855912052737873,0.1927536231884058,0.14408794726212704,0.8072463768115942,0.9994082313681869,0.855912052737873,0.9221109240937642,1
1.0982470311918058,675081,401,1669,112209,0.8574743741188127,0.193719806763285,0.14252562588118736,0.806280193236715,0.999406349836117,0.8574743741188127,0.9230160271047027,1
1.1000593200221553,676321,401,1669,110969,0.8590493972995974,0.193719806763285,0.14095060270040266,0.806280193236715,0.9994074376184017,0.8590493972995974,0.9239282191676025,1
1.101871608852505,677544,401,1669,109746,0.8606028274206455,0.193719806763285,0.1393971725793545,0.806280193236715,0.9994085065897677,0.8606028274206455,0.9248263930359295,1
1.1036838976828545,678733,405,1665,108557,0.8621130714222205,0.1956521739130435,0.13788692857777948,0.8043478260869565,0.9994036558107483,0.8621130714222205,0.9256956359262097,1
1.105496186513204,679971,408,1662,107319,0.8636855542430363,0.19710144927536233,0.13631444575696375,0.8028985507246377,0.9994003342254831,0.8636855542430363,0.9265999349989678,1
1.1073084753435534,681187,408,1662,106103,0.8652300931041929,0.19710144927536233,0.13476990689580715,0.8028985507246377,0.9994014040595955,0.8652300931041929,0.9274885372238126,1
1.109120764173903,682409,412,1658,104881,0.8667822530452565,0.19903381642512077,0.13321774695474348,0.8009661835748793,0.999396620783485,0.8667822530452565,0.9283775170718401,1
1.1109330530042525,683516,413,1657,103774,0.8681883422881023,0.19951690821256038,0.1318116577118978,0.8004830917874396,0.9993961361486353,0.8681883422881023,0.9291832147355356,1
1.112745341834602,684705,415,1655,102585,0.8696985862896772,0.20048309178743962,0.13030141371032275,0.7995169082125604,0.9993942666978047,0.8696985862896772,0.930046658199822,1
1.1145576306649514,685910,419,1651,101380,0.8712291531710044,0.20241545893719806,0.12877084682899567,0.797584541062802,0.9993895056161112,0.8712291531710044,0.9309190503108334,1
1.116369919495301,687036,420,1650,100254,0.8726593758335556,0.2028985507246377,0.12734062416644437,0.7971014492753623,0.9993890518084066,0.8726593758335556,0.9317346851593427,1
1.1181822083256505,688200,423,1647,99090,0.8741378653355181,0.20434782608695654,0.12586213466448196,0.7956521739130434,0.999385730653783,0.8741378653355181,0.9325752940722116,1
1.119994497156,689349,427,1643,97941,0.8755973021377129,0.20628019323671498,0.12440269786228708,0.793719806763285,0.9993809584560785,0.8755973021377129,0.9334031113030833,1
1.1218067859863496,690485,427,1643,96805,0.8770402266001093,0.20628019323671498,0.12295977339989077,0.793719806763285,0.9993819762864157,0.8770402266001093,0.9342227922841398,1
1.123619074816699,691623,430,1640,95667,0.8784856914224746,0.20772946859903382,0.12151430857752543,0.7922705314009661,0.9993786603049188,0.8784856914224746,0.9350407579580935,1
1.1254313636470485,692731,431,1639,94559,0.8798930508453048,0.20821256038647343,0.12010694915469522,0.7917874396135266,0.9993782117311681,0.8798930508453048,0.9358371632447388,1
1.127243652477398,693914,434,1636,93376,0.8813956737669728,0.20966183574879227,0.11860432623302722,0.7903381642512077,0.9993749531934996,0.8813956737669728,0.9366849392361697,1
1.1290559413077477,695017,439,1631,92273,0.8827966822898805,0.21207729468599035,0.11720331771011952,0.7879227053140097,0.9993687594901762,0.8827966822898805,0.9374727701170666,1
1.1308682301380972,696149,441,1629,91141,0.8842345260323388,0.21304347826086956,0.11576547396766122,0.7869565217391304,0.9993669159763993,0.8842345260323388,0.9382820713265223,1
1.1326805189684466,697231,444,1626,90059,0.8856088607755719,0.2144927536231884,0.1143911392244281,0.7855072463768116,0.9993636005303329,0.8856088607755719,0.93905378241238,1
1.1344928077987961,698327,448,1622,88963,0.887000978038588,0.21642512077294687,0.11299902196141193,0.7835748792270532,0.999358878036564,0.887000978038588,0.939833721943522,1
1.1363050966291457,699443,450,1620,87847,0.8884184989012943,0.21739130434782608,0.11158150109870568,0.782608695652174,0.9993570445768138,0.8884184989012943,0.9406280195510572,1
1.1381173854594953,700548,452,1618,86742,0.8898220477841711,0.21835748792270532,0.11017795221582899,0.7816425120772947,0.9993552068473609,0.8898220477841711,0.9414132998273186,1
1.1399296742898446,701721,458,1612,85569,0.891311968905994,0.221256038647343,0.10868803109400602,0.778743961352657,0.9993477446633978,0.891311968905994,0.9422431752523885,1
1.1417419631201942,702810,462,1608,84480,0.8926951949091186,0.22318840579710145,0.10730480509088137,0.7768115942028986,0.9993430706753574,0.8926951949091186,0.9430134405680541,1
1.1435542519505437,703847,463,1607,83443,0.894012371553049,0.22367149758454105,0.10598762844695093,0.7763285024154589,0.9993426190171941,0.894012371553049,0.9437476535264145,1
1.1453665407808933,704969,464,1606,82321,0.8954375134956624,0.22415458937198068,0.10456248650433767,0.7758454106280194,0.9993422479526759,0.8954375134956624,0.9445409496604528,1
1.1471788296112428,706015,467,1603,81275,0.8967661217594534,0.22560386473429953,0.10323387824054668,0.7743961352657005,0.9993389782046818,0.8967661217594534,0.945278128121293,1
1.1489911184415922,706999,471,1599,80291,0.898015978864205,0.22753623188405797,0.10198402113579494,0.7724637681159421,0.9993342473885819,0.898015978864205,0.945969921592764,1
1.1508034072719417,708065,472,1598,79225,0.8993699907276861,0.22801932367149758,0.10063000927231389,0.7719806763285024,0.9993338385998191,0.8993699907276861,0.9467204429389227,1
1.1526156961022913,709154,479,1591,78136,0.9007532167308108,0.2314009661835749,0.09924678326918925,0.7685990338164251,0.9993250032058825,0.9007532167308108,0.9474822686270437,1
1.1544279849326409,710157,484,1586,77133,0.9020272072552681,0.23381642512077294,0.09797279274473193,0.7661835748792271,0.999318924745406,0.9020272072552681,0.9481838616064425,1
1.1562402737629904,711089,486,1584,76201,0.9032110150008256,0.23478260869565218,0.09678898499917438,0.7652173913043478,0.9993170080455328,0.9032110150008256,0.9488366197089131,1
1.1580525625933398,712039,487,1583,75251,0.9044176859861043,0.23526570048309178,0.09558231401389577,0.7647342995169082,0.9993165161692346,0.9044176859861043,0.9495018055548148,1
1.1598648514236893,713075,490,1580,74215,0.9057335924500501,0.23671497584541062,0.09426640754994983,0.7632850241545893,0.999313307126891,0.9057335924500501,0.9502250383947817,1
1.161677140254039,714033,493,1577,73257,0.9069504248752048,0.23816425120772947,0.09304957512479518,0.7618357487922706,0.9993100321051999,0.9069504248752048,0.9508927858006574,1
1.1634894290843885,714996,497,1573,72294,0.908173608200282,0.2400966183574879,0.09182639179971802,0.759903381642512,0.9993053740567692,0.908173608200282,0.9515625343113411,1
1.1653017179147378,715963,498,1572,71327,0.9094018722452971,0.24057971014492754,0.09059812775470284,0.7594202898550725,0.9993049168063579,0.9094018722452971,0.9522361082386644,1
1.1671140067450874,716982,499,1571,70308,0.9106961856495065,0.24106280193236715,0.08930381435049346,0.7589371980676328,0.9993045111995997,0.9106961856495065,0.9529449996045911,1
1.168926295575437,717898,507,1563,69392,0.911859670515312,0.24492753623188407,0.08814032948468797,0.755072463768116,0.9992942699452259,0.911859670515312,0.9535769196284772,1
1.1707385844057865,718836,508,1562,68454,0.9130510993407766,0.24541062801932367,0.08694890065922341,0.7545893719806763,0.9992938010187059,0.9130510993407766,0.954227768655161,1
1.172550873236136,719774,512,1558,67516,0.9142425281662412,0.24734299516908212,0.08575747183375884,0.7526570048309179,0.9992891712458662,0.9142425281662412,0.9548759067536231,1
1.1743631620664854,720669,514,1556,66621,0.915379339252372,0.24830917874396136,0.08462066074762793,0.7516908212560387,0.9992872821461405,0.915379339252372,0.9554947287753907,1
1.176175450896835,721571,520,1550,65719,0.9165250415983945,0.25120772946859904,0.0834749584016055,0.748792270531401,0.9992798691577655,0.9165250415983945,0.9561151226893675,1
1.1779877397271845,722464,524,1546,64826,0.9176593123245564,0.2531400966183575,0.08234068767544361,0.7468599033816425,0.999275230017649,0.9176593123245564,0.9567298206025646,1
1.179800028557534,723393,526,1544,63897,0.9188393095301605,0.2541062801932367,0.08116069046983958,0.7458937198067633,0.9992733993720292,0.9188393095301605,0.9573698939061375,1
1.1816123173878836,724297,527,1543,62993,0.9199875522361519,0.2545893719806763,0.08001244776384814,0.7454106280193237,0.9992729269450239,0.9199875522361519,0.9579925852151359,1
1.183424606218233,725134,532,1538,62156,0.9210506928831815,0.2570048309178744,0.07894930711681845,0.7429951690821256,0.9992668803554252,0.9210506928831815,0.9585658803031947,1
1.1852368950485825,726032,536,1534,61258,0.922191314509266,0.2589371980676328,0.07780868549073404,0.7410628019323672,0.9992622851543145,0.922191314509266,0.9591811120990211,1
1.187049183878932,726944,541,1529,60346,0.9233497186551334,0.2613526570048309,0.07665028134486657,0.7386473429951691,0.9992563420551627,0.9233497186551334,0.9598045914409731,1
1.1888614727092817,727811,549,1521,59479,0.9244509647016982,0.26521739130434785,0.07554903529830177,0.7347826086956522,0.999246251853479,0.9244509647016982,0.9603945501929865,1
1.190673761539631,728690,554,1516,58600,0.9255674529080771,0.26763285024154587,0.07443254709192293,0.7323671497584541,0.9992403091420704,0.9255674529080771,0.9609939506796419,1
1.1924860503699806,729578,559,1511,57712,0.9266953727343165,0.27004830917874395,0.07330462726568354,0.729951690821256,0.9992343902582665,0.9266953727343165,0.9615988116726538,1
1.1942983392003301,730425,563,1507,56865,0.9277712151811912,0.2719806763285024,0.07222878481880883,0.7280193236714976,0.9992298095180769,0.9277712151811912,0.9621755699549095,1
1.1961106280306797,731286,569,1501,56004,0.928864840147849,0.2748792270531401,0.07113515985215105,0.72512077294686,0.9992225235873227,0.928864840147849,0.9627599735377467,1
1.1979229168610293,732201,573,1497,55089,0.93002705483367,0.2768115942028985,0.06997294516633007,0.7231884057971014,0.9992180399413735,0.93002705483367,0.9633818049766326,1
1.1997352056913786,733031,576,1494,54259,0.931081304220808,0.2782608695652174,0.06891869577919191,0.7217391304347827,0.9992148384625555,0.931081304220808,0.9639456189340895,1
1.2015474945217282,733830,581,1489,53460,0.9320961780284266,0.2806763285024155,0.06790382197157337,0.7193236714975846,0.9992088898450595,0.9320961780284266,0.9644864529891221,1
1.2033597833520777,734649,583,1487,52641,0.9331364554357352,0.2816425120772947,0.06686354456426476,0.7183574879227053,0.9992070530118384,0.9331364554357352,0.9650422128547239,1
1.2051720721824273,735430,588,1482,51860,0.9341284660036328,0.28405797101449276,0.06587153399636729,0.7159420289855073,0.9992011064946781,0.9341284660036328,0.965569668117019,1
1.2069843610127768,736211,591,1479,51079,0.9351204765715302,0.2855072463768116,0.06487952342846981,0.7144927536231884,0.9991978849134503,0.9351204765715302,0.9660978471115917,1
1.2087966498431262,736986,595,1475,50304,0.9361048660595206,0.28743961352657005,0.06389513394047937,0.7125603864734299,0.9991933089382725,0.9361048660595206,0.9666207830039393,1
1.2106089386734757,737755,599,1471,49535,0.9370816344676041,0.2893719806763285,0.06291836553239594,0.7106280193236715,0.9991887360263505,0.9370816344676041,0.9671391228884327,1
1.2124212275038253,738526,605,1465,48764,0.9380609432356565,0.2922705314009662,0.061939056764343504,0.7077294685990339,0.9991814712141691,0.9380609432356565,0.967657022538343,1
1.2142335163341749,739326,612,1458,47964,0.9390770872232596,0.2956521739130435,0.060922912776740466,0.7043478260869566,0.9991729036757133,0.9390770872232596,0.9681933542339453,1
1.2160458051645242,740043,618,1452,47247,0.9399878062721487,0.2985507246376812,0.060012193727851236,0.7014492753623188,0.9991656101779357,0.9399878062721487,0.9686737336472178,1
1.2178580939948738,740797,621,1449,46493,0.9409455219804647,0.3,0.05905447801953537,0.7,0.9991624158032311,0.9409455219804647,0.9691805106011089,1
1.2196703828252233,741616,626,1444,45674,0.9419857993877733,0.30241545893719807,0.05801420061222675,0.6975845410628019,0.9991566092999318,0.9419857993877733,0.9697293028194245,1
1.221482671655573,742329,630,1440,44961,0.9428914377167245,0.30434782608695654,0.057108562283275544,0.6956521739130435,0.9991520393453743,0.9428914377167245,0.9702068094800258,1
1.2232949604859225,743066,635,1435,44224,0.9438275603653038,0.30676328502415456,0.05617243963469624,0.6932367149758454,0.999146162234554,0.9438275603653038,0.970699370538429,1
1.2251072493162718,743761,642,1428,43529,0.9447103354545339,0.3101449275362319,0.05528966454546609,0.6898550724637681,0.9991375639270664,0.9447103354545339,0.9711619756700592,1
1.2269195381466214,744476,653,1417,42814,0.9456185141434541,0.3154589371980676,0.05438148585654587,0.6845410628019324,0.9991236416781524,0.9456185141434541,0.9716350423741809,1
1.228731826976971,745165,659,1411,42125,0.9464936681527772,0.3183574879227053,0.053506331847222754,0.6816425120772946,0.9991164135238341,0.9464936681527772,0.9720933994471384,1
1.2305441158073205,745864,663,1407,41426,0.9473815239619454,0.32028985507246377,0.05261847603805459,0.6797101449275362,0.9991118874468037,0.9473815239619454,0.9725593079226531,1
1.23235640463767,746596,667,1403,40694,0.9483112957106022,0.32222222222222224,0.051688704289397806,0.6777777777777778,0.9991074093056929,0.9483112957106022,0.9730468742363412,1
1.2341686934680194,747293,673,1397,39997,0.9491966111598014,0.3251207729468599,0.05080338884019866,0.6748792270531401,0.9991002264808828,0.9491966111598014,0.9735093039857848,1
1.235980982298369,747972,681,1389,39318,0.9500590633692795,0.3289855072463768,0.04994093663072057,0.6710144927536232,0.999090366297871,0.9500590633692795,0.9739580179733232,1
1.2377932711287185,748619,686,1384,38671,0.9508808698192533,0.3314009661835749,0.04911913018074661,0.6685990338164252,0.9990844849560593,0.9508808698192533,0.9743868748759432,1
1.239605559959068,749266,691,1379,38024,0.9517026762692273,0.3338164251207729,0.048297323730772654,0.6661835748792271,0.9990786138405269,0.9517026762692273,0.9748153679922615,1
1.2414178487894176,749947,694,1376,37343,0.9525676688386744,0.3352657004830918,0.04743233116132556,0.6647342995169082,0.9990754568428849,0.9525676688386744,0.9752674209701215,1
1.243230137619767,750558,697,1373,36732,0.9533437488092062,0.3367149758454106,0.04665625119079374,0.6632850241545893,0.9990722191532835,0.9533437488092062,0.9756724697685151,1
1.2450424264501165,751196,705,1365,36094,0.9541541236393197,0.34057971014492755,0.045845876360680306,0.6594202898550725,0.999062376562872,0.9541541236393197,0.9760919859848454,1
1.246854715280466,751826,710,1360,35464,0.9549543370295571,0.34299516908212563,0.045045662970442914,0.6570048309178744,0.9990565235417309,0.9549543370295571,0.9765077352895717,1
1.2486670041108157,752455,714,1356,34835,0.95575328023981,0.34492753623188405,0.04424671976019002,0.6550724637681159,0.9990520055923704,0.95575328023981,0.9769231118776935,1
1.250479292941165,753085,718,1352,34205,0.9565534936300474,0.3468599033816425,0.04344650636995262,0.6531400966183575,0.9990474964944421,0.9565534936300474,0.977338810831014,1
1.2522915817715146,753647,719,1351,33643,0.9572673347813385,0.3473429951690821,0.04273266521866149,0.6526570048309178,0.9990468817523589,0.9572673347813385,0.9777109809192193,1
1.2541038706018641,754213,721,1349,33077,0.9579862566525676,0.34830917874396133,0.04201374334743233,0.6516908212560386,0.9990449496247354,0.9579862566525676,0.9780848955793712,1
1.2559161594322137,754784,728,1342,32506,0.9587115294237193,0.3516908212560386,0.041288470576280656,0.6483091787439613,0.9990364150403964,0.9587115294237193,0.978458674541516,1
1.2577284482625632,755336,732,1338,31954,0.9594126687751654,0.3536231884057971,0.04058733122483456,0.6463768115942029,0.9990318331155399,0.9594126687751654,0.9788215047966835,1
1.2595407370929126,755918,735,1335,31372,0.9601519135261467,0.35507246376811596,0.03984808647385334,0.644927536231884,0.9990286168164271,0.9601519135261467,0.9792045431729022,1
1.2613530259232621,756516,743,1327,30774,0.96091148115688,0.35893719806763286,0.03908851884312007,0.6410628019323672,0.9990188297530964,0.96091148115688,0.9795946907479142,1
1.2631653147536117,757095,747,1323,30195,0.9616469153679076,0.36086956521739133,0.03835308463209237,0.6391304347826087,0.9990143064121545,0.9616469153679076,0.9799745264482258,1
1.2649776035839613,757638,750,1320,29652,0.9623366230994932,0.36231884057971014,0.0376633769005068,0.6376811594202898,0.999011060301587,0.9623366230994932,0.980330961558617,1
1.2667898924143108,758163,757,1313,29127,0.9630034675913577,0.36570048309178743,0.036996532408642306,0.6342995169082125,0.9990025299109261,0.9630034675913577,0.9806727417362454,1
1.2686021812446602,758697,759,1311,28593,0.9636817437030827,0.36666666666666664,0.036318256296917276,0.6333333333333333,0.9990006004297813,0.9636817437030827,0.9810233871624688,1
1.2704144700750097,759226,767,1303,28064,0.9643536689148853,0.3705314009661836,0.03564633108511476,0.6294685990338165,0.9989907801782385,0.9643536689148853,0.9813666924538046,1
1.2722267589053593,759764,771,1299,27526,0.9650370257465483,0.372463768115942,0.03496297425345171,0.6275362318840579,0.9989862399495092,0.9650370257465483,0.9817182174987483,1
1.2740390477357089,760257,777,1293,27033,0.9656632244789086,0.3753623188405797,0.03433677552109134,0.6246376811594203,0.9989790206482233,0.9656632244789086,0.9820386430747052,1
1.2758513365660582,760739,782,1288,26551,0.9662754512314395,0.37777777777777777,0.03372454876856051,0.6222222222222222,0.9989731077672185,0.9662754512314395,0.9823522689340405,1
1.2776636253964078,761259,786,1284,26031,0.9669359448233815,0.37971014492753624,0.03306405517661853,0.6202898550724638,0.9989685648485326,0.9669359448233815,0.9826912836797723,1
1.2794759142267573,761762,792,1278,25528,0.9675748453555869,0.3826086956521739,0.03242515464441311,0.6173913043478261,0.9989613850297815,0.9675748453555869,0.9830176456469167,1
1.281288203057107,762274,796,1274,25016,0.9682251775076528,0.38454106280193234,0.031774822492347164,0.6154589371980677,0.9989568453746052,0.9682251775076528,0.9833509636471529,1
1.2831004918874565,762714,800,1270,24576,0.9687840567008346,0.3864734299516908,0.03121594329916549,0.6135265700483091,0.998952213056997,0.9687840567008346,0.9836368748081641,1
1.2849127807178058,763190,806,1264,24100,0.9693886623734583,0.3893719806763285,0.030611337626541682,0.6106280193236715,0.9989450206545584,0.9693886623734583,0.9839449334294257,1
1.2867250695481554,763655,812,1258,23635,0.9699792960662525,0.3922705314009662,0.030020703933747412,0.6077294685990338,0.9989378220380998,0.9699792960662525,0.9842456003098423,1
1.288537358378505,764112,813,1257,23178,0.9705597683191708,0.3927536231884058,0.029440231680829175,0.6072463768115942,0.9989371507010492,0.9705597683191708,0.9845440225741924,1
1.2903496472088545,764541,816,1254,22749,0.971104675532523,0.39420289855072466,0.028895324467477043,0.6057971014492753,0.9989338308789232,0.971104675532523,0.9848226931169801,1
1.292161936039204,764970,828,1242,22320,0.9716495827458751,0.4,0.028350417254124908,0.6,0.9989187749249803,0.9716495827458751,0.9850955000618125,1
1.2939742248695534,765437,833,1237,21853,0.9722427567986384,0.40241545893719805,0.027757243201361633,0.5975845410628019,0.9989129158129642,0.9722427567986384,0.9853974098200264,1
1.295786513699903,765872,844,1226,21418,0.9727952850918975,0.4077294685990338,0.027204714908102477,0.5922705314009662,0.998899201268788,0.9727952850918975,0.9856744439854158,1
1.2975988025302525,766300,849,1221,20990,0.9733389221252652,0.4101449275362319,0.02666107787473485,0.5898550724637681,0.9988933049511894,0.9733389221252652,0.9859505583686463,1
1.299411091360602,766690,852,1218,20600,0.9738342923192216,0.4115942028985507,0.026165707680778368,0.5884057971014492,0.9988899630248247,0.9738342923192216,0.9862030110005453,1
1.3012233801909514,767099,860,1210,20191,0.9743537959328837,0.41545893719806765,0.02564620406711631,0.5845410628019324,0.9988801485495971,0.9743537959328837,0.9864645468346227,1
1.303035669021301,767497,866,1204,19793,0.9748593275667162,0.41835748792270533,0.025140672433283797,0.5816425120772947,0.9988729285506981,0.9748593275667162,0.9867200461799643,1
1.3048479578516505,767861,877,1193,19429,0.9753216730810755,0.4236714975845411,0.024678326918924413,0.576328502415459,0.9988591691837791,0.9753216730810755,0.9869501062962877,1
1.306660246682,768269,884,1186,19021,0.9758399065147532,0.4270531400966184,0.02416009348524686,0.5729468599033817,0.9988506838041326,0.9758399065147532,0.9872112245678127,1
1.3084725355123497,768644,891,1179,18646,0.976316224008942,0.43043478260869567,0.023683775991057934,0.5695652173913044,0.9988421579265401,0.976316224008942,0.9874507410916449,1
1.310284824342699,769045,892,1178,18245,0.9768255661827281,0.43091787439613527,0.023174433817271908,0.5690821256038647,0.9988414636522209,0.9768255661827281,0.9877108475514489,1
1.3120971131730486,769368,902,1168,17922,0.9772358343177229,0.4357487922705314,0.02276416568227718,0.5642512077294686,0.9988289820452568,0.9772358343177229,0.9879144302627186,1
1.3139094020033981,769730,913,1157,17560,0.9776956394721132,0.44106280193236713,0.022304360527886802,0.5589371980676329,0.9988152750365604,0.9776956394721132,0.9881426223078913,1
1.3157216908337477,770075,917,1153,17215,0.978133851566767,0.4429951690821256,0.02186614843323299,0.5570048309178744,0.9988106231971279,0.978133851566767,0.9883641086786603,1
1.3175339796640972,770409,925,1145,16881,0.9785580916815912,0.4468599033816425,0.02144190831840872,0.5531400966183575,0.9988007789103035,0.9785580916815912,0.9885758207239206,1
1.3193462684944466,770734,931,1139,16556,0.978970900176555,0.4497584541062802,0.02102909982344498,0.5502415458937198,0.9987935179125657,0.978970900176555,0.9887828705767645,1
1.3211585573247961,771097,938,1132,16193,0.9794319755109299,0.45314009661835747,0.0205680244890701,0.5468599033816425,0.9987850291761384,0.9794319755109299,0.9890138361149856,1
1.3229708461551457,771429,951,1119,15861,0.9798536752657852,0.45942028985507244,0.02014632473421484,0.5405797101449276,0.998768740775266,0.9798536752657852,0.9892207967069957,1
1.3247831349854953,771778,960,1110,15512,0.980296968080377,0.463768115942029,0.01970303191962301,0.5362318840579711,0.9987576643053662,0.980296968080377,0.9894412151576767,1
1.3265954238158446,772098,965,1105,15192,0.9807034256754182,0.46618357487922707,0.019296574324581792,0.533816425120773,0.9987517188120503,0.9807034256754182,0.9896452918025601,1
1.3284077126461942,772388,970,1100,14902,0.9810717778709243,0.46859903381642515,0.01892822212907569,0.5314009661835749,0.9987457296620711,0.9810717778709243,0.9898298655430308,1
1.3302200014765437,772682,978,1092,14608,0.9814452107863685,0.47246376811594204,0.018554789213631573,0.527536231884058,0.9987358788098131,0.9814452107863685,0.990015054934495,1
1.3320322903068933,772980,984,1086,14310,0.9818237244217506,0.4753623188405797,0.018176275578249437,0.5246376811594203,0.9987286230367304,0.9818237244217506,0.9902040283003278,1
1.3338445791372429,773314,987,1083,13976,0.9822479645365748,0.47681159420289854,0.017752035463425166,0.5231884057971015,0.9987253019174713,0.9822479645365748,0.9904181056371355,1
1.3356568679675922,773605,994,1076,13685,0.9826175869120655,0.4801932367149758,0.017382413087934562,0.5198067632850242,0.998716755379235,0.9826175869120655,0.9906017649141521,1
1.3374691567979418,773908,999,1071,13382,0.9830024514473701,0.4826086956521739,0.01699754855262991,0.5173913043478261,0.9987108130395003,0.9830024514473701,0.9907943748451701,1
1.3392814456282913,774217,1015,1055,13073,0.9833949370625817,0.49033816425120774,0.016605062937418234,0.5096618357487923,0.9986907145215884,0.9833949370625817,0.9909838069479981,1
1.3410937344586409,774507,1023,1047,12783,0.9837632892580879,0.49420289855072463,0.01623671074191213,0.5057971014492754,0.9986809020927624,0.9837632892580879,0.9911659692095058,1
1.3429060232889904,774798,1030,1040,12492,0.9841329116335785,0.4975845410628019,0.015867088366421523,0.5024154589371981,0.998672386147445,0.9841329116335785,0.9913493415084466,1
1.3447183121193398,775076,1036,1034,12214,0.9844860216692706,0.5004830917874397,0.015513978330729464,0.4995169082125604,0.9986651411136537,0.9844860216692706,0.9915248925100517,1
1.3465306009496893,775356,1043,1027,11934,0.9848416720649316,0.503864734299517,0.015158327935068399,0.4961352657004831,0.9986566185685453,0.9848416720649316,0.9917010351802692,1
1.348342889780039,775631,1053,1017,11659,0.9851909715606701,0.508695652173913,0.014809028439329854,0.49130434782608695,0.9986442362659718,0.9851909715606701,0.9918719876417383,1
1.3501551786103885,775879,1068,1002,11411,0.9855059761968271,0.5159420289855072,0.01449402380317291,0.48405797101449277,0.9986253888617885,0.9855059761968271,0.9920223086399311,1
1.3519674674407378,776121,1077,993,11169,0.985813359753077,0.5202898550724637,0.01418664024692299,0.4797101449275362,0.9986142527386843,0.985813359753077,0.9921725190605489,1
1.3537797562710874,776371,1084,986,10919,0.986130904749203,0.523671497584541,0.013869095250797037,0.47632850241545893,0.998605707082725,0.986130904749203,0.9923291015468972,1
1.355592045101437,776624,1093,977,10666,0.9864522602852824,0.5280193236714976,0.013547739714717575,0.47198067632850244,0.9985946044640917,0.9864522602852824,0.9924862955884544,1
1.3574043339317865,776860,1099,971,10430,0.9867520227616253,0.5309178743961352,0.013247977238374677,0.46908212560386475,0.9985873291523075,0.9867520227616253,0.9926343987442253,1
1.359216622762136,777094,1101,969,10196,0.9870492448779992,0.5318840579710145,0.012950755122000788,0.4681159420289855,0.9985851875172675,0.9870492448779992,0.9927837060080422,1
1.3610289115924854,777323,1108,962,9967,0.9873401160944506,0.5352657004830917,0.012659883905549417,0.4647342995169082,0.9985766240039259,0.9873401160944506,0.9929265814279812,1
1.362841200422835,777593,1114,956,9697,0.9876830646902666,0.5381642512077295,0.01231693530973339,0.4618357487922705,0.998569423415996,0.9876830646902666,0.9930964107849505,1
1.3646534892531845,777823,1117,953,9467,0.9879752060867025,0.5396135265700484,0.012024793913297515,0.4603864734299517,0.9985659999486481,0.9879752060867025,0.9932423718100151,1
1.366465778083534,778045,1122,948,9245,0.9882571860432623,0.5420289855072464,0.01174281395673767,0.4579710144927536,0.9985600006160426,0.9882571860432623,0.9933818802558897,1
1.3682780669138837,778284,1127,943,9006,0.9885607590595588,0.5444444444444444,0.011439240940441261,0.45555555555555555,0.9985540363171677,0.9885607590595588,0.9935322693992025,1
1.370090355744233,778482,1134,936,8808,0.9888122546964905,0.5478260869565217,0.011187745303509508,0.45217391304347826,0.9985454377539712,0.9888122546964905,0.9936550118513809,1
1.3719026445745826,778692,1140,930,8598,0.9890789924932363,0.5507246376811594,0.010921007506763709,0.4492753623188406,0.998538146677746,0.9890789924932363,0.9937860613277077,1
1.3737149334049321,778904,1151,919,8386,0.9893482706499511,0.5560386473429951,0.010651729350048902,0.4439613526570048,0.9985244630186333,0.9893482706499511,0.993915187785714,1
1.3755272222352817,779104,1157,913,8186,0.9896023066468519,0.5589371980676329,0.01039769335314814,0.44106280193236713,0.998517162846791,0.9896023066468519,0.9940397473511229,1
1.377339511065631,779318,1165,905,7972,0.9898741251635357,0.5628019323671497,0.010125874836464327,0.43719806763285024,0.9985073345607783,0.9898741251635357,0.9941719879089638,1
1.3791517998959806,779518,1175,895,7772,0.9901281611604364,0.5676328502415459,0.009871838839563565,0.4323671497584541,0.9984949269431134,0.9901281611604364,0.9942939432379051,1
1.3809640887263301,779723,1179,891,7567,0.9903885480572597,0.5695652173913044,0.009611451942740287,0.43043478260869567,0.998490207478019,0.9903885480572597,0.9944228767905972,1
1.3827763775566797,779920,1185,885,7370,0.9906387735142069,0.572463768115942,0.009361226485793036,0.427536231884058,0.9984829184296605,0.9906387735142069,0.9945453791933792,1
1.3845886663870293,780128,1193,877,7162,0.9909029709509838,0.576328502415459,0.009097029049016245,0.4236714975845411,0.9984730987647843,0.9909029709509838,0.9946736316397119,1
1.3864009552173786,780316,1199,871,6974,0.9911417647880705,0.5792270531400966,0.00885823521192953,0.4207729468599034,0.9984658004005041,0.9911417647880705,0.994790302172673,1
1.3882132440477282,780482,1205,865,6808,0.9913526146654981,0.5821256038647343,0.008647385334501899,0.4178743961352657,0.9984584622745422,0.9913526146654981,0.9948928505644125,1
1.3900255328780777,780642,1211,859,6648,0.9915558434630187,0.585024154589372,0.00844415653698129,0.41497584541062804,0.9984511154910194,0.9915558434630187,0.9949915335950898,1
1.3918378217084273,780783,1219,851,6507,0.9917349388408337,0.5888888888888889,0.008265061159166254,0.4111111111111111,0.998441180457339,0.9917349388408337,0.9950767607303167,1
1.3936501105387769,780955,1228,842,6335,0.9919534097981684,0.5932367149758454,0.0080465902018316,0.4067632850241546,0.998430034915103,0.9919534097981684,0.9951811850219786,1
1.3954623993691262,781132,1237,833,6158,0.9921782316554256,0.5975845410628019,0.007821768344574426,0.40241545893719805,0.9984189046345139,0.9921782316554256,0.9952887856534445,1
1.3972746881994758,781283,1247,823,6007,0.9923700288330857,0.6024154589371981,0.007629971166914351,0.39758454106280194,0.9984064508708931,0.9923700288330857,0.9953790880483113,1
1.3990869770298253,781432,1257,813,5858,0.9925592856507767,0.6072463768115942,0.007440714349223285,0.3927536231884058,0.9983939981269699,0.9925592856507767,0.9954680922483676,1
1.4008992658601749,781578,1262,808,5712,0.9927447319285143,0.6096618357487923,0.007255268071485729,0.3903381642512077,0.9983879209033775,0.9927447319285143,0.995558329565068,1
1.4027115546905242,781711,1268,802,5579,0.9929136658664532,0.6125603864734299,0.007086334133546724,0.38743961352657,0.9983805440503513,0.9929136658664532,0.9956396006034635,1
1.4045238435208738,781854,1271,799,5436,0.9930953016042373,0.6140096618357488,0.0069046983957626795,0.3859903381642512,0.9983770151636073,0.9930953016042373,0.9957291543954941,1
1.4063361323512233,781996,1276,794,5294,0.9932756671620369,0.6164251207729469,0.006724332837963139,0.38357487922705313,0.9983709362775639,0.9932756671620369,0.9958167840556438,1
1.408148421181573,782150,1287,783,5140,0.9934712748796505,0.6217391304347826,0.006528725120349553,0.3782608695652174,0.9983572386803279,0.9934712748796505,0.9959082641350151,1
1.4099607100119225,782297,1294,776,4993,0.9936579913373725,0.6251207729468599,0.006342008662627494,0.3748792270531401,0.9983486283022648,0.9936579913373725,0.9959977872289498,1
1.4117729988422718,782397,1300,770,4893,0.9937850093358229,0.6280193236714976,0.006214990664177114,0.3719806763285024,0.9983411956406621,0.9937850093358229,0.9960578922677273,1
1.4135852876726214,782504,1306,764,4786,0.9939209185941648,0.6309178743961352,0.006079081405835207,0.3690821256038647,0.9983337798701216,0.9939209185941648,0.9961224619693209,1
1.415397576502971,782642,1310,760,4648,0.9940962034320263,0.6328502415458938,0.005903796567973682,0.3671497584541063,0.9983289793252648,0.9940962034320263,0.9962080952520362,1
1.4172098653333205,782787,1315,755,4503,0.9942803795297793,0.6352657004830918,0.005719620470220631,0.3647342995169082,0.9983229222728676,0.9942803795297793,0.996297550197532,1
1.41902215416367,782915,1322,748,4375,0.9944429625677959,0.6386473429951691,0.005557037432204143,0.36135265700483093,0.9983142850949394,0.9944429625677959,0.9963748634290088,1
1.4208344429940194,783011,1325,745,4279,0.9945648998463082,0.6400966183574879,0.005435100153691778,0.35990338164251207,0.9983106729768875,0.9945648998463082,0.9964342661676506,1
1.422646731824369,783117,1330,740,4173,0.9946995389246657,0.642512077294686,0.005300461075334375,0.357487922705314,0.9983045381013631,0.9946995389246657,0.9964987781034614,1
1.4244590206547185,783216,1338,732,4074,0.9948252867431315,0.6463768115942029,0.005174713256868498,0.3536231884057971,0.9982945724577276,0.9948252867431315,0.9965569102277326,1
1.426271309485068,783326,1343,727,3964,0.9949650065414269,0.648792270531401,0.0050349934585730794,0.351207729468599,0.9982884502892302,0.9949650065414269,0.9966239577495343,1
1.4280835983154174,783445,1351,719,3845,0.9951161579595829,0.6526570048309178,0.004883842040417127,0.3473429951690821,0.9982785335297326,0.9951161579595829,0.9966948373053384,1
1.429895887145767,783541,1353,717,3749,0.9952380952380953,0.6536231884057971,0.004761904761904762,0.3463768115942029,0.9982762003531687,0.9952380952380953,0.9967548327676659,1
1.4317081759761165,783650,1361,709,3640,0.9953765448564061,0.657487922705314,0.004623455143593847,0.34251207729468597,0.9982662663325736,0.9953765448564061,0.9968193113150726,1
1.433520464806466,783745,1367,703,3545,0.995497211954934,0.6603864734299517,0.004502788045065985,0.3396135265700483,0.9982588471453754,0.995497211954934,0.996876116921754,1
1.4353327536368157,783837,1377,693,3453,0.9956140685135083,0.6652173913043479,0.004385931486491636,0.3347826086956522,0.9982463379409944,0.9956140685135083,0.9969284656827582,1
1.437145042467165,783920,1385,685,3370,0.9957194934522222,0.6690821256038647,0.00428050654777782,0.3309178743961353,0.9982363540280528,0.9957194934522222,0.9969763352929394,1
1.4389573312975146,784011,1395,675,3279,0.995835079830812,0.6739130434782609,0.004164920169187974,0.32608695652173914,0.9982238485573066,0.995835079830812,0.9970280333897967,1
1.4407696201278641,784087,1405,665,3203,0.9959316135096343,0.678743961352657,0.004068386490365685,0.321256038647343,0.9982113121457634,0.9959316135096343,0.9970701597551346,1
1.4425819089582137,784181,1416,654,3109,0.9960510104281777,0.6840579710144927,0.003948989571822327,0.3159420289855073,0.9981975491250603,0.9960510104281777,0.9971231245474087,1
1.4443941977885633,784267,1419,651,3023,0.996160245906845,0.6855072463768116,0.003839754093155,0.3144927536231884,0.9981939349816593,0.996160245906845,0.9971760535443643,1
1.4462064866189126,784370,1432,638,2920,0.9962910744452489,0.6917874396135266,0.0037089255547511084,0.30821256038647343,0.9981776579850904,0.9962910744452489,0.9972334739481225,1
1.4480187754492622,784467,1441,629,2823,0.9964142819037458,0.6961352657004831,0.0035857180962542393,0.3038647342995169,0.9981664520529121,0.9964142819037458,0.9972895973679092,1
1.4498310642796117,784566,1447,623,2724,0.9965400297222117,0.6990338164251207,0.0034599702777883628,0.30096618357487925,0.9981590635269392,0.9965400297222117,0.9973488895654556,1
1.4516433531099613,784643,1457,613,2647,0.9966378335810184,0.7038647342995169,0.0033621664189815697,0.2961352657004831,0.9981465462409362,0.9966378335810184,0.9973916193696413,1
1.4534556419403106,784726,1465,605,2564,0.9967432585197322,0.7077294685990339,0.003256741480267754,0.2922705314009662,0.9981365851300765,0.9967432585197322,0.9974394352394468,1
1.4552679307706602,784801,1472,598,2489,0.99683852201857,0.7111111111111111,0.0031614779814299688,0.28888888888888886,0.9981278767044016,0.99683852201857,0.9974827827039654,1
1.4570802196010098,784885,1482,588,2405,0.9969452171372684,0.7159420289855073,0.003054782862731649,0.28405797101449276,0.9981153837839075,0.9969452171372684,0.9975299572905658,1
1.4588925084313593,784944,1490,580,2346,0.9970201577563541,0.7198067632850241,0.0029798422436459245,0.28019323671497587,0.9981053718430282,0.9970201577563541,0.9975624696579578,1
1.4607047972617089,785022,1495,575,2268,0.9971192317951454,0.7222222222222222,0.0028807682048546277,0.2777777777777778,0.9980992146387173,0.9971192317951454,0.9976089825499569,1
1.4625170860920582,785088,1499,571,2202,0.9972030636741226,0.7241545893719806,0.002796936325877377,0.2758454106280193,0.9980942985327751,0.9972030636741226,0.9976484820605421,1
1.4643293749224078,785160,1504,566,2130,0.9972945166330069,0.7265700483091787,0.002705483366993103,0.27342995169082124,0.998088129112302,0.9972945166330069,0.9976911650531083,1
1.4661416637527573,785249,1511,559,2041,0.9974075626516278,0.729951690821256,0.002592437348372264,0.27004830917874395,0.9980794651482028,0.9974075626516278,0.9977434007814238,1
1.467953952583107,785308,1514,556,1982,0.9974825032707134,0.7314009661835749,0.0025174967292865397,0.26859903381642514,0.9980758036760538,0.9974825032707134,0.9977790652761683,1
1.4697662414134565,785366,1518,552,1924,0.9975561737098146,0.7333333333333333,0.0024438262901853194,0.26666666666666666,0.9980708719455472,0.9975561737098146,0.9978134564539879,1
1.4715785302438058,785423,1521,549,1867,0.9976285739689313,0.7347826086956522,0.0023714260310686024,0.26521739130434785,0.9980672068152244,0.9976285739689313,0.9978478421886453,1
1.4733908190741554,785479,1526,544,1811,0.9976997040480636,0.7371980676328502,0.0023002959519363895,0.26280193236714977,0.9980610034243746,0.9976997040480636,0.9978803210325893,1
1.475203107904505,785537,1529,541,1753,0.9977733744871649,0.7386473429951691,0.0022266255128351687,0.2613526570048309,0.9980573420780469,0.9977733744871649,0.9979153380810947,1
1.4770153967348545,785588,1537,533,1702,0.9978381536663745,0.7425120772946859,0.0021618463336254747,0.257487922705314,0.9980473241225981,0.9978381536663745,0.9979427279338674,1
1.4788276855652038,785636,1547,523,1654,0.9978991223056307,0.7473429951690821,0.0021008776943692922,0.25265700483091785,0.9980347644702693,0.9978991223056307,0.9979669387788803,1
1.4806399743955534,785681,1551,519,1609,0.9979562804049333,0.7492753623188406,0.002043719595066621,0.25072463768115943,0.9980298056989553,0.9979562804049333,0.9979930416977342,1
1.482452263225903,785739,1556,514,1551,0.9980299508440346,0.7516908212560387,0.0019700491559654005,0.24830917874396136,0.9980236124959513,0.9980299508440346,0.9980267816599294,1
1.4842645520562525,785789,1566,504,1501,0.9980934598432598,0.7565217391304347,0.0019065401567402102,0.24347826086956523,0.9980110623543382,0.9980934598432598,0.9980522593981501,1
1.486076840886602,785836,1574,496,1454,0.9981531583025315,0.7603864734299517,0.0018468416974685314,0.2396135265700483,0.9980010413888571,0.9981531583025315,0.9980770940496604,1
1.4878891297169514,785891,1580,490,1399,0.9982230182016791,0.7632850241545893,0.0017769817983208222,0.23671497584541062,0.9979935769063242,0.9982230182016791,0.9981082843682311,1
1.489701418547301,785947,1583,487,1343,0.9982941482808114,0.7647342995169082,0.001705851719188609,0.23526570048309178,0.9979899178443996,0.9982941482808114,0.9981420098804943,1
1.4915137073776505,785987,1587,483,1303,0.9983449554801915,0.7666666666666667,0.001655044519808457,0.23333333333333334,0.9979849512553741,0.9983449554801915,0.9981649209074562,1
1.493325996208,786024,1596,474,1266,0.9983919521396182,0.7710144927536232,0.0016080478603818162,0.2289855072463768,0.9979736421116783,0.9983919521396182,0.9981827533001886,1
1.4951382850383497,786066,1604,466,1224,0.9984452996989673,0.77487922705314,0.0015547003010326563,0.2251207729468599,0.9979636142039179,0.9984452996989673,0.9982043988418754,1
1.496950573868699,786099,1609,461,1191,0.998487215638456,0.7772946859903381,0.0015127843615440307,0.22270531400966184,0.9979573649118709,0.998487215638456,0.9982222199647238,1
1.4987628626990486,786144,1617,453,1146,0.9985443737377586,0.7811594202898551,0.0014556262622413595,0.21884057971014492,0.9979473469745266,0.9985443737377586,0.9982457710893171,1
1.5005751515293981,786190,1626,444,1100,0.9986028020170458,0.7855072463768116,0.0013971979829541846,0.2144927536231884,0.9979360662895904,0.9986028020170458,0.9982693228265273,1
1.5023874403597477,786243,1631,439,1047,0.9986701215562245,0.7879227053140097,0.001329878443775483,0.21207729468599035,0.9979298720353762,0.9986701215562245,0.998299859570178,1
1.504199729190097,786274,1635,435,1016,0.9987094971357441,0.7898550724637681,0.001290502864255865,0.21014492753623187,0.9979248872648999,0.9987094971357441,0.9983170380377336,1
1.5060120180204466,786305,1640,430,985,0.9987488727152638,0.7922705314009661,0.001251127284736247,0.20772946859903382,0.9979186364530519,0.9987488727152638,0.9983335819734833,1
1.5078243068507962,786329,1646,424,961,0.9987793570348918,0.7951690821256039,0.0012206429651081558,0.20483091787439614,0.9979111012405216,0.9987793570348918,0.998345040358289,1
1.5096365956811457,786361,1651,419,929,0.998820002794396,0.797584541062802,0.0011799972056040341,0.20241545893719806,0.9979048542407983,0.998820002794396,0.9983622187999507,1
1.5114488845114953,786393,1656,414,897,0.9988606485539001,0.8,0.0011393514460999123,0.2,0.9978986078276858,0.9988606485539001,0.9983793964346721,1
1.5132611733418446,786417,1661,409,873,0.9988911328735282,0.8024154589371981,0.001108867126471821,0.19758454106280193,0.9978923406058792,0.9988911328735282,0.9983914869414637,1
1.5150734621721942,786441,1663,407,849,0.9989216171931563,0.8033816425120773,0.0010783828068437298,0.1966183574879227,0.997889872402627,0.9989216171931563,0.9984054782486159,1
1.5168857510025437,786471,1672,398,819,0.9989597225926914,0.8077294685990338,0.0010402774073086157,0.19227053140096617,0.9978785575714052,0.9989597225926914,0.9984188473898922,1
1.5186980398328933,786504,1672,398,786,0.99900163853218,0.8077294685990338,0.0009983614678199901,0.19227053140096617,0.9978786463936988,0.99900163853218,0.9984398266925468,1
1.5205103286632429,786534,1676,394,756,0.9990397439317151,0.8096618357487922,0.000960256068284876,0.19033816425120773,0.9978736631100849,0.9990397439317151,0.9984563630593463,1
1.5223226174935922,786559,1678,392,731,0.9990714984313277,0.8106280193236715,0.0009285015686722809,0.18937198067632852,0.9978711986369582,0.9990714984313277,0.9984709878028113,1
1.5241349063239418,786583,1687,383,707,0.9991019827509559,0.8149758454106281,0.0008980172490441895,0.185024154589372,0.9978598703489922,0.9991019827509559,0.9984805402523548,1
1.5259471951542913,786609,1691,379,681,0.999135007430553,0.8169082125603865,0.0008649925694470907,0.18309178743961352,0.9978548775846758,0.999135007430553,0.9984945322069828,1
1.527759483984641,786630,1699,371,660,0.9991616812102275,0.8207729468599034,0.0008383187897725107,0.17922705314009663,0.9978448084492642,0.9991616812102275,0.9985028106414051,1
1.5295717728149902,786652,1703,367,638,0.9991896251698865,0.8227053140096618,0.0008103748301134271,0.17729468599033815,0.9978398056713029,0.9991896251698865,0.9985142592398669,1
1.5313840616453398,786672,1703,367,618,0.9992150287695767,0.8227053140096618,0.000784971230423351,0.17729468599033815,0.9978398604724908,0.9992150287695767,0.998526971151863,1
1.5331963504756894,786701,1707,363,589,0.9992518639891272,0.8246376811594203,0.0007481360108727407,0.1753623188405797,0.9978348773731367,0.9992518639891272,0.9985428679861242,1
1.535008639306039,786723,1714,356,567,0.9992798079487863,0.8280193236714976,0.0007201920512136569,0.17198067632850242,0.9978260786847903,0.9992798079487863,0.9985524142189606,1
1.5368209281363885,786742,1715,355,548,0.9993039413684919,0.8285024154589372,0.0006960586315080847,0.17149758454106281,0.9978248655284943,0.9993039413684919,0.9985638557458779,1
1.5386332169667378,786756,1719,351,534,0.999321723888275,0.8304347826086956,0.0006782761117250315,0.16956521739130434,0.9978198421002569,0.999321723888275,0.9985702182749332,1
1.5404455057970874,786775,1724,346,515,0.9993458573079805,0.8328502415458937,0.0006541426920194591,0.1671497584541063,0.9978135672968513,0.9993458573079805,0.9985791244893828,1
1.542257794627437,786788,1729,341,502,0.9993623696477791,0.8352657004830918,0.0006376303522209097,0.1647342995169082,0.9978072761906212,0.9993623696477791,0.9985842174834862,1
1.5440700834577865,786811,1732,338,479,0.9993915837874227,0.8367149758454107,0.0006084162125773223,0.16328502415458937,0.9978035440045755,0.9993915837874227,0.9985969325429788,1
1.545882372288136,786836,1735,335,454,0.9994233382870352,0.8381642512077294,0.0005766617129647271,0.16183574879227053,0.9977998176448284,0.9994233382870352,0.9986109180949334,1
1.5476946611184854,786847,1743,327,443,0.9994373102668648,0.8420289855072464,0.0005626897331351853,0.15797101449275364,0.9977897259665987,0.9994373102668648,0.9986128385410056,1
1.549506949948835,786864,1752,318,426,0.9994589033266014,0.8463768115942029,0.0005410966733986206,0.1536231884057971,0.9977783864390274,0.9994589033266014,0.9986179378719289,1
1.5513192387791845,786879,1760,310,411,0.9994779560263689,0.8502415458937198,0.0005220439736310635,0.1497584541062802,0.9977683071722296,0.9994779560263689,0.9986223998669991,1
1.553131527609534,786899,1776,294,391,0.999503359626059,0.8579710144927536,0.0004966403739409875,0.14202898550724638,0.9977481218499382,0.999503359626059,0.9986249694631543,1
1.5549438164398837,786921,1780,290,369,0.9995313035857181,0.8599033816425121,0.00046869641428190376,0.14009661835748793,0.9977431244540073,0.9995313035857181,0.9986364135328183,1
1.556756105270233,786940,1787,283,350,0.9995554370054237,0.8632850241545894,0.00044456299457633147,0.13671497584541062,0.9977343237901074,0.9995554370054237,0.9986440501593575,1
1.5585683941005826,786953,1796,274,337,0.9995719493452222,0.8676328502415459,0.000428050654777782,0.1323671497584541,0.9977229765109052,0.9995719493452222,0.9986466070953828,1
1.5603806829309321,786968,1804,266,322,0.9995910020449897,0.8714975845410629,0.00040899795501022495,0.1285024154589372,0.9977129005593505,0.9995910020449897,0.9986510682955366,1
1.5621929717612817,786981,1813,257,309,0.9996075143847883,0.8758454106280193,0.0003924856152116755,0.12415458937198068,0.9977015545250091,0.9996075143847883,0.9986536250605932,1
1.564005260591631,786989,1821,249,301,0.9996176758246643,0.8797101449275362,0.00038232417533564506,0.12028985507246377,0.9976914592867737,0.9996176758246643,0.9986536387285071,1
1.5658175494219806,786996,1825,245,294,0.9996265670845559,0.8816425120772947,0.00037343291544411844,0.11835748792270531,0.9976864206201407,0.9996265670845559,0.9986555515442758,1
1.5676298382523302,787000,1833,237,290,0.9996316478044939,0.8855072463768116,0.00036835219550610324,0.1144927536231884,0.9976763142515589,0.9996316478044939,0.9986530239073981,1
1.5694421270826797,787006,1837,233,284,0.9996392688844009,0.8874396135265701,0.00036073111559908037,0.11256038647342995,0.99767127299095,0.9996392688844009,0.9986543013819266,1
1.5712544159130293,787012,1844,226,278,0.999646889964308,0.8908212560386474,0.00035311003569205756,0.10917874396135266,0.9976624377579685,0.999646889964308,0.9986536780222136,1
1.5730667047433786,787017,1849,221,273,0.9996532408642305,0.8932367149758454,0.00034675913576953855,0.1067632850241546,0.9976561291778325,0.9996532408642305,0.9986536865640203,1
1.5748789935737282,787025,1861,209,265,0.9996634023041064,0.8990338164251208,0.00033659769589350813,0.10096618357487923,0.9976409772768182,0.9996634023041064,0.9986511658596502,1
1.5766912824040777,787035,1864,206,255,0.9996761041039516,0.9004830917874396,0.00032389589604847006,0.09951690821256039,0.9976372133821947,0.9996761041039516,0.9986556180762586,1
1.5785035712344273,787041,1867,203,249,0.9996837251838585,0.9019323671497584,0.00031627481614144724,0.09806763285024155,0.9976334376124972,0.9996837251838585,0.9986575290667797,1
1.5803158600647769,787047,1868,202,243,0.9996913462637655,0.9024154589371981,0.00030865373623442443,0.09758454106280193,0.9976321910471977,0.9996913462637655,0.9986607072049638,1
1.5821281488951262,787060,1871,199,230,0.9997078586035641,0.9038647342995169,0.00029214139643587495,0.09613526570048309,0.9976284364538851,0.9997078586035641,0.998667065087954,1
1.5839404377254758,787067,1872,198,223,0.9997167498634556,0.9043478260869565,0.00028325013654434834,0.09565217391304348,0.9976271929768968,0.9997167498634556,0.9986708784066275,1
1.5857527265558253,787078,1878,192,212,0.9997307218432852,0.9072463768115943,0.00026927815671480646,0.0927536231884058,0.9976196391180243,0.9997307218432852,0.9986740648350575,1
1.587565015386175,787086,1885,185,204,0.9997408832831612,0.9106280193236715,0.00025911671683877605,0.0893719806763285,0.997610812057731,0.9997408832831612,0.9986747118656112,1
1.5893773042165242,787093,1888,182,197,0.9997497745430528,0.9120772946859903,0.00025022545694724943,0.08792270531400966,0.9976070399667419,0.9997497745430528,0.9986772579080628,1
1.5911895930468738,787099,1891,179,191,0.9997573956229597,0.9135265700483092,0.0002426043770402266,0.08647342995169083,0.9976032649336494,0.9997573956229597,0.9986791686756161,1
1.5930018818772234,787104,1894,176,186,0.9997637465228822,0.914975845410628,0.00023625347711770758,0.08502415458937199,0.9975994869442001,0.9997637465228822,0.9986804441827889,1
1.594814170707573,787108,1898,172,182,0.9997688272428203,0.9169082125603865,0.00023117275717969237,0.08309178743961353,0.9975944416138788,0.9997688272428203,0.9986804508797841,1
1.5966264595379225,787122,1905,165,168,0.9997866097626034,0.9202898550724637,0.0002133902373966391,0.07971014492753623,0.9975856339516899,0.9997866097626034,0.99868490919022,1
1.5984387483682718,787126,1907,163,164,0.9997916904825414,0.921256038647343,0.00020830951745862388,0.078743961352657,0.9975831175628903,0.9997916904825414,0.9986861829713835,1
1.6002510371986214,787133,1909,161,157,0.9998005817424329,0.9222222222222223,0.00019941825756709727,0.07777777777777778,0.9975806104111061,0.9998005817424329,0.9986893623932014,1
1.602063326028971,787135,1910,160,155,0.999803122102402,0.9227053140096618,0.00019687789759808964,0.07729468599033816,0.9975793522549411,0.999803122102402,0.9986899992704595,1
1.6038756148593205,787140,1912,158,150,0.9998094730023245,0.923671497584541,0.00019052699767557063,0.07632850241545894,0.9975768390422938,0.9998094730023245,0.9986919082280369,1
1.60568790368967,787147,1913,157,143,0.9998183642622159,0.9241545893719807,0.000181635737784044,0.07584541062801932,0.997575596279117,0.9998183642622159,0.9986957211279222,1
1.6075001925200194,787150,1916,154,140,0.9998221748021695,0.9256038647342996,0.00017782519783053258,0.07439613526570048,0.9975718127507711,0.9998221748021695,0.9986957260923295,1
1.609312481350369,787159,1919,151,131,0.99983360642203,0.9270531400966183,0.00016639357796999834,0.07294685990338164,0.9975680477722101,0.99983360642203,0.998699542238868,1
1.6111247701807185,787161,1922,148,129,0.9998361467819991,0.9285024154589372,0.00016385321800099073,0.07149758454106281,0.9975642613007757,0.9998361467819991,0.9986989119960821,1
1.612937059011068,787166,1924,146,124,0.9998424976819216,0.9294685990338164,0.00015750231807847172,0.07053140096618357,0.997561748343028,0.9998424976819216,0.9987008208680648,1
1.6147493478414174,787171,1929,141,119,0.9998488485818441,0.9318840579710145,0.0001511514181559527,0.06811594202898551,0.9975554429096439,0.9998488485818441,0.9987008291095478,1
1.616561636671767,787180,1930,140,110,0.9998602802017046,0.9323671497584541,0.00013971979829541847,0.06763285024154589,0.9975542066378579,0.9998602802017046,0.9987059122050241,1
1.6183739255021166,787187,1934,136,103,0.9998691714615962,0.9342995169082126,0.00013082853840389182,0.06570048309178744,0.9975491718000155,0.9998691714615962,0.9987078242920152,1
1.6201862143324661,787190,1935,135,100,0.9998729820015496,0.9347826086956522,0.00012701799845038042,0.06521739130434782,0.9975479169966736,0.9998729820015496,0.9987090962722379,1
1.6219985031628157,787202,1936,134,88,0.9998882241613637,0.9352657004830918,0.00011177583863633477,0.0647342995169082,0.9975466901860004,0.9998882241613637,0.9987160847181095,1
1.623810791993165,787204,1937,133,86,0.9998907645213326,0.9357487922705314,0.00010923547866732716,0.0642512077294686,0.9975454323118429,0.9998907645213326,0.9987167215057304,1
1.6256230808235146,787205,1938,132,85,0.9998920347013172,0.936231884057971,0.00010796529868282336,0.06376811594202898,0.9975441713352333,0.9998920347013172,0.9987167231338091,1
1.6274353696538642,787210,1941,129,80,0.9998983856012397,0.9376811594202898,0.00010161439876030434,0.06231884057971015,0.9975403946773178,0.9998983856012397,0.9987179983266103,1
1.6292476584842137,787211,1942,128,79,0.9998996557812242,0.9381642512077295,0.00010034421877580054,0.06183574879227053,0.9975391337294542,0.9998996557812242,0.998717999953059,1
1.6310599473145633,787212,1944,126,78,0.9999009259612087,0.9391304347826087,9.907403879129672e-05,0.06086956521739131,0.9975366087313535,0.9999009259612087,0.9987173680544719,1
1.6328722361449126,787217,1944,126,73,0.9999072768611312,0.9391304347826087,9.272313886877771e-05,0.06086956521739131,0.9975366243390132,0.9999072768611312,0.998720543803772,1
1.6346845249752622,787219,1945,125,71,0.9999098172211003,0.9396135265700483,9.018277889977009e-05,0.06038647342995169,0.9975353665397814,0.9999098172211003,0.9987211805736166,1
1.6364968138056117,787222,1948,122,68,0.9999136277610537,0.9410628019323671,8.637223894625869e-05,0.05893719806763285,0.9975315838159079,0.9999136277610537,0.9987211854407977,1
1.6383091026359613,787224,1952,118,66,0.9999161681210228,0.9429951690821256,8.383187897725108e-05,0.057004830917874394,0.9975265340050888,0.9999161681210228,0.9987199216475332,1
1.6401213914663106,787227,1955,115,63,0.9999199786609763,0.9444444444444444,8.002133902373966e-05,0.05555555555555555,0.9975227514058861,0.9999199786609763,0.9987199265194687,1
1.6419336802966602,787229,1955,115,61,0.9999225190209453,0.9444444444444444,7.748097905473206e-05,0.05555555555555555,0.9975227576838861,0.9999225190209453,0.9987211967974099,1
1.6437459691270098,787229,1957,113,61,0.9999225190209453,0.9454106280193236,7.748097905473206e-05,0.05458937198067633,0.9975202297050378,0.9999225190209453,0.9987199297674053,1
1.6455582579573593,787230,1957,113,60,0.9999237892009297,0.9454106280193236,7.621079907022826e-05,0.05458937198067633,0.9975202328472212,0.9999237892009297,0.998720564905165,1
1.647370546787709,787230,1958,112,60,0.9999237892009297,0.9458937198067633,7.621079907022826e-05,0.05410628019323672,0.9975189688641997,0.9999237892009297,0.9987199313913674,1
1.6491828356180582,787232,1958,112,58,0.9999263295608988,0.9458937198067633,7.367043910122064e-05,0.05410628019323672,0.9975189751517378,0.9999263295608988,0.9987212016644677,1
1.6509951244484078,787233,1958,112,57,0.9999275997408833,0.9458937198067633,7.240025911671684e-05,0.05410628019323672,0.997518978295495,0.9999275997408833,0.9987218367998091,1
1.6528074132787574,787235,1958,112,55,0.9999301401008522,0.9458937198067633,6.985989914770923e-05,0.05410628019323672,0.9975189845829854,0.9999301401008522,0.998723107068075,1
1.654619702109107,787237,1960,110,53,0.9999326804608213,0.9468599033816425,6.731953917870162e-05,0.05314009661835749,0.9975164629363771,0.9999326804608213,0.9987231103079187,1
1.6564319909394565,787239,1962,108,51,0.9999352208207903,0.9478260869565217,6.477917920969401e-05,0.05217391304347826,0.9975139413153303,0.9999352208207903,0.9987231135477462,1
1.6582442797698058,787241,1964,106,49,0.9999377611807593,0.9487922705314009,6.223881924068641e-05,0.051207729468599035,0.9975114197198447,0.9999377611807593,0.9987231167875573,1
1.6600565686001554,787243,1966,104,47,0.9999403015407283,0.9497584541062802,5.9698459271678797e-05,0.050241545893719805,0.9975088981499197,0.9999403015407283,0.9987231200273518,1
1.661868857430505,787244,1967,103,46,0.9999415717207129,0.9502415458937198,5.8428279287174995e-05,0.049758454106280194,0.9975076373745424,0.9999415717207129,0.9987231216472429,1
1.6636811462608545,787246,1968,102,44,0.9999441120806818,0.9507246376811594,5.5887919318167384e-05,0.04927536231884058,0.9975063797651841,0.9999441120806818,0.9987237583919862,1
1.6654934350912038,787249,1970,100,41,0.9999479226206354,0.9516908212560387,5.207737936465597e-05,0.04830917874396135,0.9975038614123583,0.9999479226206354,0.9987243967525717,1
1.6673057239215534,787253,1972,98,37,0.9999530033405734,0.9526570048309179,4.6996659426640756e-05,0.04734299516908213,0.9975013462574044,0.9999530033405734,0.9987256702283202,1
1.669118012751903,787257,1976,94,33,0.9999580840605113,0.9545893719806763,4.191593948862554e-05,0.04541062801932367,0.9974963033730216,0.9999580840605113,0.9987256766948531,1
1.6709303015822525,787260,1979,91,30,0.9999618946004649,0.9560386473429952,3.810539953511413e-05,0.04396135265700483,0.9974925212768249,0.9999618946004649,0.99872568154471,1
1.672742590412602,787260,1979,91,30,0.9999618946004649,0.9560386473429952,3.810539953511413e-05,0.04396135265700483,0.9974925212768249,0.9999618946004649,0.99872568154471,1
1.6745548792429514,787262,1979,91,28,0.9999644349604339,0.9560386473429952,3.556503956610652e-05,0.04396135265700483,0.9974925276309771,0.9999644349604339,0.9987269517694228,1
1.676367168073301,787265,1980,90,25,0.9999682455003874,0.9565217391304348,3.1754499612595105e-05,0.043478260869565216,0.9974912733055008,0.9999682455003874,0.9987282236042968,1
1.6781794569036506,787272,1983,87,18,0.9999771367602789,0.9579710144927536,2.2863239721068477e-05,0.042028985507246375,0.9974875040386187,0.9999771367602789,0.9987307688648279,1
1.6799917457340001,787272,1987,83,18,0.9999771367602789,0.9599033816425121,2.2863239721068477e-05,0.04009661835748792,0.9974824487272239,0.9999771367602789,0.9987282348978687,1
1.6818040345643497,787272,1990,80,18,0.9999771367602789,0.961352657004831,2.2863239721068477e-05,0.03864734299516908,0.9974786572773047,0.9999771367602789,0.9987263344310875,1
1.683616323394699,787272,1990,80,18,0.9999771367602789,0.961352657004831,2.2863239721068477e-05,0.03864734299516908,0.9974786572773047,0.9999771367602789,0.9987263344310875,1
1.6854286122250486,787272,1994,76,18,0.9999771367602789,0.9632850241545894,2.2863239721068477e-05,0.03671497584541063,0.9974736020555808,0.9999771367602789,0.9987238004866302,1
1.6872409010553981,787273,1995,75,17,0.9999784069402634,0.9637681159420289,2.159305973656467e-05,0.036231884057971016,0.9974723414606952,0.9999784069402634,0.9987238021055996,1
1.6890531898857477,787276,1997,73,14,0.999982217480217,0.9647342995169083,1.778251978305326e-05,0.035265700483091786,0.9974698234957993,0.999982217480217,0.9987244404441814,1
1.690865478716097,787278,2000,70,12,0.9999847578401859,0.966183574879227,1.524215981404565e-05,0.033816425120772944,0.9974660385820966,0.9999847578401859,0.9987238102003846,1
1.6926777675464466,787278,2004,66,12,0.9999847578401859,0.9681159420289855,1.524215981404565e-05,0.03188405797101449,0.9974609835268003,0.9999847578401859,0.9987212762880477,1
1.6944900563767962,787281,2006,64,9,0.9999885683801395,0.9690821256038648,1.1431619860534238e-05,0.030917874396135265,0.9974584656785175,0.9999885683801395,0.9987219146289715,1
1.6963023452071457,787283,2010,60,7,0.9999911087401084,0.9710144927536232,8.89125989152663e-06,0.028985507246376812,0.9974534171720768,0.9999911087401084,0.9987206509267195,1
1.6981146340374953,787283,2014,56,7,0.9999911087401084,0.9729468599033816,8.89125989152663e-06,0.02705314009661836,0.9974483622768109,0.9999911087401084,0.9987181170465063,1
1.6999269228678446,787283,2018,52,7,0.9999911087401084,0.9748792270531401,8.89125989152663e-06,0.025120772946859903,0.9974433074327791,0.9999911087401084,0.9987155831791505,1
1.7017392116981942,787284,2026,44,6,0.999992378920093,0.978743961352657,7.621079907022825e-06,0.021256038647342997,0.9974332011503718,0.999992378920093,0.9987111505771914,1
1.7035515005285438,787284,2031,39,6,0.999992378920093,0.981159420289855,7.621079907022825e-06,0.01884057971014493,0.9974268828034435,0.999992378920093,0.9987079832932155,1
1.7053637893588933,787284,2038,32,6,0.999992378920093,0.9845410628019323,7.621079907022825e-06,0.015458937198067632,0.9974180372522241,0.999992378920093,0.9987035491293991,1
1.7071760781892429,787284,2044,26,6,0.999992378920093,0.9874396135265701,7.621079907022825e-06,0.012560386473429951,0.9974104554760506,0.999992378920093,0.9986997484488951,1
1.7089883670195922,787284,2050,20,6,0.999992378920093,0.9903381642512077,7.621079907022825e-06,0.00966183574879227,0.9974028738151404,0.999992378920093,0.9986959477973189,1
1.7108006558499418,787284,2050,20,6,0.999992378920093,0.9903381642512077,7.621079907022825e-06,0.00966183574879227,0.9974028738151404,0.999992378920093,0.9986959477973189,1
1.7126129446802913,787285,2051,19,5,0.9999936491000775,0.9908212560386473,6.350899922519021e-06,0.009178743961352657,0.9974016135080624,0.9999936491000775,0.9986959494515504,1
1.714425233510641,787285,2053,17,5,0.9999936491000775,0.9917874396135266,6.350899922519021e-06,0.00821256038647343,0.9973990863229694,0.9999936491000775,0.9986946825757249,1
1.7162375223409903,787285,2058,12,5,0.9999936491000775,0.9942028985507246,6.350899922519021e-06,0.005797101449275362,0.9973927684162651,0.9999936491000775,0.9986915154002232,1
1.7180498111713398,787285,2058,12,5,0.9999936491000775,0.9942028985507246,6.350899922519021e-06,0.005797101449275362,0.9973927684162651,0.9999936491000775,0.9986915154002232,1
1.7198621000016894,787285,2058,12,5,0.9999936491000775,0.9942028985507246,6.350899922519021e-06,0.005797101449275362,0.9973927684162651,0.9999936491000775,0.9986915154002232,1
1.721674388832039,787285,2058,12,5,0.9999936491000775,0.9942028985507246,6.350899922519021e-06,0.005797101449275362,0.9973927684162651,0.9999936491000775,0.9986915154002232,1
1.7234866776623885,787285,2058,12,5,0.9999936491000775,0.9942028985507246,6.350899922519021e-06,0.005797101449275362,0.9973927684162651,0.9999936491000775,0.9986915154002232,1
1.7252989664927378,787285,2058,12,5,0.9999936491000775,0.9942028985507246,6.350899922519021e-06,0.005797101449275362,0.9973927684162651,0.9999936491000775,0.9986915154002232,1
1.7271112553230874,787286,2058,12,4,0.999994919280062,0.9942028985507246,5.0807199380152165e-06,0.005797101449275362,0.9973927717193011,0.999994919280062,0.9986921504927586,1
1.728923544153437,787286,2060,10,4,0.999994919280062,0.9951690821256038,5.0807199380152165e-06,0.004830917874396135,0.9973902445822238,0.999994919280062,0.9986908836281806,1
1.7307358329837865,787286,2060,10,4,0.999994919280062,0.9951690821256038,5.0807199380152165e-06,0.004830917874396135,0.9973902445822238,0.999994919280062,0.9986908836281806,1
1.732548121814136,787286,2062,8,4,0.999994919280062,0.996135265700483,5.0807199380152165e-06,0.003864734299516908,0.9973877174579526,0.999994919280062,0.9986896167668163,1
1.7343604106444854,787286,2065,5,4,0.999994919280062,0.9975845410628019,5.0807199380152165e-06,0.0024154589371980675,0.9973839267955573,0.999994919280062,0.9986877164807969,1
1.736172699474835,787286,2065,5,4,0.999994919280062,0.9975845410628019,5.0807199380152165e-06,0.0024154589371980675,0.9973839267955573,0.999994919280062,0.9986877164807969,1
1.7379849883051846,787286,2067,3,4,0.999994919280062,0.9985507246376811,5.0807199380152165e-06,0.0014492753623188406,0.9973813997033013,0.999994919280062,0.998686449627468,1
1.7397972771355341,787287,2067,3,3,0.9999961894600465,0.9985507246376811,3.8105399535114124e-06,0.0014492753623188406,0.9973814030206979,0.9999961894600465,0.9986870847191883,1
1.7416095659658835,787287,2067,3,3,0.9999961894600465,0.9985507246376811,3.8105399535114124e-06,0.0014492753623188406,0.9973814030206979,0.9999961894600465,0.9986870847191883,1
1.743421854796233,787287,2067,3,3,0.9999961894600465,0.9985507246376811,3.8105399535114124e-06,0.0014492753623188406,0.9973814030206979,0.9999961894600465,0.9986870847191883,1
1.7452341436265826,787287,2067,3,3,0.9999961894600465,0.9985507246376811,3.8105399535114124e-06,0.0014492753623188406,0.9973814030206979,0.9999961894600465,0.9986870847191883,1
1.7470464324569321,787287,2067,3,3,0.9999961894600465,0.9985507246376811,3.8105399535114124e-06,0.0014492753623188406,0.9973814030206979,0.9999961894600465,0.9986870847191883,1
1.7488587212872817,787287,2067,3,3,0.9999961894600465,0.9985507246376811,3.8105399535114124e-06,0.0014492753623188406,0.9973814030206979,0.9999961894600465,0.9986870847191883,1
1.750671010117631,787287,2067,3,3,0.9999961894600465,0.9985507246376811,3.8105399535114124e-06,0.0014492753623188406,0.9973814030206979,0.9999961894600465,0.9986870847191883,1
1.7524832989479806,787287,2067,3,3,0.9999961894600465,0.9985507246376811,3.8105399535114124e-06,0.0014492753623188406,0.9973814030206979,0.9999961894600465,0.9986870847191883,1
1.7542955877783302,787287,2069,1,3,0.9999961894600465,0.9995169082125603,3.8105399535114124e-06,0.0004830917874396135,0.9973788759444407,0.9999961894600465,0.9986858178690714,1
1.7561078766086797,787287,2069,1,3,0.9999961894600465,0.9995169082125603,3.8105399535114124e-06,0.0004830917874396135,0.9973788759444407,0.9999961894600465,0.9986858178690714,1
1.7579201654390293,787287,2069,1,3,0.9999961894600465,0.9995169082125603,3.8105399535114124e-06,0.0004830917874396135,0.9973788759444407,0.9999961894600465,0.9986858178690714,1
1.7597324542693786,787287,2069,1,3,0.9999961894600465,0.9995169082125603,3.8105399535114124e-06,0.0004830917874396135,0.9973788759444407,0.9999961894600465,0.9986858178690714,1
1.7615447430997282,787287,2069,1,3,0.9999961894600465,0.9995169082125603,3.8105399535114124e-06,0.0004830917874396135,0.9973788759444407,0.9999961894600465,0.9986858178690714,1
1.7633570319300778,787288,2069,1,2,0.999997459640031,0.9995169082125603,2.5403599690076083e-06,0.0004830917874396135,0.997378879265022,0.999997459640031,0.998686452959984,1
1.7651693207604273,787288,2069,1,2,0.999997459640031,0.9995169082125603,2.5403599690076083e-06,0.0004830917874396135,0.997378879265022,0.999997459640031,0.998686452959984,1
1.7669816095907767,787289,2069,1,1,0.9999987298200155,0.9995169082125603,1.2701799845038041e-06,0.0004830917874396135,0.9973788825855949,0.9999987298200155,0.9986870880500911,1
1.7687938984211262,787289,2069,1,1,0.9999987298200155,0.9995169082125603,1.2701799845038041e-06,0.0004830917874396135,0.9973788825855949,0.9999987298200155,0.9986870880500911,1
1.7706061872514758,787289,2069,1,1,0.9999987298200155,0.9995169082125603,1.2701799845038041e-06,0.0004830917874396135,0.9973788825855949,0.9999987298200155,0.9986870880500911,1
1.7724184760818253,787289,2069,1,1,0.9999987298200155,0.9995169082125603,1.2701799845038041e-06,0.0004830917874396135,0.9973788825855949,0.9999987298200155,0.9986870880500911,1
1.774230764912175,787289,2069,1,1,0.9999987298200155,0.9995169082125603,1.2701799845038041e-06,0.0004830917874396135,0.9973788825855949,0.9999987298200155,0.9986870880500911,1
1.7760430537425242,787289,2069,1,1,0.9999987298200155,0.9995169082125603,1.2701799845038041e-06,0.0004830917874396135,0.9973788825855949,0.9999987298200155,0.9986870880500911,1
1.7778553425728738,787289,2069,1,1,0.9999987298200155,0.9995169082125603,1.2701799845038041e-06,0.0004830917874396135,0.9973788825855949,0.9999987298200155,0.9986870880500911,1
1.7796676314032234,787289,2069,1,1,0.9999987298200155,0.9995169082125603,1.2701799845038041e-06,0.0004830917874396135,0.9973788825855949,0.9999987298200155,0.9986870880500911,1
1.781479920233573,787289,2069,1,1,0.9999987298200155,0.9995169082125603,1.2701799845038041e-06,0.0004830917874396135,0.9973788825855949,0.9999987298200155,0.9986870880500911,1
1.7832922090639225,787289,2069,1,1,0.9999987298200155,0.9995169082125603,1.2701799845038041e-06,0.0004830917874396135,0.9973788825855949,0.9999987298200155,0.9986870880500911,1
1.7851044978942718,787290,2069,1,0,1.0,0.9995169082125603,0.0,0.0004830917874396135,0.9973788859061593,1.0,0.9986877231393925,1
1.7869167867246214,787290,2069,1,0,1.0,0.9995169082125603,0.0,0.0004830917874396135,0.9973788859061593,1.0,0.9986877231393925,1
1.788729075554971,787290,2069,1,0,1.0,0.9995169082125603,0.0,0.0004830917874396135,0.9973788859061593,1.0,0.9986877231393925,1
1.7905413643853205,787290,2069,1,0,1.0,0.9995169082125603,0.0,0.0004830917874396135,0.9973788859061593,1.0,0.9986877231393925,1
1.7923536532156699,787290,2069,1,0,1.0,0.9995169082125603,0.0,0.0004830917874396135,0.9973788859061593,1.0,0.9986877231393925,1
1.7941659420460194,787290,2069,1,0,1.0,0.9995169082125603,0.0,0.0004830917874396135,0.9973788859061593,1.0,0.9986877231393925,1
1.795978230876369,787290,2069,1,0,1.0,0.9995169082125603,0.0,0.0004830917874396135,0.9973788859061593,1.0,0.9986877231393925,1
1.7977905197067185,787290,2069,1,0,1.0,0.9995169082125603,0.0,0.0004830917874396135,0.9973788859061593,1.0,0.9986877231393925,1
1.799602808537068,787290,2069,1,0,1.0,0.9995169082125603,0.0,0.0004830917874396135,0.9973788859061593,1.0,0.9986877231393925,1
1.8014150973674175,787290,2069,1,0,1.0,0.9995169082125603,0.0,0.0004830917874396135,0.9973788859061593,1.0,0.9986877231393925,1
1.803227386197767,787290,2069,1,0,1.0,0.9995169082125603,0.0,0.0004830917874396135,0.9973788859061593,1.0,0.9986877231393925,1
1.8050396750281166,787290,2069,1,0,1.0,0.9995169082125603,0.0,0.0004830917874396135,0.9973788859061593,1.0,0.9986877231393925,1
1.8068519638584661,787290,2069,1,0,1.0,0.9995169082125603,0.0,0.0004830917874396135,0.9973788859061593,1.0,0.9986877231393925,1
1.8086642526888157,787290,2069,1,0,1.0,0.9995169082125603,0.0,0.0004830917874396135,0.9973788859061593,1.0,0.9986877231393925,1
1.810476541519165,787290,2069,1,0,1.0,0.9995169082125603,0.0,0.0004830917874396135,0.9973788859061593,1.0,0.9986877231393925,1
0.0,0,0,2070,777250,0.0,0.0,1.0,1.0,,0.0,,2
0.0017873410348061684,4,0,2070,777246,5.146349308459312e-06,0.0,0.9999948536506915,1.0,1.0,5.146349308459312e-06,1.0292645647368815e-05,2
0.0035746820696123368,18,0,2070,777232,2.3158571888066902e-05,0.0,0.9999768414281119,1.0,1.0,2.3158571888066902e-05,4.631607116207022e-05,2
0.005362023104418506,41,0,2070,777209,5.275008041170795e-05,0.0,0.9999472499195883,1.0,1.0,5.275008041170795e-05,0.00010549459597499522,2
0.0071493641392246735,90,0,2070,777160,0.00011579285944033451,0.0,0.9998842071405597,1.0,1.0,0.00011579285944033451,0.0002315589060128129,2
0.008936705174030841,155,0,2070,777095,0.00019942103570279833,0.0,0.9998005789642972,1.0,1.0,0.00019942103570279833,0.000398762549764923,2
0.010724046208837011,205,0,2070,777045,0.0002637504020585397,0.0,0.9997362495979415,1.0,1.0,0.0002637504020585397,0.0005273617122534423,2
0.012511387243643179,270,0,2070,776980,0.0003473785783210035,0.0,0.999652621421679,1.0,1.0,0.0003473785783210035,0.000694515896697191,2
0.014298728278449347,339,0,2070,776911,0.0004361531038919267,0.0,0.9995638468961081,1.0,1.0,0.0004361531038919267,0.0008719259145898412,2
0.016086069313255517,425,0,2070,776825,0.0005467996140238019,0.0,0.9994532003859762,1.0,1.0,0.0005467996140238019,0.0010930015752081525,2
0.017873410348061683,489,0,2070,776761,0.0006291412029591508,0.0,0.9993708587970408,1.0,1.0,0.0006291412029591508,0.0012574912663502794,2
0.019660751382867853,581,0,2070,776669,0.000747507237053715,0.0,0.9992524927629463,1.0,1.0,0.000747507237053715,0.0014938977747094163,2
0.021448092417674022,672,0,2070,776578,0.0008645866838211644,0.0,0.9991354133161788,1.0,1.0,0.0008645866838211644,0.0017276796388326853,2
0.02323543345248019,750,0,2070,776500,0.0009649404953361209,0.0,0.9990350595046639,1.0,1.0,0.0009649404953361209,0.0019280205655526994,2
0.025022774487286358,840,0,2070,776410,0.0010807333547764553,0.0,0.9989192666452236,1.0,1.0,0.0010807333547764553,0.0021591332622190236,2
0.026810115522092524,940,0,2070,776310,0.0012093920874879382,0.0,0.9987906079125121,1.0,1.0,0.0012093920874879382,0.0024158624500443334,2
0.028597456556898694,1047,0,2070,776203,0.0013470569314892249,0.0,0.9986529430685108,1.0,1.0,0.0013470569314892249,0.002690489620286343,2
0.030384797591704864,1132,0,2070,776118,0.0014564168542939853,0.0,0.998543583145706,1.0,1.0,0.0014564168542939853,0.002908597578052935,2
0.03217213862651103,1247,0,2070,776003,0.0016043743969121904,0.0,0.9983956256030878,1.0,1.0,0.0016043743969121904,0.0032036090055581456,2
0.033959479661317196,1370,0,2070,775880,0.0017626246381473142,0.0,0.9982373753618526,1.0,1.0,0.0017626246381473142,0.003519046518198865,2
0.035746820696123366,1481,0,2070,775769,0.0019054358314570601,0.0,0.9980945641685429,1.0,1.0,0.0019054358314570601,0.003803624101262182,2
0.037534161730929536,1590,0,2070,775660,0.0020456738501125763,0.0,0.9979543261498874,1.0,1.0,0.0020456738501125763,0.004082995223665964,2
0.039321502765735705,1700,0,2070,775550,0.0021871984560952076,0.0,0.9978128015439048,1.0,1.0,0.0021871984560952076,0.004364850118749599,2
0.041108843800541875,1818,0,2070,775432,0.002339015760694757,0.0,0.9976609842393053,1.0,1.0,0.002339015760694757,0.0046671150656938795,2
0.042896184835348045,1917,0,2070,775333,0.002466387906079125,0.0,0.9975336120939209,1.0,1.0,0.002466387906079125,0.004920639606143484,2
0.04468352587015421,2018,0,2070,775232,0.002596333226117723,0.0,0.9974036667738823,1.0,1.0,0.002596333226117723,0.005179219472633292,2
0.04647086690496038,2118,0,2070,775132,0.0027249919588292057,0.0,0.9972750080411708,1.0,1.0,0.0027249919588292057,0.00543517311462621,2
0.04825820793976655,2221,0,2070,775029,0.0028575104535220326,0.0,0.997142489546478,1.0,1.0,0.0028575104535220326,0.005698736707330997,2
0.050045548974572716,2350,0,2070,774900,0.0030234802187198455,0.0,0.9969765197812801,1.0,1.0,0.0030234802187198455,0.006028732683427398,2
0.051832890009378886,2459,0,2070,774791,0.003163718237375362,0.0,0.9968362817626246,1.0,1.0,0.003163718237375362,0.006307481380874147,2
0.05362023104418505,2579,0,2070,774671,0.003318108716629141,0.0,0.9966818912833708,1.0,1.0,0.003318108716629141,0.006614270564444256,2
0.05540757207899122,2689,0,2070,774561,0.003459633322611772,0.0,0.9965403666773882,1.0,1.0,0.003459633322611772,0.006895411051377094,2
0.05719491311379739,2796,0,2070,774454,0.003597298166613059,0.0,0.996402701833387,1.0,1.0,0.003597298166613059,0.00716880799337475,2
0.05898225414860356,2910,0,2070,774340,0.0037439691219041493,0.0,0.9962560308780959,1.0,1.0,0.0037439691219041493,0.007460008203445448,2
0.06076959518340973,3037,0,2070,774213,0.003907365712447732,0.0,0.9960926342875522,1.0,1.0,0.003907365712447732,0.007784315258360064,2
0.0625569362182159,3160,0,2070,774090,0.0040656159536828565,0.0,0.9959343840463172,1.0,1.0,0.0040656159536828565,0.00809830730000897,2
0.06434427725302207,3276,0,2070,773974,0.004214860083628176,0.0,0.9957851399163719,1.0,1.0,0.004214860083628176,0.0083943392020253,2
0.06613161828782824,3421,0,2070,773829,0.004401415246059827,0.0,0.9955985847539401,1.0,1.0,0.004401415246059827,0.008764255364936063,2
0.06791895932263439,3553,0,2070,773697,0.004571244773238984,0.0,0.995428755226761,1.0,1.0,0.004571244773238984,0.009100887163599526,2
0.06970630035744056,3679,0,2070,773571,0.0047333547764554515,0.0,0.9952666452235446,1.0,1.0,0.0047333547764554515,0.009422111357114411,2
0.07149364139224673,3800,0,2070,773450,0.004889031843036346,0.0,0.9951109681569636,1.0,1.0,0.004889031843036346,0.009730491005697457,2
0.0732809824270529,3936,0,2070,773314,0.005064007719523963,0.0,0.994935992280476,1.0,1.0,0.005064007719523963,0.010076985506652706,2
0.07506832346185907,4086,0,2070,773164,0.005256995818591187,0.0,0.9947430041814088,1.0,1.0,0.005256995818591187,0.010459008672325349,2
0.07685566449666524,4227,0,2070,773023,0.005438404631714378,0.0,0.9945615953682856,1.0,1.0,0.005438404631714378,0.010817976728681714,2
0.07864300553147141,4386,0,2070,772864,0.005642972016725635,0.0,0.9943570279832744,1.0,1.0,0.005642972016725635,0.011222615130316412,2
0.08043034656627758,4528,0,2070,772722,0.005825667417175941,0.0,0.9941743325828241,1.0,1.0,0.005825667417175941,0.01158385117002525,2
0.08221768760108375,4701,0,2070,772549,0.006048247024766806,0.0,0.9939517529752332,1.0,1.0,0.006048247024766806,0.012023771310478536,2
0.08400502863588992,4859,0,2070,772391,0.006251527822450949,0.0,0.993748472177549,1.0,1.0,0.006251527822450949,0.012425378048328304,2
0.08579236967069609,5042,0,2070,772208,0.0064869733033129625,0.0,0.9935130266966871,1.0,1.0,0.0064869733033129625,0.012890327396931068,2
0.08757971070550225,5222,0,2070,772028,0.006718559022193631,0.0,0.9932814409778064,1.0,1.0,0.006718559022193631,0.013347442464394892,2
0.08936705174030841,5376,0,2070,771874,0.006916693470569315,0.0,0.9930833065294307,1.0,1.0,0.006916693470569315,0.013738362896198184,2
0.09115439277511458,5541,0,2070,771709,0.0071289803795432614,0.0,0.9928710196204568,1.0,1.0,0.0071289803795432614,0.014157035530556685,2
0.09294173380992075,5737,0,2070,771513,0.007381151495657768,0.0,0.9926188485043422,1.0,1.0,0.007381151495657768,0.01465413857445909,2
0.09472907484472692,5923,0,2070,771327,0.007620456738501126,0.0,0.9923795432614989,1.0,1.0,0.007620456738501126,0.015125649122224591,2
0.0965164158795331,6109,0,2070,771141,0.007859761981344483,0.0,0.9921402380186555,1.0,1.0,0.007859761981344483,0.015596935759977225,2
0.09830375691433926,6292,0,2070,770958,0.008095207462206497,0.0,0.9919047925377935,1.0,1.0,0.008095207462206497,0.01606040263317091,2
0.10009109794914543,6487,0,2070,770763,0.00834609199099389,0.0,0.9916539080090061,1.0,1.0,0.00834609199099389,0.016554022586658536,2
0.1018784389839516,6698,0,2070,770552,0.008617561917015118,0.0,0.9913824380829849,1.0,1.0,0.008617561917015118,0.017087868072882387,2
0.10366578001875777,6910,0,2070,770340,0.008890318430363461,0.0,0.9911096815696365,1.0,1.0,0.008890318430363461,0.01762395429504183,2
0.10545312105356393,7131,0,2070,770119,0.009174654229655839,0.0,0.9908253457703442,1.0,1.0,0.009174654229655839,0.01818249039688621,2
0.1072404620883701,7361,0,2070,769889,0.009470569314892248,0.0,0.9905294306851078,1.0,1.0,0.009470569314892248,0.018763438187840854,2
0.10902780312317627,7617,0,2070,769633,0.009799935670633645,0.0,0.9902000643293664,1.0,1.0,0.009799935670633645,0.019409657942046233,2
0.11081514415798244,7840,0,2070,769410,0.010086844644580251,0.0,0.9899131553554198,1.0,1.0,0.010086844644580251,0.01997223248290005,2
0.1126024851927886,8082,0,2070,769168,0.01039819877774204,0.0,0.9896018012222579,1.0,1.0,0.01039819877774204,0.020582377898774026,2
0.11438982622759478,8294,0,2070,768956,0.010670955291090382,0.0,0.9893290447089096,1.0,1.0,0.010670955291090382,0.021116576538042425,2
0.11617716726240095,8512,0,2070,768738,0.010951431328401415,0.0,0.9890485686715986,1.0,1.0,0.010951431328401415,0.021665593398509982,2
0.11796450829720712,8773,0,2070,768477,0.011287230620778386,0.0,0.9887127693792216,1.0,1.0,0.011287230620778386,0.02232250201329987,2
0.11975184933201329,9041,0,2070,768209,0.01163203602444516,0.0,0.9883679639755548,1.0,1.0,0.01163203602444516,0.022996575059360976,2
0.12153919036681946,9304,0,2070,767946,0.01197040849147636,0.0,0.9880295915085237,1.0,1.0,0.01197040849147636,0.02365762554128515,2
0.12332653140162562,9567,0,2070,767683,0.012308780958507558,0.0,0.9876912190414925,1.0,1.0,0.012308780958507558,0.02431823410017831,2
0.1251138724364318,9802,0,2070,767448,0.012611128980379542,0.0,0.9873888710196205,1.0,1.0,0.012611128980379542,0.024908138217042835,2
0.12690121347123795,10051,0,2070,767199,0.012931489224831135,0.0,0.9870685107751689,1.0,1.0,0.012931489224831135,0.02553280130471065,2
0.12868855450604413,10296,0,2070,766954,0.013246703119974269,0.0,0.9867532968800258,1.0,1.0,0.013246703119974269,0.026147044109169494,2
0.1304758955408503,10594,0,2070,766656,0.013630106143454487,0.0,0.9863698938565455,1.0,1.0,0.013630106143454487,0.026893648996501845,2
0.13226323657565647,10858,0,2070,766392,0.013969765197812801,0.0,0.9860302348021872,1.0,1.0,0.013969765197812801,0.02755459911585722,2
0.13405057761046263,11134,0,2070,766116,0.014324863300096495,0.0,0.9856751366999035,1.0,1.0,0.014324863300096495,0.028245119129764178,2
0.13583791864526878,11427,0,2070,765823,0.014701833386941138,0.0,0.9852981666130589,1.0,1.0,0.014701833386941138,0.028977642304771154,2
0.13762525968007497,11743,0,2070,765507,0.015108394982309424,0.0,0.9848916050176906,1.0,1.0,0.015108394982309424,0.0297670575024113,2
0.13941260071488112,12049,0,2070,765201,0.015502090704406562,0.0,0.9844979092955934,1.0,1.0,0.015502090704406562,0.030530888801328777,2
0.1411999417496873,12370,0,2070,764880,0.01591508523641042,0.0,0.9840849147635896,1.0,1.0,0.01591508523641042,0.031331526557078083,2
0.14298728278449346,12661,0,2070,764589,0.016289482148600837,0.0,0.9837105178513992,1.0,1.0,0.016289482148600837,0.03205677601653858,2
0.14477462381929965,12966,0,2070,764284,0.01668189128337086,0.0,0.9833181087166292,1.0,1.0,0.01668189128337086,0.03281634388572239,2
0.1465619648541058,13258,0,2070,763992,0.01705757478288839,0.0,0.9829424252171116,1.0,1.0,0.01705757478288839,0.0335429875472481,2
0.148349305888912,13577,0,2070,763673,0.01746799614023802,0.0,0.982532003859762,1.0,1.0,0.01746799614023802,0.03433620753970211,2
0.15013664692371814,13856,0,2070,763394,0.017826954004503057,0.0,0.9821730459954969,1.0,1.0,0.017826954004503057,0.03502943979694251,2
0.15192398795852433,14175,0,2070,763075,0.018237375361852687,0.0,0.9817626246381473,1.0,1.0,0.018237375361852687,0.035821461288182706,2
0.15371132899333048,14483,0,2070,762767,0.018633644258604053,0.0,0.981366355741396,1.0,1.0,0.018633644258604053,0.036585566093619945,2
0.15549867002813664,14787,0,2070,762463,0.01902476680604696,0.0,0.9809752331939531,1.0,1.0,0.01902476680604696,0.037339164710739524,2
0.15728601106294282,15130,0,2070,762120,0.019466066259247346,0.0,0.9805339337407527,1.0,1.0,0.019466066259247346,0.03818874782301421,2
0.15907335209774898,15455,0,2070,761795,0.019884207140559666,0.0,0.9801157928594403,1.0,1.0,0.019884207140559666,0.038993068039182295,2
0.16086069313255516,15838,0,2070,761412,0.020376970086844644,0.0,0.9796230299131553,1.0,1.0,0.020376970086844644,0.039940082311168495,2
0.16264803416736132,16210,0,2070,761040,0.02085558057253136,0.0,0.9791444194274687,1.0,1.0,0.02085558057253136,0.04085902250901116,2
0.1644353752021675,16577,0,2070,760673,0.021327758121582503,0.0,0.9786722418784175,1.0,1.0,0.021327758121582503,0.04176476738634489,2
0.16622271623697366,16934,0,2070,760316,0.021787069797362495,0.0,0.9782129302026376,1.0,1.0,0.021787069797362495,0.04264502936347244,2
0.16801005727177984,17293,0,2070,759957,0.02224895464779672,0.0,0.9777510453522033,1.0,1.0,0.02224895464779672,0.04352942509090132,2
0.169797398306586,17664,0,2070,759586,0.02272627854615632,0.0,0.9772737214538437,1.0,1.0,0.02272627854615632,0.04444254347011123,2
0.17158473934139218,18078,0,2070,759172,0.023258925699581857,0.0,0.9767410743004181,1.0,1.0,0.023258925699581857,0.045460489257262406,2
0.17337208037619833,18458,0,2070,758792,0.023747828883885495,0.0,0.9762521711161145,1.0,1.0,0.023747828883885495,0.04639390329115706,2
0.1751594214110045,18863,0,2070,758387,0.024268896751366998,0.0,0.975731103248633,1.0,1.0,0.024268896751366998,0.047387745207024635,2
0.17694676244581067,19240,0,2070,758010,0.02475394017368929,0.0,0.9752460598263107,1.0,1.0,0.02475394017368929,0.04831196876294743,2
0.17873410348061683,19674,0,2070,757576,0.025312319073657125,0.0,0.9746876809263428,1.0,1.0,0.025312319073657125,0.04937484628396184,2
0.180521444515423,20114,0,2070,757136,0.02587841749758765,0.0,0.9741215825024123,1.0,1.0,0.02587841749758765,0.050451236825339495,2
0.18230878555022917,20486,0,2070,756764,0.026357027983274366,0.0,0.9736429720167257,1.0,1.0,0.026357027983274366,0.05136034978990544,2
0.18409612658503535,20923,0,2070,756327,0.026919266645223545,0.0,0.9730807333547764,1.0,1.0,0.026919266645223545,0.05242723068808391,2
0.1858834676198415,21351,0,2070,755899,0.02746992602122869,0.0,0.9725300739787713,1.0,1.0,0.02746992602122869,0.05347100742423312,2
0.1876708086546477,21781,0,2070,755469,0.028023158571888068,0.0,0.9719768414281119,1.0,1.0,0.028023158571888068,0.0545185355762167,2
0.18945814968945385,22204,0,2070,755046,0.028567385011257638,0.0,0.9714326149887423,1.0,1.0,0.028567385011257638,0.05554791144956433,2
0.19124549072426,22628,0,2070,754622,0.029112898037954325,0.0,0.9708871019620456,1.0,1.0,0.029112898037954325,0.05657862824080673,2
0.1930328317590662,23047,1,2069,754203,0.029651978128015438,0.0004830917874396135,0.9703480218719845,0.9995169082125603,0.9999566122874002,0.029651978128015438,0.05759604547306129,2
0.19482017279387234,23520,1,2069,753730,0.030260533933740754,0.0004830917874396135,0.9697394660662593,0.9995169082125603,0.9999574848008163,0.030260533933740754,0.058743386061683056,2
0.19660751382867853,23951,1,2069,753299,0.030815053071727244,0.0004830917874396135,0.9691849469282727,0.9995169082125603,0.9999582498329993,0.030815053071727244,0.0597876690272865,2
0.19839485486348468,24358,1,2069,752892,0.03133869411386298,0.0004830917874396135,0.968661305886137,0.9995169082125603,0.9999589474116343,0.03133869411386298,0.0607727707647993,2
0.20018219589829087,24804,1,2069,752446,0.031912512061756194,0.0004830917874396135,0.9680874879382438,0.9995169082125603,0.9999596855472687,0.031912512061756194,0.061851119935665264,2
0.20196953693309702,25289,1,2069,751961,0.03253650691540688,0.0004830917874396135,0.9674634930845931,0.9995169082125603,0.9999604586793199,0.03253650691540688,0.06302240386771998,2
0.2037568779679032,25738,1,2069,751512,0.03311418462528144,0.0004830917874396135,0.9668858153747185,0.9995169082125603,0.9999611484517658,0.03311418462528144,0.06410548587838687,2
0.20554421900270936,26192,1,2069,751058,0.03369829527179157,0.0004830917874396135,0.9663017047282084,0.9995169082125603,0.9999618218608025,0.03369829527179157,0.06519939809046814,2
0.20733156003751554,26648,1,2069,750602,0.034284979092955935,0.0004830917874396135,0.9657150209070441,0.9995169082125603,0.9999624751397801,0.034284979092955935,0.06629688555403104,2
0.2091189010723217,27148,1,2069,750102,0.03492827275651335,0.0004830917874396135,0.9650717272434867,0.9995169082125603,0.9999631662308004,0.03492827275651335,0.06749884074942906,2
0.21090624210712786,27637,1,2069,749613,0.0355574139594725,0.0004830917874396135,0.9644425860405275,0.9995169082125603,0.999963817931833,0.0355574139594725,0.0686729085288885,2
0.21269358314193404,28141,1,2069,749109,0.03620585397233837,0.0004830917874396135,0.9637941460276617,0.9995169082125603,0.99996446592282,0.03620585397233837,0.06988149869877029,2
0.2144809241767402,28624,1,2069,748626,0.03682727565133483,0.0004830917874396135,0.9631727243486652,0.9995169082125603,0.9999650655021834,0.03682727565133483,0.07103831239336125,2
0.21626826521154638,29142,1,2069,748108,0.03749372788678031,0.0004830917874396135,0.9625062721132197,0.9995169082125603,0.9999656864427136,0.03749372788678031,0.07227741312238573,2
0.21805560624635253,29689,1,2069,747561,0.038197491154712125,0.0004830917874396135,0.9618025088452878,0.9995169082125603,0.9999663186258,0.038197491154712125,0.07358415743425781,2
0.21984294728115872,30180,2,2068,747070,0.03882920553232551,0.000966183574879227,0.9611707944676745,0.9990338164251208,0.9999337353389437,0.03882920553232551,0.07475552120797789,2
0.22163028831596487,30698,2,2068,746552,0.03949565776777099,0.000966183574879227,0.960504342232229,0.9990338164251208,0.9999348534201954,0.03949565776777099,0.0759898508571075,2
0.22341762935077106,31198,2,2068,746052,0.0401389514313284,0.000966183574879227,0.9598610485686716,0.9990338164251208,0.9999358974358974,0.0401389514313284,0.07717978848413631,2
0.2252049703855772,31740,2,2068,745510,0.04083628176262464,0.000966183574879227,0.9591637182373753,0.9990338164251208,0.9999369919979837,0.04083628176262464,0.07846801946125548,2
0.2269923114203834,32246,3,2067,745004,0.04148729495014474,0.0014492753623188406,0.9585127050498553,0.9985507246376811,0.9999069738596545,0.04148729495014474,0.07966902985673856,2
0.22877965245518955,32754,3,2067,744496,0.04214088131231907,0.0014492753623188406,0.9578591186876809,0.9985507246376811,0.9999084165216595,0.04214088131231907,0.08087337516836274,2
0.2305669934899957,33323,3,2067,743927,0.04287294950144741,0.0014492753623188406,0.9571270504985526,0.9985507246376811,0.999909980195643,0.04287294950144741,0.08222054440299244,2
0.2323543345248019,33855,3,2067,743395,0.0435574139594725,0.0014492753623188406,0.9564425860405275,0.9985507246376811,0.9999113946482368,0.0435574139594725,0.08347840238291324,2
0.23414167555960805,34404,3,2067,742846,0.04426375040205854,0.0014492753623188406,0.9557362495979415,0.9985507246376811,0.999912808440143,0.04426375040205854,0.08477472626984059,2
0.23592901659441423,34954,4,2066,742296,0.044971373431971697,0.001932367149758454,0.9550286265680283,0.9980676328502416,0.999885576978088,0.044971373431971697,0.08607154817485176,2
0.2377163576292204,35528,4,2066,741722,0.045709874557735605,0.001932367149758454,0.9542901254422644,0.9980676328502416,0.9998874254193403,0.045709874557735605,0.0874231958877042,2
0.23950369866402657,36109,4,2066,741141,0.046457381794789324,0.001932367149758454,0.9535426182052107,0.9980676328502416,0.9998892365630105,0.046457381794789324,0.08878938432163745,2
0.24129103969883273,36656,4,2066,740594,0.047161145062721135,0.001932367149758454,0.9528388549372788,0.9980676328502416,0.9998908892525914,0.047161145062721135,0.090073841088081,2
0.2430783807336389,37185,5,2065,740065,0.04784174975876487,0.0024154589371980675,0.9521582502412351,0.9975845410628019,0.9998655552567894,0.04784174975876487,0.09131427729482834,2
0.24486572176844507,37789,6,2064,739461,0.048618848504342234,0.002898550724637681,0.9513811514956577,0.9971014492753624,0.9998412488424395,0.048618848504342234,0.09272862234600544,2
0.24665306280325125,38368,6,2064,738882,0.04936378256674172,0.002898550724637681,0.9506362174332583,0.9971014492753624,0.9998436441340491,0.04936378256674172,0.09408256745755396,2
0.2484404038380574,38905,6,2064,738345,0.05005467996140238,0.002898550724637681,0.9499453200385977,0.9971014492753624,0.9998458019583152,0.05005467996140238,0.09533658187538979,2
0.2502277448728636,39521,6,2064,737729,0.05084721775490511,0.002898550724637681,0.9491527822450949,0.9971014492753624,0.9998482050244137,0.05084721775490511,0.09677304821267003,2
0.25201508590766974,40173,6,2064,737077,0.05168607269218398,0.002898550724637681,0.948313927307816,0.9971014492753624,0.9998506682595386,0.05168607269218398,0.09829110540487307,2
0.2538024269424759,40757,6,2064,736493,0.05243743969121904,0.002898550724637681,0.9475625603087809,0.9971014492753624,0.9998528076932512,0.05243743969121904,0.09964878308779936,2
0.25558976797728206,41325,7,2063,735925,0.05316822129302026,0.003381642512077295,0.9468317787069798,0.9966183574879227,0.9998306396980547,0.05316822129302026,0.10096728244696317,2
0.25737710901208827,41965,7,2063,735285,0.05399163718237376,0.003381642512077295,0.9460083628176262,0.9966183574879227,0.9998332221480988,0.05399163718237376,0.10245086191532944,2
0.2591644500468944,42571,9,2061,734679,0.05477130910260534,0.004347826086956522,0.9452286908973947,0.9956521739130435,0.9997886331611086,0.05477130910260534,0.10385323786638694,2
0.2609517910817006,43202,10,2060,734048,0.055583145706014796,0.004830917874396135,0.9444168542939853,0.9951690821256038,0.9997685828010737,0.055583145706014796,0.10531139772469657,2
0.26273913211650674,43844,10,2060,733406,0.05640913477002252,0.004830917874396135,0.9435908652299775,0.9951690821256038,0.9997719706298172,0.05640913477002252,0.10679280578343306,2
0.26452647315131295,44481,10,2060,732769,0.05722869089739466,0.004830917874396135,0.9427713091026053,0.9951690821256038,0.9997752354408757,0.05722869089739466,0.10826038861393067,2
0.2663138141861191,45114,10,2060,732136,0.05804310067545835,0.004830917874396135,0.9419568993245416,0.9951690821256038,0.9997783884407411,0.05804310067545835,0.10971650368323901,2
0.26810115522092526,45768,12,2058,731482,0.05888452878739144,0.005797101449275362,0.9411154712126085,0.9942028985507246,0.999737876802097,0.05888452878739144,0.11121830309952249,2
0.2698884962557314,46434,13,2057,730816,0.05974139594724992,0.006280193236714976,0.9402586040527501,0.993719806763285,0.9997201110943656,0.05974139594724992,0.11274534203718115,2
0.27167583729053757,47087,13,2057,730163,0.0605815374718559,0.006280193236714976,0.9394184625281441,0.993719806763285,0.999723991507431,0.0605815374718559,0.11424031054770425,2
0.2734631783253438,47766,15,2055,729484,0.06145513026696687,0.007246376811594203,0.9385448697330331,0.9927536231884058,0.9996860676838074,0.06145513026696687,0.11579201266376657,2
0.27525051936014994,48462,15,2055,728788,0.06235059504663879,0.007246376811594203,0.9376494049533612,0.9927536231884058,0.9996905749118139,0.06235059504663879,0.11738019950903872,2
0.2770378603949561,49118,15,2055,728132,0.06319459633322612,0.007246376811594203,0.9368054036667739,0.9927536231884058,0.9996947062056052,0.06319459633322612,0.11887466223288717,2
0.27882520142976225,49801,15,2055,727449,0.06407333547764554,0.007246376811594203,0.9359266645223544,0.9927536231884058,0.999698891922274,0.06407333547764554,0.12042811577310639,2
0.28061254246456846,50522,18,2052,726728,0.06500096494049534,0.008695652173913044,0.9349990350595047,0.991304347826087,0.9996438464582509,0.06500096494049534,0.1220647748825185,2
0.2823998834993746,51199,18,2052,726051,0.06587198456095207,0.008695652173913044,0.9341280154390479,0.991304347826087,0.9996485541909913,0.06587198456095207,0.12359937088622722,2
0.28418722453418077,51874,18,2052,725376,0.06674043100675459,0.008695652173913044,0.9332595689932455,0.991304347826087,0.9996531257226547,0.06674043100675459,0.12512693844962625,2
0.2859745655689869,52576,18,2052,724674,0.06764361531038919,0.008695652173913044,0.9323563846896108,0.991304347826087,0.9996577556375252,0.06764361531038919,0.12671297255869776,2
0.2877619066037931,53297,18,2052,723953,0.06857124477323899,0.008695652173913044,0.931428755226761,0.991304347826087,0.9996623839444809,0.06857124477323899,0.12833914263182292,2
0.2895492476385993,54082,20,2050,723168,0.06958121582502412,0.00966183574879227,0.9304187841749759,0.9903381642512077,0.9996303278991534,0.06958121582502412,0.1301061403593183,2
0.29133658867340545,54743,20,2050,722507,0.07043165004824703,0.00966183574879227,0.929568349951753,0.9903381642512077,0.9996347899128974,0.07043165004824703,0.13159169387978314,2
0.2931239297082116,55479,20,2050,721771,0.07137857832100354,0.00966183574879227,0.9286214216789964,0.9903381642512077,0.9996396331465431,0.07137857832100354,0.1332430300126449,2
0.29491127074301776,56196,21,2049,721054,0.07230106143454487,0.010144927536231883,0.9276989385654552,0.9898550724637681,0.9996264475158759,0.07230106143454487,0.13484877025725073,2
0.296698611777824,56898,22,2048,720352,0.07320424573817948,0.010628019323671498,0.9267957542618205,0.9893719806763285,0.9996134926212228,0.07320424573817948,0.13641823609096468,2
0.29848595281263013,57651,23,2047,719599,0.07417304599549694,0.011111111111111112,0.9258269540045031,0.9888888888888889,0.9996012067829525,0.07417304599549694,0.13809879701625535,2
0.3002732938474363,58396,23,2047,718854,0.0751315535541975,0.011111111111111112,0.9248684464458025,0.9888888888888889,0.9996062924733392,0.0751315535541975,0.13975868435947728,2
0.30206063488224244,59116,23,2047,718134,0.07605789642972016,0.011111111111111112,0.9239421035702798,0.9888888888888889,0.9996110857471381,0.07605789642972016,0.14136006092858705,2
0.30384797591704865,59900,23,2047,717350,0.07706658089417819,0.011111111111111112,0.9229334191058218,0.9888888888888889,0.9996161740900823,0.07706658089417819,0.14310064944760517,2
0.3056353169518548,60615,23,2047,716635,0.07798649083306529,0.011111111111111112,0.9220135091669347,0.9888888888888889,0.9996206998911573,0.07798649083306529,0.14468520852428962,2
0.30742265798666096,61367,24,2046,715883,0.07895400450305565,0.011594202898550725,0.9210459954969443,0.9884057971014493,0.9996090632177355,0.07895400450305565,0.14634867601273965,2
0.3092099990214671,62157,24,2046,715093,0.07997040849147635,0.011594202898550725,0.9200295915085236,0.9884057971014493,0.9996140300091668,0.07997040849147635,0.14809317263717922,2
0.3109973400562733,62977,25,2045,714273,0.08102541009971052,0.012077294685990338,0.9189745899002895,0.9879227053140096,0.9996031872004063,0.08102541009971052,0.14990026801483364,2
0.3127846810910795,63782,27,2043,713468,0.08206111289803796,0.013043478260869565,0.917938887101962,0.9869565217391304,0.9995768621981225,0.08206111289803796,0.15167069135458985,2
0.31457202212588564,64606,27,2043,712644,0.08312126085558057,0.013043478260869565,0.9168787391444194,0.9869565217391304,0.999582256741912,0.08312126085558057,0.15347975906390793,2
0.3163593631606918,65367,27,2043,711883,0.08410035381151496,0.013043478260869565,0.9158996461884851,0.9869565217391304,0.999587118084228,0.08410035381151496,0.15514736947038132,2
0.31814670419549795,66159,28,2042,711091,0.0851193309745899,0.01352657004830918,0.9148806690254101,0.9864734299516909,0.999576956199858,0.0851193309745899,0.15687952982854678,2
0.31993404523030416,66958,28,2042,710292,0.08614731424895465,0.01352657004830918,0.9138526857510454,0.9864734299516909,0.9995820022094168,0.08614731424895465,0.1586238918975263,2
0.3217213862651103,67789,28,2042,709461,0.08721646831778707,0.01352657004830918,0.9127835316822129,0.9864734299516909,0.9995871241724051,0.08721646831778707,0.16043461642686319,2
0.3235087272999165,68603,28,2042,708647,0.08826375040205854,0.01352657004830918,0.9117362495979414,0.9864734299516909,0.9995920210983374,0.08826375040205854,0.16220484914544717,2
0.32529606833472263,69407,29,2041,707843,0.08929816661305887,0.014009661835748793,0.9107018333869411,0.9859903381642512,0.9995823492136644,0.08929816661305887,0.16394979957150585,2
0.3270834093695288,70230,30,2040,707020,0.09035702798327437,0.014492753623188406,0.9096429720167256,0.9855072463768116,0.9995730145175064,0.09035702798327437,0.16573255772793244,2
0.328870750404335,71078,31,2039,706172,0.09144805403666774,0.01497584541062802,0.9085519459633322,0.985024154589372,0.9995640495577213,0.09144805403666774,0.16756585360678675,2
0.33065809143914116,71876,31,2039,705374,0.09247475072370537,0.01497584541062802,0.9075252492762946,0.985024154589372,0.999568887590916,0.09247475072370537,0.1692878937581625,2
0.3324454324739473,72751,31,2039,704499,0.09360051463493084,0.01497584541062802,0.9063994853650692,0.985024154589372,0.9995740705119398,0.09360051463493084,0.1711723793927758,2
0.33423277350875347,73613,31,2039,703637,0.09470955291090383,0.01497584541062802,0.9052904470890961,0.985024154589372,0.999579055999131,0.09470955291090383,0.1730250771541461,2
0.3360201145435597,74476,32,2038,702774,0.09581987777420392,0.015458937198067632,0.904180122225796,0.9845410628019323,0.9995705159177538,0.09581987777420392,0.17487596242125109,2
0.33780745557836583,75304,32,2038,701946,0.096885172081055,0.015458937198067632,0.903114827918945,0.9845410628019323,0.9995752362748221,0.096885172081055,0.17664845540508525,2
0.339594796613172,76178,32,2038,701072,0.09800964940495337,0.015458937198067632,0.9019903505950466,0.9845410628019323,0.9995801075974282,0.09800964940495337,0.17851568907740256,2
0.34138213764797815,77036,32,2038,700214,0.09911354133161789,0.015458937198067632,0.9008864586683821,0.9845410628019323,0.999584782270203,0.09911354133161789,0.18034502374993855,2
0.34316947868278436,77923,33,2037,699327,0.10025474429076874,0.015942028985507246,0.8997452557092313,0.9840579710144928,0.9995766842834419,0.10025474429076874,0.18223211717410778,2
0.3449568197175905,78832,35,2035,698418,0.10142425217111611,0.016908212560386472,0.8985757478288838,0.9830917874396136,0.9995562148934282,0.10142425217111611,0.18416174424757364,2
0.34674416075239667,79730,40,2030,697520,0.10257960759086523,0.01932367149758454,0.8974203924091347,0.9806763285024155,0.9994985583552715,0.10257960759086523,0.1860633357447901,2
0.3485315017872028,80628,40,2030,696622,0.10373496301061434,0.01932367149758454,0.8962650369893856,0.9806763285024155,0.999504140427431,0.10373496301061434,0.18796201968020254,2
0.350318842822009,81564,40,2030,695686,0.10493920874879382,0.01932367149758454,0.8950607912512062,0.9806763285024155,0.9995098279496103,0.10493920874879382,0.18993682278943802,2
0.3521061838568152,82446,40,2030,694804,0.1060739787713091,0.01932367149758454,0.8939260212286909,0.9806763285024155,0.9995150692238683,0.1060739787713091,0.19179375994491332,2
0.35389352489162135,83390,40,2030,693860,0.1072885172081055,0.01932367149758454,0.8927114827918945,0.9806763285024155,0.9995205561548604,0.1072885172081055,0.1937770135241902,2
0.3556808659264275,84354,42,2028,692896,0.1085287873914442,0.020289855072463767,0.8914712126085558,0.9797101449275363,0.9995023460827528,0.1085287873914442,0.19579734600984627,2
0.35746820696123366,85283,42,2028,691967,0.10972402701833386,0.020289855072463767,0.8902759729816662,0.9797101449275363,0.9995077644301201,0.10972402701833386,0.19774048633452165,2
0.35925554799603987,86220,43,2027,691030,0.11092955934384047,0.02077294685990338,0.8890704406561596,0.9792270531400966,0.9995015244079153,0.11092955934384047,0.19969589340287874,2
0.361042889030846,87207,43,2027,690043,0.1121994210357028,0.02077294685990338,0.8878005789642972,0.9792270531400966,0.9995071633237822,0.1121994210357028,0.20175130133024866,2
0.3628302300656522,88180,45,2025,689070,0.11345127050498553,0.021739130434782608,0.8865487294950145,0.9782608695652174,0.9994899404930575,0.11345127050498553,0.20377249487275775,2
0.36461757110045834,89162,47,2023,688088,0.11471469926021229,0.022705314009661835,0.8852853007397877,0.9772946859903382,0.9994731473281844,0.11471469926021229,0.205807776247924,2
0.3664049121352645,90120,47,2023,687130,0.1159472499195883,0.022705314009661835,0.8840527500804117,0.9772946859903382,0.9994787449953975,0.1159472499195883,0.20778933315810041,2
0.3681922531700707,91098,49,2021,686152,0.1172055323255066,0.023671497584541065,0.8827944676744934,0.976328502415459,0.9994624068811919,0.1172055323255066,0.20980726557093127,2
0.36997959420487686,92069,49,2021,685181,0.11845480862013509,0.023671497584541065,0.8815451913798649,0.976328502415459,0.999468073557828,0.11845480862013509,0.21180673776812584,2
0.371766935239683,93058,49,2021,684192,0.11972724348665166,0.023671497584541065,0.8802727565133484,0.976328502415459,0.9994737237801669,0.11972724348665166,0.2138386891815657,2
0.37355427627448917,94003,49,2021,683247,0.12094306851077517,0.023671497584541065,0.8790569314892248,0.976328502415459,0.9994790116105984,0.12094306851077517,0.2157759307335459,2
0.3753416173092954,95068,49,2021,682182,0.12231328401415247,0.023671497584541065,0.8776867159858476,0.976328502415459,0.9994848449803926,0.12231328401415247,0.21795414086044063,2
0.37712895834410154,96105,49,2021,681145,0.12364747507237053,0.023671497584541065,0.8763525249276295,0.976328502415459,0.9994904008153587,0.12364747507237053,0.2200699790703958,2
0.3789162993789077,97142,50,2020,680108,0.12498166613058861,0.024154589371980676,0.8750183338694114,0.9758454106280193,0.9994855543666146,0.12498166613058861,0.22218054485031596,2
0.38070364041371385,98110,50,2020,679140,0.12622708266323576,0.024154589371980676,0.8737729173367642,0.9758454106280193,0.9994906275468622,0.12622708266323576,0.2241463999725843,2
0.38249098144852,99155,51,2019,678095,0.12757156642007075,0.02463768115942029,0.8724284335799293,0.9753623188405797,0.999485918190432,0.12757156642007075,0.22626349754009326,2
0.3842783224833262,100191,51,2019,677059,0.12890447089096171,0.02463768115942029,0.8710955291090383,0.9753623188405797,0.9994912312204465,0.12890447089096171,0.22835763744854654,2
0.3860656635181324,101290,52,2018,675960,0.1303184303634609,0.025120772946859903,0.8696815696365391,0.9748792270531401,0.999486885990014,0.1303184303634609,0.230573462995338,2
0.38785300455293853,102347,53,2017,674903,0.1316783531682213,0.025603864734299518,0.8683216468317787,0.9743961352657005,0.999482421875,0.1316783531682213,0.23269936906724265,2
0.3896403455877447,103420,54,2016,673830,0.1330588613702155,0.02608695652173913,0.8669411386297845,0.9739130434782609,0.9994781297717301,0.1330588613702155,0.2348522352064892,2
0.3914276866225509,104465,54,2016,672785,0.1344033451270505,0.02608695652173913,0.8655966548729495,0.9739130434782609,0.9994833475253303,0.1344033451270505,0.236944142967149,2
0.39321502765735705,105564,55,2015,671686,0.1358173045995497,0.026570048309178744,0.8641826954004503,0.9734299516908212,0.9994792603603518,0.1358173045995497,0.23913853584167072,2
0.3950023686921632,106686,56,2014,670564,0.13726085558057252,0.02705314009661836,0.8627391444194275,0.9729468599033816,0.9994753705195706,0.13726085558057252,0.24137322509705972,2
0.39678970972696936,107800,56,2014,669450,0.13869411386297845,0.02705314009661836,0.8613058861370215,0.9729468599033816,0.9994807892004154,0.13869411386297845,0.2435866438596055,2
0.3985770507617756,108854,56,2014,668396,0.14005017690575747,0.02705314009661836,0.8599498230942425,0.9729468599033816,0.9994858139748416,0.14005017690575747,0.24567572447413555,2
0.40036439179658173,109920,56,2014,667330,0.14142167899646188,0.02705314009661836,0.8585783210035381,0.9729468599033816,0.9994907979922892,0.14142167899646188,0.24778354105943692,2
0.4021517328313879,111066,56,2014,666184,0.14289610807333547,0.02705314009661836,0.8571038919266645,0.9729468599033816,0.9994960493871601,0.14289610807333547,0.2500439005281571,2
0.40393907386619404,112204,56,2014,665046,0.14436024445159215,0.02705314009661836,0.8556397555484079,0.9729468599033816,0.999501158026011,0.14436024445159215,0.25228271745118097,2
0.4057264149010002,113356,56,2014,663894,0.14584239305242844,0.02705314009661836,0.8541576069475716,0.9729468599033816,0.9995062250908193,0.14584239305242844,0.254543249852357,2
0.4075137559358064,114467,57,2013,662783,0.147271791572853,0.02753623188405797,0.852728208427147,0.972463768115942,0.9995022877300828,0.147271791572853,0.2567175091446936,2
0.40930109697061257,115580,57,2013,661670,0.1487037632679318,0.02753623188405797,0.8512962367320682,0.972463768115942,0.9995070781843182,0.1487037632679318,0.2588905427002521,2
0.4110884380054187,116742,57,2013,660508,0.15019877774203924,0.02753623188405797,0.8498012222579607,0.972463768115942,0.9995119821231346,0.15019877774203924,0.26115347145402545,2
0.4128757790402249,117875,57,2013,659375,0.15165648118366035,0.02753623188405797,0.8483435188163396,0.972463768115942,0.9995166706237493,0.15165648118366035,0.2633542676237905,2
0.4146631200750311,119042,57,2013,658208,0.15315792859440336,0.02753623188405797,0.8468420714055966,0.972463768115942,0.9995214065609282,0.15315792859440336,0.2656152904727958,2
0.41645046110983724,120178,58,2012,657072,0.1546194917980058,0.028019323671497585,0.8453805082019942,0.9719806763285024,0.9995176153564657,0.1546194917980058,0.2678103056760774,2
0.4182378021446434,121370,58,2012,655880,0.15615310389192666,0.028019323671497585,0.8438468961080733,0.9719806763285024,0.999522350693415,0.15615310389192666,0.2701078695595085,2
0.42002514317944956,122534,59,2011,654716,0.15765069154068834,0.028502415458937197,0.8423493084593117,0.9714975845410628,0.9995187327172025,0.15765069154068834,0.27234528690004817,2
0.4218124842142557,123695,59,2011,653555,0.15914441942746865,0.028502415458937197,0.8408555805725314,0.9714975845410628,0.9995232477334066,0.15914441942746865,0.2745714780400531,2
0.4235998252490619,124852,59,2011,652398,0.1606330009649405,0.028502415458937197,0.8393669990350595,0.9714975845410628,0.999527663696552,0.1606330009649405,0.2767842990330994,2
0.4253871662838681,126034,59,2011,651216,0.16215374718559022,0.028502415458937197,0.8378462528144098,0.9714975845410628,0.9995320913928608,0.16215374718559022,0.27903908039360464,2
0.42717450731867423,127257,59,2011,649993,0.16372724348665166,0.028502415458937197,0.8362727565133483,0.9714975845410628,0.9995365861321437,0.16372724348665166,0.2813658704837458,2
0.4289618483534804,128521,59,2011,648729,0.1653534898681248,0.028502415458937197,0.8346465101318752,0.9714975845410628,0.9995411417016643,0.1653534898681248,0.2837640616892794,2
0.4307491893882866,129721,59,2011,647529,0.16689739466066258,0.028502415458937197,0.8331026053393374,0.9714975845410628,0.9995453844968408,0.16689739466066258,0.2860346405300817,2
0.43253653042309276,130966,60,2010,646284,0.16849919588292056,0.028985507246376812,0.8315008041170795,0.9710144927536232,0.9995420756185796,0.16849919588292056,0.28838370715509387,2
0.4343238714578989,132232,60,2010,645018,0.17012801543904793,0.028985507246376812,0.8298719845609521,0.9710144927536232,0.9995464578356968,0.17012801543904793,0.29076612185033784,2
0.43611121249270507,133485,60,2010,643765,0.17174010935992282,0.028985507246376812,0.8282598906400772,0.9710144927536232,0.9995507132427272,0.17174010935992282,0.2931175511503687,2
0.4378985535275113,134740,60,2010,642510,0.17335477645545191,0.028985507246376812,0.8266452235445481,0.9710144927536232,0.9995548961424332,0.17335477645545191,0.2954662573323831,2
0.43968589456231744,136118,60,2010,641132,0.17512769379221615,0.028985507246376812,0.8248723062077838,0.9710144927536232,0.9995594001968012,0.17512769379221615,0.2980377216376113,2
0.4414732355971236,137333,60,2010,639917,0.17669089739466065,0.028985507246376812,0.8233091026053393,0.9710144927536232,0.9995632965289353,0.17669089739466065,0.30029858644301655,2
0.44326057663192975,138622,61,2009,638628,0.17834930845931168,0.029468599033816423,0.8216506915406884,0.9705314009661836,0.9995601479633408,0.17834930845931168,0.3026902622790095,2
0.4450479176667359,139911,61,2009,637339,0.1800077195239627,0.029468599033816423,0.8199922804760373,0.9705314009661836,0.9995641985539965,0.1800077195239627,0.30507554332538905,2
0.4468352587015421,141179,61,2009,636071,0.1816391122547443,0.029468599033816423,0.8183608877452557,0.9705314009661836,0.9995681110167092,0.1816391122547443,0.30741543185010184,2
0.44862259973634827,142491,61,2009,634759,0.18332711482791894,0.029468599033816423,0.816672885172081,0.9705314009661836,0.999572085975644,0.18332711482791894,0.3098297242232567,2
0.4504099407711544,143850,61,2009,633400,0.185075587005468,0.029468599033816423,0.814924412994532,0.9705314009661836,0.9995761269117719,0.185075587005468,0.3123232529384114,2
0.4521972818059606,145226,61,2009,632024,0.186845931167578,0.029468599033816423,0.813154068832422,0.9705314009661836,0.9995801413753467,0.186845931167578,0.3148404887825637,2
0.4539846228407668,146565,63,2007,630685,0.18856867159858476,0.030434782608695653,0.8114313284014153,0.9695652173913043,0.9995703412717898,0.18856867159858476,0.3172821519724466,2
0.45577196387557295,147878,63,2007,629372,0.19025796075908652,0.030434782608695653,0.8097420392409135,0.9695652173913043,0.9995741545616158,0.19025796075908652,0.31967020863800016,2
0.4575593049103791,149254,64,2006,627996,0.19202830492119652,0.030917874396135265,0.8079716950788035,0.9690821256038648,0.9995713845618077,0.19202830492119652,0.32216523773754324,2
0.45934664594518526,150596,64,2006,626654,0.19375490511418464,0.030917874396135265,0.8062450948858154,0.9690821256038648,0.9995752024425859,0.19375490511418464,0.3245918246381653,2
0.4611339869799914,152008,64,2006,625242,0.19557156642007076,0.030917874396135265,0.8044284335799292,0.9690821256038648,0.9995791467199747,0.19557156642007076,0.32713741846206157,2
0.46292132801479763,153376,64,2006,623874,0.19733161788356385,0.030917874396135265,0.8026683821164362,0.9690821256038648,0.9995828988529718,0.19733161788356385,0.32959632100914377,2
0.4647086690496038,154788,64,2006,622462,0.19914827918945,0.030917874396135265,0.80085172081055,0.9690821256038648,0.9995867021413996,0.19914827918945,0.3321267414939567,2
0.46649601008440994,156201,65,2005,621049,0.20096622708266323,0.03140096618357488,0.7990337729173368,0.9685990338164251,0.9995840425940383,0.20096622708266323,0.3346509326031905,2
0.4682833511192161,157632,65,2005,619618,0.20280733354776456,0.03140096618357488,0.7971926664522354,0.9685990338164251,0.999587817143002,0.20280733354776456,0.3371998626660121,2
0.4700706921540223,159038,65,2005,618212,0.204616275329688,0.03140096618357488,0.795383724670312,0.9685990338164251,0.9995914596204974,0.204616275329688,0.33969667422435773,2
0.47185803318882846,160453,66,2004,616797,0.2064367963975555,0.03188405797101449,0.7935632036024445,0.9681159420289855,0.9995888337206188,0.2064367963975555,0.34220154430355454,2
0.4736453742236346,161895,67,2003,615355,0.20829205532325507,0.0323671497584541,0.7917079446767449,0.9676328502415459,0.9995863227176746,0.20829205532325507,0.3447464470215457,2
0.4754327152584408,163339,67,2003,613911,0.21014988742360888,0.0323671497584541,0.7898501125763912,0.9676328502415459,0.9995899783361688,0.21014988742360888,0.3472874249459951,2
0.47722005629324693,164759,67,2003,612491,0.21197684142811193,0.0323671497584541,0.7880231585718881,0.9676328502415459,0.9995935107325301,0.21197684142811193,0.34977857412777735,2
0.47900739732805314,166278,67,2003,610972,0.21393116757799935,0.0323671497584541,0.7860688324220007,0.9676328502415459,0.9995972226396946,0.21393116757799935,0.3524351019240246,2
0.4807947383628593,167685,67,2003,609565,0.21574139594724992,0.0323671497584541,0.78425860405275,0.9676328502415459,0.9996006008870237,0.21574139594724992,0.354888137802883,2
0.48258207939766545,169129,67,2003,608121,0.21759922804760373,0.0323671497584541,0.7824007719523963,0.9676328502415459,0.9996040095510532,0.21759922804760373,0.3573980977255966,2
0.4843694204324716,170629,67,2003,606621,0.21952910903827597,0.0323671497584541,0.7804708909617241,0.9676328502415459,0.9996074893377701,0.21952910903827597,0.3599972994242288,2
0.4861567614672778,172177,68,2002,605073,0.22152074622064974,0.03285024154589372,0.7784792537793502,0.9671497584541063,0.9996052135040204,0.22152074622064974,0.3626706828366658,2
0.487944102502084,173741,68,2002,603509,0.22353296880025733,0.03285024154589372,0.7764670311997427,0.9671497584541063,0.9996087659442261,0.22353296880025733,0.3653632424486809,2
0.48973144353689013,175295,68,2002,601955,0.22553232550659377,0.03285024154589372,0.7744676744934063,0.9671497584541063,0.9996122329111614,0.22553232550659377,0.36802982953203456,2
0.4915187845716963,176852,68,2002,600398,0.22753554197491155,0.03285024154589372,0.7724644580250885,0.9671497584541063,0.9996156454894868,0.22753554197491155,0.3706928534747477,2
0.4933061256065025,178420,68,2002,598830,0.2295529109038276,0.03285024154589372,0.7704470890961724,0.9671497584541063,0.9996190220070817,0.2295529109038276,0.373365922459921,2
0.49509346664130865,180008,68,2002,597242,0.23159601157928594,0.03285024154589372,0.768403988420714,0.9671497584541063,0.9996223816610764,0.23159601157928594,0.3760641620513806,2
0.4968808076761148,181567,68,2002,595683,0.23360180122225796,0.03285024154589372,0.7663981987777421,0.9671497584541063,0.9996256228149861,0.23360180122225796,0.37870443275262416,2
0.49866814871092097,183124,68,2002,594126,0.23560501769057574,0.03285024154589372,0.7643949823094243,0.9671497584541063,0.9996288047512992,0.23560501769057574,0.3813327613744505,2
0.5004554897457272,184774,68,2002,592476,0.2377278867803152,0.03285024154589372,0.7622721132196848,0.9671497584541063,0.9996321182415252,0.2377278867803152,0.3841087962481758,2
0.5022428307805333,186392,68,2002,590858,0.239809585075587,0.03285024154589372,0.760190414924413,0.9671497584541063,0.9996353105223641,0.239809585075587,0.3868217617333015,2
0.5040301718153395,188035,68,2002,589215,0.24192344805403668,0.03285024154589372,0.7580765519459634,0.9671497584541063,0.9996384959304211,0.24192344805403668,0.38956733961566387,2
0.5058175128501456,189674,68,2002,587576,0.24403216468317787,0.03285024154589372,0.7559678353168221,0.9671497584541063,0.9996416186189668,0.24403216468317787,0.3922969373066168,2
0.5076048538849518,191213,68,2002,586037,0.2460122225796076,0.03285024154589372,0.7539877774203924,0.9671497584541063,0.9996445020676387,0.2460122225796076,0.39485158451304087,2
0.509392194919758,192791,68,2002,584459,0.24804245738179478,0.03285024154589372,0.7519575426182052,0.9671497584541063,0.9996474108027108,0.24804245738179478,0.3974625531770141,2
0.5111795359545641,194360,68,2002,582890,0.25006111289803795,0.03285024154589372,0.749938887101962,0.9671497584541063,0.9996502561359475,0.25006111289803795,0.40005022239877824,2
0.5129668769893704,196008,68,2002,581242,0.2521814088131232,0.03285024154589372,0.7478185911868768,0.9671497584541063,0.9996531956996266,0.2521814088131232,0.40275919887067646,2
0.5147542180241765,197652,69,2001,579598,0.2542965583789,0.03333333333333333,0.7457034416211,0.9666666666666667,0.9996510234117773,0.2542965583789,0.4054520595997215,2
0.5165415590589827,199301,69,2001,577949,0.2564181408813123,0.03333333333333333,0.7435818591186877,0.9666666666666667,0.9996539098159202,0.2564181408813123,0.40814441645675903,2
0.5183289000937888,201037,69,2001,576213,0.25865165648118366,0.03333333333333333,0.7413483435188163,0.9666666666666667,0.9996568973576124,0.25865165648118366,0.4109690133243932,2
0.520116241128595,202657,70,2000,574593,0.26073592795110967,0.033816425120772944,0.7392640720488903,0.966183574879227,0.999654708055661,0.26073592795110967,0.4135954211170262,2
0.5219035821634012,204365,70,2000,572885,0.2629334191058218,0.033816425120772944,0.7370665808941782,0.966183574879227,0.9996575928779319,0.2629334191058218,0.4163555519336651,2
0.5236909231982073,206028,72,1998,571222,0.2650730138308138,0.034782608695652174,0.7349269861691863,0.9652173913043478,0.999650655021834,0.2650730138308138,0.4190328977474958,2
0.5254782642330135,207808,72,1998,569442,0.26736313927307814,0.034782608695652174,0.7326368607269218,0.9652173913043478,0.9996536463344237,0.26736313927307814,0.42188949681767884,2
0.5272656052678196,209488,72,1998,567762,0.26952460598263106,0.034782608695652174,0.7304753940173689,0.9652173913043478,0.999656422981485,0.26952460598263106,0.4245761595443905,2
0.5290529463026259,211256,72,1998,565994,0.2717992923769701,0.034782608695652174,0.7282007076230299,0.9652173913043478,0.9996592973955178,0.2717992923769701,0.42739369073558187,2
0.530840287337432,213016,72,1998,564234,0.27406368607269216,0.034782608695652174,0.7259363139273078,0.9652173913043478,0.9996621114281423,0.27406368607269216,0.430188481104431,2
0.5326276283722382,214756,74,1996,562494,0.276302348021872,0.035748792270531404,0.723697651978128,0.9642512077294686,0.9996555415910254,0.276302348021872,0.4329408918635594,2
0.5344149694070444,216473,75,1995,560777,0.27851141846252814,0.036231884057971016,0.7214885815374719,0.9637681159420289,0.9996536564641557,0.27851141846252814,0.4356478882026327,2
0.5362023104418505,218257,75,1995,558993,0.280806690254101,0.036231884057971016,0.719193309745899,0.9637681159420289,0.9996564864518257,0.280806690254101,0.4384510768575567,2
0.5379896514766567,220067,75,1995,557183,0.28313541331617886,0.036231884057971016,0.7168645866838211,0.9637681159420289,0.9996593108084781,0.28313541331617886,0.4412848709434204,2
0.5397769925114628,221797,76,1994,555453,0.2853612093920875,0.03671497584541063,0.7146387906079125,0.9632850241545894,0.9996574617010632,0.2853612093920875,0.443983373418488,2
0.541564333546269,223620,78,1992,553630,0.2877066580894178,0.03768115942028986,0.7122933419105821,0.9623188405797102,0.999651315613014,0.2877066580894178,0.44681641803570216,2
0.5433516745810751,225442,78,1992,551808,0.290050820199421,0.03768115942028986,0.7099491798005789,0.9623188405797102,0.99965413267116,0.290050820199421,0.449638501351257,2
0.5451390156158814,227215,78,1992,550035,0.2923319395303956,0.03768115942028986,0.7076680604696044,0.9623188405797102,0.9996568306107095,0.2923319395303956,0.45237486100644775,2
0.5469263566506876,228938,78,1992,548312,0.2945487294950145,0.03768115942028986,0.7054512705049856,0.9623188405797102,0.9996594124427988,0.2945487294950145,0.4550248145122661,2
0.5487136976854937,230681,80,1990,546569,0.2967912512061756,0.03864734299516908,0.7032087487938243,0.961352657004831,0.9996533209684478,0.2967912512061756,0.4576954021335085,2
0.5505010387202999,232547,80,1990,544703,0.2991920231585719,0.03864734299516908,0.7008079768414281,0.961352657004831,0.9996561018282487,0.2991920231585719,0.46054519510791914,2
0.552288379755106,234291,80,1990,542959,0.30143583145706015,0.03864734299516908,0.6985641685429399,0.961352657004831,0.9996586608411451,0.30143583145706015,0.4631991625322131,2
0.5540757207899122,236134,81,1989,541116,0.3038070119009328,0.0391304347826087,0.6961929880990673,0.9608695652173913,0.999657092055966,0.3038070119009328,0.4659933988840266,2
0.5558630618247183,238050,81,1989,539200,0.3062721132196848,0.0391304347826087,0.6937278867803152,0.9608695652173913,0.9996598510903663,0.3062721132196848,0.4688880331619362,2
0.5576504028595245,239908,81,1989,537342,0.3086625924734641,0.0391304347826087,0.6913374075265358,0.9608695652173913,0.999662484530541,0.3086625924734641,0.4716846286860806,2
0.5594377438943307,241801,81,1989,535449,0.3110981022836925,0.0391304347826087,0.6889018977163075,0.9608695652173913,0.9996651259705146,0.3110981022836925,0.47452341796744674,2
0.5612250849291369,243676,81,1989,533574,0.31351045352203283,0.0391304347826087,0.6864895464779672,0.9608695652173913,0.9996677018506135,0.31351045352203283,0.4773248371460725,2
0.5630124259639431,245587,81,1989,531663,0.3159691219041492,0.0391304347826087,0.6840308780958507,0.9608695652173913,0.9996702867284303,0.3159691219041492,0.4801694759501739,2
0.5647997669987492,247459,82,1988,529791,0.3183776133805082,0.03961352657004831,0.6816223866194918,0.9603864734299516,0.9996687417437919,0.3183776133805082,0.4829453029934884,2
0.5665871080335554,249393,83,1987,527857,0.3208658732711483,0.04009661835748792,0.6791341267288518,0.9599033816425121,0.9996673026663887,0.3208658732711483,0.4858024438847366,2
0.5683744490683615,251299,83,1987,525951,0.32331810871662914,0.04009661835748792,0.6766818912833709,0.9599033816425121,0.9996698252062598,0.32331810871662914,0.4886081708521609,2
0.5701617901031677,253196,84,1986,524054,0.32575876487616595,0.04057971014492753,0.674241235123834,0.9594202898550724,0.9996683512318383,0.32575876487616595,0.49138986734981027,2
0.5719491311379739,255107,86,1984,522143,0.3282174332582824,0.04154589371980676,0.6717825667417175,0.9584541062801932,0.9996630001606627,0.3282174332582824,0.4941812768356219,2
0.57373647217278,257041,86,1984,520209,0.3307056931489225,0.04154589371980676,0.6692943068510775,0.9584541062801932,0.9996655349302096,0.3307056931489225,0.4969967429670228,2
0.5755238132075862,259027,87,1983,518223,0.33326085558057256,0.042028985507246375,0.6667391444194275,0.9579710144927536,0.9996642404501493,0.33326085558057256,0.4998764912714066,2
0.5773111542423924,260936,87,1983,516314,0.33571695078803476,0.042028985507246375,0.6642830492119652,0.9579710144927536,0.9996666960382802,0.33571695078803476,0.5026346635229848,2
0.5790984952771986,262871,87,1983,514379,0.33820649726600194,0.042028985507246375,0.6617935027339981,0.9579710144927536,0.9996691486853414,0.33820649726600194,0.5054200698321873,2
0.5808858363120047,264847,87,1983,512403,0.34074879382438084,0.042028985507246375,0.6592512061756192,0.9579710144927536,0.9996716163270852,0.34074879382438084,0.5082538208224268,2
0.5826731773468109,266798,87,1983,510452,0.3432589256995819,0.042028985507246375,0.6567410743004182,0.9579710144927536,0.9996740168986642,0.3432589256995819,0.5110411967801098,2
0.5844605183816171,268730,87,1983,508520,0.3457446124155677,0.042028985507246375,0.6542553875844322,0.9579710144927536,0.9996763597540335,0.3457446124155677,0.5137911816355931,2
0.5862478594164232,270680,87,1983,506570,0.3482534577034416,0.042028985507246375,0.6517465422965584,0.9579710144927536,0.9996786905346663,0.3482534577034416,0.5165565062398797,2
0.5880352004512294,272670,87,1983,504580,0.3508137664844001,0.042028985507246375,0.6491862335155999,0.9579710144927536,0.9996810347672104,0.3508137664844001,0.519367966118321,2
0.5898225414860355,274592,87,1983,502658,0.3532865873271148,0.042028985507246375,0.6467134126728852,0.9579710144927536,0.9996832666494344,0.3532865873271148,0.5220732577959158,2
0.5916098825208417,276574,87,1983,500676,0.35583660340945644,0.042028985507246375,0.6441633965905436,0.9579710144927536,0.9996855357278402,0.35583660340945644,0.5248526678248923,2
0.593397223555648,278561,87,1983,498689,0.35839305242843356,0.042028985507246375,0.6416069475715664,0.9579710144927536,0.9996877781286785,0.35839305242843356,0.5276286156427987,2
0.5951845645904541,280460,87,1983,496790,0.3608362817626246,0.042028985507246375,0.6391637182373754,0.9579710144927536,0.999689891533326,0.3608362817626246,0.5302718763619106,2
0.5969719056252603,282444,88,1982,494806,0.3633888710196205,0.04251207729468599,0.6366111289803795,0.957487922705314,0.9996885308566817,0.3633888710196205,0.5330228292233686,2
0.5987592466600664,284528,88,1982,492722,0.36607011900932773,0.04251207729468599,0.6339298809906723,0.957487922705314,0.9996908114793265,0.36607011900932773,0.53590189345925,2
0.6005465876948726,286583,88,1982,490667,0.3687140559665487,0.04251207729468599,0.6312859440334513,0.957487922705314,0.9996930278960899,0.3687140559665487,0.5387298493027208,2
0.6023339287296787,288548,88,1982,488702,0.37124220006432934,0.04251207729468599,0.6287577999356706,0.957487922705314,0.9996951177261326,0.37124220006432934,0.5414237545103322,2
0.6041212697644849,290532,88,1982,486718,0.3737947893213252,0.04251207729468599,0.6262052106786749,0.957487922705314,0.9996971990915973,0.3737947893213252,0.5441336492269659,2
0.605908610799291,292548,89,1981,484702,0.3763885493727887,0.042995169082125605,0.6236114506272114,0.9570048309178744,0.9996958689434351,0.3763885493727887,0.5468764458302606,2
0.6076959518340973,294508,89,1981,482742,0.37891026053393373,0.042995169082125605,0.6210897394660663,0.9570048309178744,0.9996978923750072,0.37891026053393373,0.5495336554564224,2
0.6094832928689035,296448,89,1981,480802,0.3814062399485365,0.042995169082125605,0.6185937600514635,0.9570048309178744,0.9996998688190681,0.3814062399485365,0.5521541981789685,2
0.6112706339037096,298410,89,1981,478840,0.3839305242843358,0.042995169082125605,0.6160694757156642,0.9570048309178744,0.9997018415472079,0.3839305242843358,0.5547948452659496,2
0.6130579749385158,300360,89,1981,476890,0.3864393695722097,0.042995169082125605,0.6135606304277903,0.9570048309178744,0.9997037766809009,0.3864393695722097,0.5574098147998653,2
0.6148453159733219,302352,89,1981,474898,0.3890022515278225,0.042995169082125605,0.6109977484721776,0.9570048309178744,0.999705727728714,0.3890022515278225,0.5600713537484336,2
0.6166326570081281,304306,89,1981,472944,0.39151624316500483,0.042995169082125605,0.6084837568349952,0.9570048309178744,0.9997076167479755,0.39151624316500483,0.5626725959071599,2
0.6184199980429342,306286,89,1981,470964,0.3940636860726922,0.042995169082125605,0.6059363139273078,0.9570048309178744,0.9997095063239494,0.3940636860726922,0.565298881070481,2
0.6202073390777404,308341,89,1981,468909,0.39670762302991314,0.042995169082125605,0.6032923769700869,0.9570048309178744,0.9997114418182408,0.39670762302991314,0.5680145162478816,2
0.6219946801125465,310331,89,1981,466919,0.39926793181087167,0.042995169082125605,0.6007320681891284,0.9570048309178744,0.9997132916693512,0.39926793181087167,0.5706344755302619,2
0.6237820211473528,312373,89,1981,464877,0.40189514313284014,0.042995169082125605,0.5981048568671599,0.9570048309178744,0.9997151653641083,0.40189514313284014,0.57331294874242,2
0.625569362182159,314417,89,1981,462833,0.40452492762946285,0.042995169082125605,0.5954750723705371,0.9570048309178744,0.9997170165275067,0.40452492762946285,0.5759840110793987,2
0.6273567032169651,316426,89,1981,460824,0.40710968156963656,0.042995169082125605,0.5928903184303634,0.9570048309178744,0.999718812694501,0.40710968156963656,0.5785996077768076,2
0.6291440442517713,318494,89,1981,458756,0.40977034416211,0.042995169082125605,0.59022965583789,0.9570048309178744,0.999720637949922,0.40977034416211,0.5812820019108751,2
0.6309313852865774,320485,89,1981,456765,0.41233193953039565,0.042995169082125605,0.5876680604696044,0.9570048309178744,0.999722372993443,0.41233193953039565,0.5838549712886583,2
0.6327187263213836,322545,89,1981,454705,0.4149823094242522,0.042995169082125605,0.5850176905757478,0.9570048309178744,0.9997241456263134,0.4149823094242522,0.5865073044066466,2
0.6345060673561898,324553,89,1981,452697,0.4175657767770987,0.042995169082125605,0.5824342232229013,0.9570048309178744,0.999725851861435,0.4175657767770987,0.5890831406344723,2
0.6362934083909959,326589,89,1981,450661,0.4201852685751045,0.042995169082125605,0.5798147314248955,0.9570048309178744,0.9997275604723918,0.4201852685751045,0.5916853273039546,2
0.6380807494258021,328504,90,1980,448746,0.42264908330652945,0.043478260869565216,0.5773509166934706,0.9565217391304348,0.9997261057718644,0.42264908330652945,0.5941235834349149,2
0.6398680904606083,330535,90,1980,446715,0.42526214216789965,0.043478260869565216,0.5747378578321004,0.9565217391304348,0.9997277882797732,0.42526214216789965,0.5967008913460454,2
0.6416554314954145,332477,90,1980,444773,0.42776069475715667,0.043478260869565216,0.5722393052428434,0.9565217391304348,0.9997293778396533,0.42776069475715667,0.5991564375027595,2
0.6434427725302206,334465,90,1980,442785,0.4303184303634609,0.043478260869565216,0.569681569636539,0.9565217391304348,0.9997309859365425,0.4303184303634609,0.6016612625415427,2
0.6452301135650268,336546,90,1980,440704,0.43299581859118685,0.043478260869565216,0.5670041814088131,0.9565217391304348,0.9997326489145546,0.43299581859118685,0.60427368689435,2
0.647017454599833,338596,90,1980,438654,0.4356333226117723,0.043478260869565216,0.5643666773882278,0.9565217391304348,0.9997342671382933,0.4356333226117723,0.6068376681099992,2
0.6488047956346391,340683,90,1980,436567,0.4383184303634609,0.043478260869565216,0.561681569636539,0.9565217391304348,0.9997358945691119,0.4383184303634609,0.6094382673701704,2
0.6505921366694453,342761,90,1980,434489,0.44099195882920555,0.043478260869565216,0.5590080411707945,0.9565217391304348,0.9997374952967907,0.44099195882920555,0.6120180233746778,2
0.6523794777042514,344766,91,1979,432484,0.4435715664200708,0.04396135265700483,0.5564284335799292,0.9560386473429952,0.99973612250875,0.4435715664200708,0.6144975479165534,2
0.6541668187390576,346739,91,1979,430511,0.4461100032164683,0.04396135265700483,0.5538899967835317,0.9560386473429952,0.9997376236196407,0.4461100032164683,0.6169294000427016,2
0.6559541597738638,348797,91,1979,428453,0.4487577999356706,0.04396135265700483,0.5512422000643293,0.9560386473429952,0.9997391713099906,0.4487577999356706,0.6194569404460198,2
0.65774150080867,350755,91,1979,426495,0.45127693792216145,0.04396135265700483,0.5487230620778385,0.9560386473429952,0.9997406269417352,0.45127693792216145,0.6218531047003092,2
0.6595288418434762,352755,91,1979,424495,0.45385011257639113,0.04396135265700483,0.5461498874236089,0.9560386473429952,0.9997420971188564,0.45385011257639113,0.6242920955387861,2
0.6613161828782823,354766,91,1979,422484,0.456437439691219,0.04396135265700483,0.5435625603087809,0.9560386473429952,0.9997435586729302,0.456437439691219,0.6267358120743004,2
0.6631035239130885,356818,92,1978,420432,0.45907751688645865,0.044444444444444446,0.5409224831135413,0.9555555555555556,0.9997422319352217,0.45907751688645865,0.6292198631586372,2
0.6648908649478946,358874,93,1977,418376,0.46172274043100675,0.04492753623188406,0.5382772595689932,0.9550724637681159,0.9997409232603555,0.46172274043100675,0.6316997545363253,2
0.6666782059827008,360905,93,1977,416345,0.46433579929237695,0.04492753623188406,0.535664200707623,0.9550724637681159,0.9997423808442152,0.46433579929237695,0.6341412416274836,2
0.6684655470175069,362874,93,1977,414376,0.46686908973946606,0.04492753623188406,0.5331309102605339,0.9550724637681159,0.9997437783600162,0.46686908973946606,0.6364998943183623,2
0.6702528880523131,364824,93,1977,412426,0.46937793502734,0.04492753623188406,0.5306220649726601,0.9550724637681159,0.9997451475266979,0.46937793502734,0.6388277721208896,2
0.6720402290871194,366774,94,1976,410476,0.4718867803152139,0.04541062801932367,0.5281132196847861,0.9545893719806763,0.9997437770533271,0.4718867803152139,0.6411471544019062,2
0.6738275701219255,368754,94,1976,408496,0.47443422322290124,0.04541062801932367,0.5255657767770987,0.9545893719806763,0.9997451524747322,0.47443422322290124,0.6434947098764678,2
0.6756149111567317,370799,95,1975,406451,0.4770652943068511,0.04589371980676329,0.5229347056931489,0.9541062801932367,0.9997438621277238,0.4770652943068511,0.6459102690951657,2
0.6774022521915378,372841,95,1975,404409,0.47969250562881954,0.04589371980676329,0.5203074943711804,0.9541062801932367,0.9997452646030418,0.47969250562881954,0.6483142726480761,2
0.679189593226344,374855,95,1975,402395,0.4822836925056288,0.04589371980676329,0.5177163074943711,0.9541062801932367,0.9997466328843846,0.4822836925056288,0.6506769658045478,2
0.6809769342611501,376818,95,1975,400432,0.48480926342875524,0.04589371980676329,0.5151907365712448,0.9541062801932367,0.9997479524452593,0.48480926342875524,0.6529718939179301,2
0.6827642752959563,378778,95,1975,398472,0.48733097458990027,0.04589371980676329,0.5126690254100997,0.9541062801932367,0.9997492563471136,0.48733097458990027,0.6552555394192486,2
0.6845516163307624,380759,96,1974,396491,0.48987970408491477,0.0463768115942029,0.5101202959150852,0.9536231884057971,0.999747935566029,0.48987970408491477,0.6575552303115866,2
0.6863389573655687,382793,96,1974,394457,0.49249662270826633,0.0463768115942029,0.5075033772917337,0.9536231884057971,0.9997492745939424,0.49249662270826633,0.6599088557491818,2
0.6881262984003749,384793,96,1974,392457,0.49506979736249596,0.0463768115942029,0.504930202637504,0.9536231884057971,0.9997505774392097,0.49506979736249596,0.6622151050777918,2
0.689913639435181,386703,97,1973,390547,0.4975271791572853,0.04685990338164251,0.5024728208427147,0.9531400966183575,0.9997492244053775,0.4975271791572853,0.6644096043984365,2
0.6917009804699872,388660,97,1973,388590,0.500045030556449,0.04685990338164251,0.499954969443551,0.9531400966183575,0.9997504868079545,0.500045030556449,0.6666512293665475,2
0.6934883215047933,390673,97,1973,386577,0.5026349308459311,0.04685990338164251,0.4973650691540688,0.9531400966183575,0.9997517721421808,0.5026349308459311,0.6689491618294207,2
0.6952756625395995,392637,97,1973,384613,0.5051617883563847,0.04685990338164251,0.4948382116436153,0.9531400966183575,0.9997530134900467,0.5051617883563847,0.6711835375526504,2
0.6970630035744056,394602,97,1973,382648,0.5076899324541653,0.04685990338164251,0.4923100675458347,0.9531400966183575,0.9997542431067725,0.5076899324541653,0.6734115563049246,2
0.6988503446092118,396519,97,1973,380731,0.5101563203602445,0.04685990338164251,0.48984367963975556,0.9531400966183575,0.9997554309458014,0.5101563203602445,0.6755779620501828,2
0.700637685644018,398418,97,1973,378832,0.5125995496944356,0.04685990338164251,0.4874004503055645,0.9531400966183575,0.9997565963640014,0.5125995496944356,0.6777170608072192,2
0.7024250266788242,400423,98,1972,376827,0.5151791572853007,0.04734299516908213,0.4848208427146993,0.9526570048309179,0.9997553186973966,0.5151791572853007,0.6799674979261673,2
0.7042123677136304,402412,99,1971,374838,0.5177381794789321,0.04782608695652174,0.48226182052106786,0.9521739130434783,0.9997540439888599,0.5177381794789321,0.6821924101576504,2
0.7059997087484365,404366,99,1971,372884,0.5202521711161145,0.04782608695652174,0.4797478288838855,0.9521739130434783,0.9997552322203405,0.5202521711161145,0.6843714431990793,2
0.7077870497832427,406374,99,1971,370876,0.5228356384689611,0.04782608695652174,0.4771643615310389,0.9521739130434783,0.9997564413872508,0.5228356384689611,0.6866032002419485,2
0.7095743908180489,408268,101,1969,368982,0.5252724348665165,0.048792270531400964,0.4747275651334834,0.951207729468599,0.9997526746643355,0.5252724348665165,0.688700164218016,2
0.711361731852855,410291,101,1969,366959,0.5278752010292699,0.048792270531400964,0.4721247989707301,0.951207729468599,0.9997538938380865,0.5278752010292699,0.6909337999161365,2
0.7131490728876612,412250,101,1969,365000,0.5303956256030878,0.048792270531400964,0.4696043743969122,0.951207729468599,0.999755063040953,0.5303956256030878,0.6930895317001247,2
0.7149364139224673,414164,101,1969,363086,0.5328581537471856,0.048792270531400964,0.4671418462528144,0.951207729468599,0.9997561947062871,0.5328581537471856,0.6951888981674591,2
0.7167237549572735,416128,101,1969,361122,0.5353850112576392,0.048792270531400964,0.4646149887423609,0.951207729468599,0.9997573451153091,0.5353850112576392,0.6973361072963998,2
0.7185110959920797,418105,101,1969,359145,0.5379285944033452,0.048792270531400964,0.4620714055966549,0.951207729468599,0.9997584922263191,0.5379285944033452,0.6994904036618662,2
0.7202984370268859,420001,101,1969,357249,0.5403679639755549,0.048792270531400964,0.45963203602444513,0.951207729468599,0.9997595821967046,0.5403679639755549,0.701549753121889,2
0.722085778061692,421968,101,1969,355282,0.5428986812479897,0.048792270531400964,0.45710131875201027,0.951207729468599,0.9997607026339296,0.5428986812479897,0.7036793380243289,2
0.7238731190964982,423868,101,1969,353382,0.5453431971695079,0.048792270531400964,0.45465680283049215,0.951207729468599,0.999761775035439,0.5453431971695079,0.705729762849239,2
0.7256604601313044,425732,101,1969,351518,0.5477413959472499,0.048792270531400964,0.4522586040527501,0.951207729468599,0.9997628178182527,0.5477413959472499,0.7077350440493299,2
0.7274478011661105,427641,101,1969,349609,0.5501974911547122,0.048792270531400964,0.4498025088452879,0.951207729468599,0.9997638763553731,0.5501974911547122,0.709782305608668,2
0.7292351422009167,429573,101,1969,347677,0.552683177870698,0.048792270531400964,0.447316822129302,0.951207729468599,0.999764938069327,0.552683177870698,0.7118476391222646,2
0.7310224832357228,431482,101,1969,345768,0.5551392730781601,0.048792270531400964,0.4448607269218398,0.951207729468599,0.9997659778072816,0.5551392730781601,0.7138819009739145,2
0.732809824270529,433301,101,1969,343949,0.5574795754261821,0.048792270531400964,0.44252042457381796,0.951207729468599,0.9997669600047993,0.5574795754261821,0.7158142884990897,2
0.7345971653053353,435163,101,1969,342087,0.5598752010292699,0.048792270531400964,0.44012479897073015,0.951207729468599,0.9997679569181003,0.5598752010292699,0.7177863513328507,2
0.7363845063401414,437089,102,1968,340161,0.562353168221293,0.04927536231884058,0.437646831778707,0.9507246376811594,0.9997666923610047,0.562353168221293,0.7198192419392955,2
0.7381718473749476,438969,102,1968,338281,0.5647719523962689,0.04927536231884058,0.4352280476037311,0.9507246376811594,0.9997676913301038,0.5647719523962689,0.7217979464302599,2
0.7399591884097537,440806,102,1968,336444,0.5671354133161788,0.04927536231884058,0.43286458668382116,0.9507246376811594,0.9997686592214249,0.5671354133161788,0.7237254937372656,2
0.7417465294445599,442668,102,1968,334582,0.5695310389192666,0.04927536231884058,0.43046896108073335,0.9507246376811594,0.9997696320888949,0.5695310389192666,0.7256733496172193,2
0.743533870479366,444551,102,1968,332699,0.5719536828562238,0.04927536231884058,0.4280463171437761,0.9507246376811594,0.9997706076423638,0.5719536828562238,0.7276371364993784,2
0.7453212115141722,446396,103,1967,330854,0.5743274364747507,0.049758454106280194,0.4256725635252493,0.9502415458937198,0.9997693163926459,0.5743274364747507,0.7295548351827049,2
0.7471085525489783,448236,103,1967,329014,0.576694757156642,0.049758454106280194,0.423305242843358,0.9502415458937198,0.9997702631267857,0.576694757156642,0.7314621785933132,2
0.7488958935837845,450104,103,1967,327146,0.5790981022836925,0.049758454106280194,0.4209018977163075,0.9502415458937198,0.9997712163515894,0.5790981022836925,0.733392697259456,2
0.7506832346185908,451947,103,1967,325303,0.5814692827275652,0.049758454106280194,0.41853071727243485,0.9502415458937198,0.999772149098551,0.5814692827275652,0.7352916293825755,2
0.7524705756533969,453748,104,1966,323502,0.5837864265036989,0.050241545893719805,0.41621357349630106,0.9497584541062802,0.9997708504093845,0.5837864265036989,0.7371411954492804,2
0.7542579166882031,455612,104,1966,321638,0.586184625281441,0.050241545893719805,0.413815374718559,0.9497584541062802,0.9997717876923347,0.586184625281441,0.7390503874397185,2
0.7560452577230092,457517,104,1966,319733,0.5886355741395948,0.050241545893719805,0.4113644258604053,0.9497584541062802,0.9997727377021597,0.5886355741395948,0.7409956181657841,2
0.7578325987578154,459280,105,1965,317970,0.5909038275972982,0.050724637681159424,0.40909617240270185,0.9492753623188406,0.9997714335470248,0.5909038275972982,0.7427899097146692,2
0.7596199397926215,461091,106,1964,316159,0.5932338372467031,0.051207729468599035,0.40676616275329686,0.9487922705314009,0.9997701632924759,0.5932338372467031,0.7446277474934333,2
0.7614072808274277,462958,106,1964,314292,0.5956358957864265,0.051207729468599035,0.4043641042135735,0.9487922705314009,0.9997710899573277,0.5956358957864265,0.7465174141386777,2
0.7631946218622339,464763,106,1964,312487,0.5979581859118688,0.051207729468599035,0.4020418140881312,0.9487922705314009,0.9997719787725144,0.5979581859118688,0.7483389272686433,2
0.76498196289704,466569,108,1962,310681,0.6002817626246382,0.05217391304347826,0.39971823737536183,0.9478260869565217,0.9997685765529477,0.6002817626246382,0.7501549528227942,2
0.7667693039318463,468364,108,1962,308886,0.6025911868768092,0.05217391304347826,0.39740881312319076,0.9478260869565217,0.9997694632763537,0.6025911868768092,0.7519558938511162,2
0.7685566449666524,470129,108,1962,307121,0.6048620135091669,0.05217391304347826,0.3951379864908331,0.9478260869565217,0.9997703285789932,0.6048620135091669,0.7537216820696327,2
0.7703439860014586,471859,108,1962,305391,0.6070878095850756,0.05217391304347826,0.3929121904149244,0.9478260869565217,0.9997711704420013,0.6070878095850756,0.7554476123843976,2
0.7721313270362647,473628,108,1962,303622,0.6093637825667417,0.05217391304347826,0.39063621743325827,0.9478260869565217,0.9997720249252748,0.6093637825667417,0.7572075147123949,2
0.7739186680710709,475365,111,1959,301885,0.6115985847539401,0.0536231884057971,0.3884014152460598,0.946376811594203,0.9997665497312167,0.6115985847539401,0.7589289277942661,2
0.7757060091058771,477138,111,1959,300112,0.6138797040849148,0.0536231884057971,0.38612029591508523,0.946376811594203,0.9997674170087313,0.6138797040849148,0.7606829499266241,2
0.7774933501406832,478918,112,1958,298332,0.6161698295271791,0.05410628019323672,0.38383017047282086,0.9458937198067633,0.9997661941840803,0.6161698295271791,0.7624383099309071,2
0.7792806911754894,480675,112,1958,296575,0.61843036346092,0.05410628019323672,0.3815696365390801,0.9458937198067633,0.9997670486098834,0.61843036346092,0.7641667136976099,2
0.7810680322102956,482455,113,1957,294795,0.6207204889031843,0.05458937198067633,0.3792795110968157,0.9454106280193236,0.999765836110144,0.6207204889031843,0.7659122190665636,2
0.7828553732451018,484239,114,1956,293011,0.6230157606947572,0.05507246376811594,0.37698423930524283,0.9449275362318841,0.9997646344711398,0.6230157606947572,0.7676567034162094,2
0.784642714279908,485955,114,1956,291295,0.6252235445480862,0.05507246376811594,0.3747764554519138,0.9449275362318841,0.999765465396888,0.6252235445480862,0.7693306282894501,2
0.7864300553147141,487718,115,1955,289532,0.6274917980057897,0.05555555555555555,0.37250820199421036,0.9444444444444444,0.999764263590204,0.6274917980057897,0.7710450618655061,2
0.7882173963495203,489495,115,1955,287755,0.6297780636860727,0.05555555555555555,0.3702219363139273,0.9444444444444444,0.9997651191764874,0.6297780636860727,0.7727688931689373,2
0.7900047373843264,491203,119,1951,286047,0.6319755548407848,0.05748792270531401,0.3680244451592152,0.942512077294686,0.999757796312805,0.6319755548407848,0.774418795306849,2
0.7917920784191326,492873,119,1951,284377,0.6341241556770666,0.05748792270531401,0.3658758443229334,0.942512077294686,0.999758616772686,0.6341241556770666,0.7760300793077225,2
0.7935794194539387,494601,120,1950,282649,0.636347378578321,0.057971014492753624,0.363652621421679,0.9420289855072463,0.9997574390413991,0.636347378578321,0.7776922587071561,2
0.7953667604887449,496296,120,1950,280954,0.6385281440977807,0.057971014492753624,0.36147185590221936,0.9420289855072463,0.9997582672597176,0.6385281440977807,0.779318910923272,2
0.7971541015235512,498073,122,1948,279177,0.6408144097780637,0.05893719806763285,0.3591855902219363,0.9410628019323671,0.9997551159686469,0.6408144097780637,0.7810183896600794,2
0.7989414425583573,499777,124,1946,277473,0.6430067545834673,0.05990338164251208,0.35699324541653266,0.9400966183574879,0.9997519508862754,0.6430067545834673,0.7826435558520487,2
0.8007287835931635,501569,124,1946,275681,0.6453123190736572,0.05990338164251208,0.3546876809263429,0.9400966183574879,0.999752836894276,0.6453123190736572,0.7843492634151796,2
0.8025161246279696,503321,125,1945,273929,0.6475664200707623,0.06038647342995169,0.3524335799292377,0.9396135265700483,0.9997517112063657,0.6475664200707623,0.7860116686551687,2
0.8043034656627758,504942,126,1944,272308,0.6496519781280155,0.06086956521739131,0.35034802187198455,0.9391304347826087,0.9997505286416879,0.6496519781280155,0.7875456789969415,2
0.8060908066975819,506644,128,1942,270606,0.6518417497587649,0.06183574879227053,0.34815825024123515,0.9381642512077295,0.9997474209309117,0.6518417497587649,0.7891515877453813,2
0.8078781477323881,508317,128,1942,268933,0.653994210357028,0.06183574879227053,0.346005789642972,0.9381642512077295,0.9997482520233261,0.653994210357028,0.790727194241247,2
0.8096654887671942,509970,129,1941,267280,0.6561209392087488,0.06231884057971015,0.3438790607912512,0.9376811594202898,0.9997471079143461,0.6561209392087488,0.7922793275172467,2
0.8114528298020004,511664,130,1940,265586,0.6583004181408814,0.06280193236714976,0.3416995818591187,0.9371980676328503,0.9997459915512882,0.6583004181408814,0.7938658416625033,2
0.8132401708368067,513268,130,1940,263982,0.6603641042135735,0.06280193236714976,0.3396358957864265,0.9371980676328503,0.999746785145248,0.6603641042135735,0.7953648089951714,2
0.8150275118716128,514941,130,1940,262309,0.6625165648118366,0.06280193236714976,0.33748343518816337,0.9371980676328503,0.9997476076113778,0.6625165648118366,0.7969242935772151,2
0.816814852906419,516603,130,1940,260647,0.6646548729495014,0.06280193236714976,0.33534512705049857,0.9371980676328503,0.9997484193964775,0.6646548729495014,0.7984695316708178,2
0.8186021939412251,518292,130,1940,258958,0.6668279189449984,0.06280193236714976,0.3331720810550016,0.9371980676328503,0.9997492390369236,0.6668279189449984,0.8000358115325484,2
0.8203895349760313,520011,131,1939,257239,0.6690395625603088,0.06328502415458938,0.3309604374396912,0.9367149758454106,0.9997481456986745,0.6690395625603088,0.8016251063672352,2
0.8221768760108374,521668,131,1939,255582,0.671171437761338,0.06328502415458938,0.32882856223866197,0.9367149758454106,0.9997489454751733,0.671171437761338,0.8031536916621312,2
0.8239642170456436,523359,132,1938,253891,0.6733470569314892,0.06376811594202898,0.3266529430685108,0.936231884057971,0.999747846667851,0.6733470569314892,0.8047090081730338,2
0.8257515580804498,525005,133,1937,252245,0.6754647796719202,0.0642512077294686,0.32453522032807974,0.9357487922705314,0.9997467332396437,0.6754647796719202,0.8062190376446957,2
0.8275388991152559,526692,134,1936,250558,0.6776352524927629,0.0647342995169082,0.32236474750723704,0.9352657004830918,0.9997456465702148,0.6776352524927629,0.8077627377545481,2
0.8293262401500622,528331,136,1934,248919,0.6797439691219042,0.06570048309178744,0.32025603087809584,0.9342995169082126,0.9997426518590565,0.6797439691219042,0.8092580551528394,2
0.8311135811848683,529959,136,1934,247291,0.6818385332904471,0.06570048309178744,0.3181614667095529,0.9342995169082126,0.9997434422131882,0.6818385332904471,0.8107408526440995,2
0.8329009222196745,531608,136,1934,245642,0.6839601157928594,0.06570048309178744,0.3160398842071406,0.9342995169082126,0.9997442378287296,0.6839601157928594,0.812239017138352,2
0.8346882632544806,533231,138,1932,244019,0.6860482470247669,0.06666666666666667,0.3139517529752332,0.9333333333333333,0.9997412673027491,0.6860482470247669,0.8137086369112612,2
0.8364756042892868,534809,138,1932,242441,0.688078481826954,0.06666666666666667,0.311921518173046,0.9333333333333333,0.9997420305189112,0.688078481826954,0.8151352274086893,2
0.838262945324093,536447,138,1932,240803,0.6901859118687681,0.06666666666666667,0.3098140881312319,0.9333333333333333,0.9997428180064668,0.6901859118687681,0.8166124361126016,2
0.8400502863588991,538008,139,1931,239242,0.6921942746863944,0.06714975845410628,0.30780572531360567,0.9328502415458937,0.9997417062624153,0.6921942746863944,0.8180161578595665,2
0.8418376273937053,539623,139,1931,237627,0.6942721132196847,0.06714975845410628,0.3057278867803152,0.9328502415458937,0.9997424790926371,0.6942721132196847,0.8194655781420366,2
0.8436249684285114,541208,140,1930,236042,0.6963113541331618,0.06763285024154589,0.3036886458668382,0.9323671497584541,0.9997413863171195,0.6963113541331618,0.820883999520703,2
0.8454123094633177,542817,140,1930,234433,0.6983814731424896,0.06763285024154589,0.30161852685751045,0.9323671497584541,0.9997421526934914,0.6983814731424896,0.8223210451088352,2
0.8471996504981238,544405,141,1929,232845,0.7004245738179479,0.06811594202898551,0.29957542618205213,0.9318840579710145,0.9997410687067759,0.7004245738179479,0.8237352813898665,2
0.84898699153293,546053,141,1929,231197,0.7025448697330331,0.06811594202898551,0.29745513026696685,0.9318840579710145,0.999741849965397,0.7025448697330331,0.8252000084627683,2
0.8507743325677362,547673,141,1929,229577,0.7046291412029592,0.06811594202898551,0.29537085879704084,0.9318840579710145,0.9997426133687711,0.7046291412029592,0.8266362983221943,2
0.8525616736025423,549243,141,1929,228007,0.7066490833065294,0.06811594202898551,0.2933509166934706,0.9318840579710145,0.9997433489144205,0.7066490833065294,0.8280249111661544,2
0.8543490146373485,550842,142,1928,226408,0.7087063364425861,0.06859903381642513,0.291293663557414,0.9314009661835749,0.9997422792676376,0.7087063364425861,0.8294351748261226,2
0.8561363556721546,552422,143,1927,224828,0.7107391444194274,0.06908212560386473,0.2892608555805725,0.9309178743961353,0.9997412069168333,0.7107391444194274,0.830825340366893,2
0.8579236967069608,553976,144,1926,223274,0.7127385011257639,0.06956521739130435,0.2872614988742361,0.9304347826086956,0.9997401284920234,0.7127385011257639,0.8321893988898653,2
0.8597110377417669,555616,146,1924,221634,0.7148485043422322,0.07053140096618357,0.28515149565776776,0.9294685990338164,0.9997372976202044,0.7148485043422322,0.8336249036017681,2
0.8614983787765732,557139,146,1924,220111,0.7168079768414282,0.07053140096618357,0.2831920231585719,0.9294685990338164,0.9997380155575692,0.7168079768414282,0.8349559959086873,2
0.8632857198113794,558668,148,1922,218582,0.7187751688645867,0.07149758454106281,0.2812248311354133,0.9285024154589372,0.9997351543262899,0.7187751688645867,0.8362880276872551,2
0.8650730608461855,560231,148,1922,217019,0.7207861048568671,0.07149758454106281,0.27921389514313283,0.9285024154589372,0.9997358930295389,0.7207861048568671,0.8376478081740153,2
0.8668604018809917,561783,149,1921,215467,0.7227828883885494,0.07198067632850241,0.27721711161145063,0.9280193236714975,0.9997348433618303,0.7227828883885494,0.8389942517148529,2
0.8686477429157978,563264,149,1921,213986,0.7246883242200064,0.07198067632850241,0.27531167577999355,0.9280193236714975,0.9997355403584937,0.7246883242200064,0.8402767884248314,2
0.870435083950604,564759,150,1920,212491,0.726611772274043,0.07246376811594203,0.2733882277259569,0.927536231884058,0.9997344705076393,0.726611772274043,0.8415679513381054,2
0.8722224249854101,566266,151,1919,210984,0.7285506593760052,0.07294685990338164,0.27144934062399484,0.9270531400966183,0.9997334119562089,0.7285506593760052,0.842866573339972,2
0.8740097660202163,567809,154,1916,209441,0.7305358636217433,0.07439613526570048,0.26946413637825667,0.9256038647342996,0.9997288555768598,0.7305358636217433,0.8441919606783461,2
0.8757971070550226,569383,154,1916,207867,0.732560952074622,0.07439613526570048,0.2674390479253779,0.9256038647342996,0.999729604924702,0.732560952074622,0.8455427621442738,2
0.8775844480898287,570913,155,1915,206337,0.7345294306851078,0.0748792270531401,0.26547056931489227,0.9251207729468599,0.9997285787331807,0.7345294306851078,0.8468521520887505,2
0.8793717891246349,572431,155,1915,204819,0.7364824702476681,0.0748792270531401,0.26351752975233195,0.9251207729468599,0.9997292983062807,0.7364824702476681,0.8481489603181424,2
0.881159130159441,573977,155,1915,203273,0.7384715342553876,0.0748792270531401,0.2615284657446124,0.9251207729468599,0.9997300272411223,0.7384715342553876,0.8494666940953779,2
0.8829464711942472,575511,155,1915,201739,0.7404451592151817,0.0748792270531401,0.2595548407848183,0.9251207729468599,0.99973074664823,0.7404451592151817,0.8507712230471072,2
0.8847338122290533,577095,155,1915,200155,0.7424831135413316,0.0748792270531401,0.2575168864586684,0.9251207729468599,0.9997314854915548,0.7424831135413316,0.8521151716500553,2
0.8865211532638595,578593,155,1915,198657,0.7444104213573496,0.0748792270531401,0.25558957864265036,0.9251207729468599,0.9997321804999758,0.7444104213573496,0.8533832645770865,2
0.8883084942986657,580095,155,1915,197155,0.7463428755226761,0.0748792270531401,0.2536571244773239,0.9251207729468599,0.9997328737613098,0.7463428755226761,0.8546519337016576,2
0.8900958353334718,581635,155,1915,195615,0.748324220006433,0.0748792270531401,0.25167577999356705,0.9251207729468599,0.9997335808453222,0.748324220006433,0.8559497880857075,2
0.8918831763682781,583098,155,1915,194152,0.750206497266002,0.0748792270531401,0.24979350273399806,0.9251207729468599,0.9997342491165926,0.750206497266002,0.8571800282689565,2
0.8936705174030842,584572,155,1915,192678,0.7521029269861692,0.0748792270531401,0.24789707301383082,0.9251207729468599,0.9997349190305903,0.7521029269861692,0.8584168455120755,2
0.8954578584378904,586019,155,1915,191231,0.7539646188485043,0.0748792270531401,0.24603538115149565,0.9251207729468599,0.9997355733962953,0.7539646188485043,0.859628406130448,2
0.8972451994726965,587481,159,1911,189769,0.7558456095207462,0.07681159420289856,0.24415439047925377,0.9231884057971015,0.9997294261792934,0.7558456095207462,0.8608473942955108,2
0.8990325405075027,588933,161,1909,188317,0.757713734319717,0.07777777777777778,0.24228626568028305,0.9222222222222223,0.9997266989648511,0.757713734319717,0.8620567002160511,2
0.9008198815423089,590399,161,1909,186851,0.7595998713412673,0.07777777777777778,0.2404001286587327,0.9222222222222223,0.9997273774044975,0.7595998713412673,0.8632763322391267,2
0.902607222577115,591927,162,1908,185323,0.7615657767770987,0.0782608695652174,0.23843422322290125,0.9217391304347826,0.9997263924849136,0.7615657767770987,0.8645441340676049,2
0.9043945636119212,593445,162,1908,183805,0.763518816339659,0.0782608695652174,0.23648118366034093,0.9217391304347826,0.9997270921670398,0.763518816339659,0.865801465798402,2
0.9061819046467273,594903,162,1908,182347,0.7653946606625924,0.0782608695652174,0.23460533933740751,0.9217391304347826,0.9997277608328502,0.7653946606625924,0.8670064817479951,2
0.9079692456815336,596372,164,1906,180878,0.7672846574461242,0.07922705314009662,0.23271534255387585,0.9207729468599034,0.9997250794587418,0.7672846574461242,0.8682167382692793,2
0.9097565867163397,597831,165,1905,179419,0.7691617883563847,0.07971014492753623,0.23083821164361532,0.9202898550724637,0.9997240784219292,0.7691617883563847,0.8694168170640016,2
0.9115439277511459,599228,166,1904,178022,0.7709591508523641,0.08019323671497584,0.2290408491476359,0.9198067632850242,0.999723053617487,0.7709591508523641,0.8705634862753188,2
0.913331268785952,600638,167,1903,176612,0.7727732389835961,0.08067632850241546,0.227226761016404,0.9193236714975845,0.9997220395968742,0.7727732389835961,0.8717184727750343,2
0.9151186098207582,602088,167,1903,175162,0.7746387906079125,0.08067632850241546,0.22536120939208748,0.9193236714975845,0.9997227088193539,0.7746387906079125,0.8729044113649461,2
0.9169059508555644,603580,167,1903,173670,0.7765583788999678,0.08067632850241546,0.22344162110003216,0.9193236714975845,0.9997233940706952,0.7765583788999678,0.8741221016410607,2
0.9186932918903705,605038,167,1903,172212,0.7784342232229012,0.08067632850241546,0.22156577677709874,0.9193236714975845,0.9997240604423294,0.7784342232229012,0.875309503745149,2
0.9204806329251767,606451,168,1902,170799,0.7802521711161146,0.08115942028985507,0.2197478288838855,0.9188405797101449,0.9997230551631254,0.7802521711161146,0.8764572369205467,2
0.9222679739599828,607868,169,1901,169382,0.7820752653586363,0.08164251207729468,0.21792473464136378,0.9183574879227053,0.9997220563880158,0.7820752653586363,0.8776058679537164,2
0.9240553149947891,609234,169,1901,168016,0.7838327436474751,0.08164251207729468,0.21616725635252493,0.9183574879227053,0.9997226794091922,0.7838327436474751,0.8787115449935925,2
0.9258426560295953,610634,169,1901,166616,0.7856339659054359,0.08164251207729468,0.21436603409456417,0.9183574879227053,0.9997233150459314,0.7856339659054359,0.8798424844008118,2
0.9276299970644014,612035,169,1901,165215,0.7874364747507238,0.08164251207729468,0.2125635252492763,0.9183574879227053,0.9997239482264082,0.7874364747507238,0.88097195013293,2
0.9294173380992076,613466,169,1901,163784,0.789277581215825,0.08164251207729468,0.21072241878417497,0.9183574879227053,0.9997245919805747,0.789277581215825,0.8821232524615622,2
0.9312046791340137,614908,170,1900,162342,0.7911328401415246,0.0821256038647343,0.2088671598584754,0.9178743961352657,0.9997236122898234,0.7911328401415246,0.8832803764630173,2
0.9329920201688199,616343,171,1899,160907,0.7929790929559344,0.08260869565217391,0.20702090704406562,0.9173913043478261,0.9997226340358857,0.7929790929559344,0.8844295016946915,2
0.934779361203626,617673,171,1899,159577,0.7946902541009971,0.08260869565217391,0.2053097458990029,0.9173913043478261,0.9997232311068813,0.7946902541009971,0.885493020541985,2
0.9365667022384322,619093,171,1899,158157,0.7965172081055002,0.08260869565217391,0.20348279189449983,0.9173913043478261,0.99972386575031,0.7965172081055002,0.8866262708429705,2
0.9383540432732383,620435,172,1898,156815,0.7982438082984883,0.08309178743961353,0.20175619170151174,0.9169082125603865,0.9997228519820112,0.7982438082984883,0.887694520970314,2
0.9401413843080446,621868,172,1898,155382,0.8000874879382438,0.08309178743961353,0.1999125120617562,0.9169082125603865,0.9997234904507749,0.8000874879382438,0.8888336227658313,2
0.9419287253428508,623265,174,1896,153985,0.8018848504342232,0.08405797101449275,0.19811514956577678,0.9159420289855073,0.9997209029271509,0.8018848504342232,0.889940593522188,2
0.9437160663776569,624670,176,1894,152580,0.8036925056288196,0.08502415458937199,0.19630749437118045,0.914975845410628,0.999718330596659,0.8036925056288196,0.891051682623729,2
0.9455034074124631,626057,177,1893,151193,0.8054770022515279,0.08550724637681159,0.19452299774847218,0.9144927536231884,0.9997173580482694,0.8054770022515279,0.8921469713940451,2
0.9472907484472692,627438,177,1893,149812,0.8072537793502734,0.08550724637681159,0.1927462206497266,0.9144927536231884,0.999717979971798,0.8072537793502734,0.8932360048830316,2
0.9490780894820754,628760,177,1893,148490,0.8089546477967192,0.08550724637681159,0.1910453522032808,0.9144927536231884,0.9997185727664297,0.8089546477967192,0.8942765080320044,2
0.9508654305168815,630091,180,1890,147159,0.810667095529109,0.08695652173913043,0.18933290447089096,0.9130434782608695,0.9997144085639352,0.810667095529109,0.8953202119186854,2
0.9526527715516877,631420,184,1886,145830,0.8123769700868446,0.08888888888888889,0.18762302991315535,0.9111111111111111,0.9997086782224305,0.8123769700868446,0.8963597363530926,2
0.9544401125864939,632794,185,1885,144456,0.8141447410743005,0.0893719806763285,0.1858552589256996,0.9106280193236715,0.9997077312201511,0.8141447410743005,0.8974343883156565,2
0.9562274536213001,634101,185,1885,143149,0.8158263107108396,0.0893719806763285,0.1841736892891605,0.9106280193236715,0.9997083334647147,0.8158263107108396,0.8984552997585609,2
0.9580147946561063,635450,186,1884,141800,0.8175619170151174,0.08985507246376812,0.1824380829848826,0.9101449275362319,0.9997073796952973,0.8175619170151174,0.8995064003748355,2
0.9598021356909124,636810,187,1883,140440,0.8193116757799935,0.09033816425120773,0.18068832422000644,0.9096618357487922,0.9997064350381556,0.8193116757799935,0.9005640457430703,2
0.9615894767257186,638116,192,1878,139134,0.8209919588292055,0.0927536231884058,0.17900804117079447,0.9072463768115943,0.9996992047726176,0.8209919588292055,0.9015752092107847,2
0.9633768177605248,639445,195,1875,137805,0.8227018333869411,0.09420289855072464,0.17729816661305886,0.9057971014492754,0.999695141016822,0.8227018333869411,0.9026035895517648,2
0.9651641587953309,640754,197,1873,136496,0.8243859761981345,0.09516908212560386,0.17561402380186555,0.9048309178743962,0.999692644211492,0.8243859761981345,0.903615213922427,2
0.9669514998301371,641981,200,1870,135269,0.8259646188485044,0.0966183574879227,0.17403538115149567,0.9033816425120773,0.9996885613246109,0.8259646188485044,0.904561052985316,2
0.9687388408649432,643287,202,1868,133963,0.8276449018977163,0.09758454106280193,0.1723550981022837,0.9024154589371981,0.9996860863200459,0.8276449018977163,0.9055667508247469,2
0.9705261818997495,644524,203,1867,132726,0.8292364104213573,0.09806763285024155,0.17076358957864265,0.9019323671497584,0.9996851380506788,0.8292364104213573,0.9065181785640696,2
0.9723135229345556,645837,205,1865,131413,0.8309256995818591,0.09903381642512077,0.1690743004181409,0.9009661835748792,0.9996826831692057,0.8309256995818591,0.9075256517987876,2
0.9741008639693618,647123,209,1861,130127,0.8325802508845288,0.10096618357487923,0.16741974911547122,0.8990338164251208,0.9996771363071809,0.8325802508845288,0.9085093030797806,2
0.975888205004168,648420,209,1861,128830,0.8342489546477967,0.10096618357487923,0.16575104535220328,0.8990338164251208,0.9996777819061435,0.8342489546477967,0.9095021386807717,2
0.9776755460389741,649632,210,1860,127618,0.8358082984882599,0.10144927536231885,0.16419170151174012,0.8985507246376812,0.9996768445252846,0.8358082984882599,0.9104276388628063,2
0.9794628870737803,650868,215,1855,126382,0.8373985204245739,0.10386473429951691,0.16260147957542617,0.8961352657004831,0.9996697809649461,0.8373985204245739,0.9113673072035723,2
0.9812502281085864,652090,216,1854,125160,0.8389707301383081,0.10434782608695652,0.16102926986169186,0.8956521739130435,0.999668867065457,0.8389707301383081,0.9122972447389258,2
0.9830375691433926,653371,216,1854,123879,0.8406188485043422,0.10434782608695652,0.15938115149565776,0.8956521739130435,0.9996695160705461,0.8406188485043422,0.9132710434521892,2
0.9848249101781987,654626,217,1853,122624,0.8422335155998714,0.10483091787439613,0.15776648440012866,0.8951690821256039,0.9996686228607468,0.8422335155998714,0.914222749500207,2
0.986612251213005,655809,217,1853,121441,0.8437555484078482,0.10483091787439613,0.1562444515921518,0.8951690821256039,0.9996692204272392,0.8437555484078482,0.9151189303386089,2
0.9883995922478112,657039,218,1852,120211,0.8453380508201994,0.10531400966183575,0.15466194917980058,0.8946859903381642,0.999668318481203,0.8453380508201994,0.9160485100456114,2
0.9901869332826173,658324,219,1851,118926,0.846991315535542,0.10579710144927536,0.15300868446445803,0.8942028985507247,0.9996674476837504,0.846991315535542,0.917017982397184,2
0.9919742743174235,659543,219,1851,117707,0.848559665487295,0.10579710144927536,0.15144033451270505,0.8942028985507247,0.9996680621193703,0.848559665487295,0.9179366630202115,2
0.9937616153522296,660796,220,1850,116454,0.8501717594081698,0.10628019323671498,0.14982824059183017,0.893719806763285,0.9996671790092827,0.8501717594081698,0.9188787053298904,2
0.9955489563870358,661984,221,1849,115266,0.8517002251527822,0.1067632850241546,0.14829977484721776,0.8932367149758454,0.9996662664884741,0.8517002251527822,0.9197703297428541,2
0.9973362974218419,663176,224,1846,114074,0.8532338372467031,0.10821256038647344,0.14676616275329687,0.8917874396135266,0.9996623454929153,0.8532338372467031,0.9206622010897859,2
0.9991236384566481,664373,227,1843,112877,0.8547738822772596,0.10966183574879228,0.14522611772274044,0.8903381642512077,0.9996584411676196,0.8547738822772596,0.9215563338766168,2
1.0009109794914544,665628,227,1843,111622,0.8563885493727886,0.10966183574879228,0.1436114506272113,0.8903381642512077,0.9996590849359095,0.8563885493727886,0.9224942052033636,2
1.0026983205262605,666850,228,1842,110400,0.857960759086523,0.11014492753623188,0.142039240913477,0.8898550724637682,0.9996582108838846,0.857960759086523,0.923405209896921,2
1.0044856615610667,668019,229,1841,109231,0.8594647796719203,0.1106280193236715,0.14053522032807977,0.8893719806763285,0.9996573128539106,0.8594647796719203,0.9242752324804324,2
1.0062730025958728,669217,229,1841,108033,0.8610061112898038,0.1106280193236715,0.13899388871019622,0.8893719806763285,0.9996579261060639,0.8610061112898038,0.9251660334997815,2
1.008060343630679,670471,233,1837,106779,0.8626194917980058,0.11256038647342995,0.1373805082019942,0.8874396135265701,0.9996526038311982,0.8626194917980058,0.9260943372510453,2
1.0098476846654851,671723,237,1833,105527,0.8642302991315536,0.1144927536231884,0.13576970086844645,0.8855072463768116,0.9996473004345496,0.8642302991315536,0.927019548581641,2
1.0116350257002913,672911,237,1833,104339,0.865758764876166,0.1144927536231884,0.13424123512383404,0.8855072463768116,0.9996479228936281,0.865758764876166,0.9278984113326135,2
1.0134223667350974,674032,238,1832,103218,0.8672010292698616,0.11497584541062802,0.1327989707301383,0.885024154589372,0.9996470256722084,0.8672010292698616,0.9287257495590829,2
1.0152097077699036,675181,241,1829,102069,0.8686793181087167,0.11642512077294687,0.13132068189128338,0.8835748792270531,0.999643186037766,0.8686793181087167,0.9295711626575028,2
1.0169970488047098,676288,242,1828,100962,0.8701035702798328,0.11690821256038647,0.12989642972016727,0.8830917874396135,0.9996422922856341,0.8701035702798328,0.9303856154301201,2
1.018784389839516,677473,243,1827,99777,0.8716281762624638,0.11739130434782609,0.1283718237375362,0.8826086956521739,0.9996414427282224,0.8716281762624638,0.9312561255726938,2
1.020571730874322,678660,245,1825,98590,0.8731553554197491,0.11835748792270531,0.12684464458025088,0.8816425120772947,0.9996391247670882,0.8731553554197491,0.9321260442741329,2
1.0223590719091282,679771,246,1824,97479,0.8745847539401737,0.11884057971014493,0.12541524605982632,0.881159420289855,0.9996382443380092,0.8745847539401737,0.9329395368178925,2
1.0241464129439344,680893,248,1822,96357,0.8760283049211965,0.11980676328502415,0.12397169507880347,0.8801932367149758,0.99963590504756,0.8760283049211965,0.9337591907794274,2
1.0259337539787408,682125,251,1819,95125,0.877613380508202,0.121256038647343,0.12238661949179801,0.878743961352657,0.9996321676026121,0.877613380508202,0.9346572341133962,2
1.027721095013547,683295,252,1818,93955,0.8791186876809264,0.12173913043478261,0.12088131231907366,0.8782608695652174,0.9996313347875128,0.8791186876809264,0.9355098620821373,2
1.029508436048353,684396,253,1817,92854,0.8805352203280797,0.12222222222222222,0.11946477967192023,0.8777777777777778,0.9996304675826592,0.8805352203280797,0.9363109216163361,2
1.0312957770831592,685538,256,1814,91712,0.8820045030556449,0.12367149758454106,0.1179954969443551,0.8763285024154589,0.999626710061622,0.8820045030556449,0.9371392794748483,2
1.0330831181179654,686701,258,1812,90549,0.8835008041170794,0.1246376811594203,0.11649919588292056,0.8753623188405797,0.999624431734645,0.8835008041170794,0.9379822142877143,2
1.0348704591527715,687843,260,1810,89407,0.8849700868446446,0.12560386473429952,0.11502991315535542,0.8743961352657005,0.999622149590977,0.8849700868446446,0.9388086010674561,2
1.0366578001875777,688963,261,1809,88287,0.8864110646510132,0.12608695652173912,0.11358893534898681,0.8739130434782608,0.9996213132450408,0.8864110646510132,0.9396184316939816,2
1.0384451412223838,690060,262,1808,87190,0.8878224509488581,0.12657004830917876,0.11217754905114184,0.8734299516908213,0.9996204669704862,0.8878224509488581,0.9404104193865787,2
1.04023248225719,691134,263,1807,86116,0.8892042457381795,0.12705314009661836,0.11079575426182052,0.8729468599033816,0.9996196107301594,0.8892042457381795,0.9411846413739993,2
1.0420198232919962,692187,266,1804,85063,0.8905590221936314,0.1285024154589372,0.1094409778063686,0.8714975845410629,0.9996158584048304,0.8905590221936314,0.941941331003611,2
1.0438071643268023,693229,267,1803,84021,0.891899646188485,0.1289855072463768,0.10810035381151496,0.8710144927536232,0.9996149941744437,0.891899646188485,0.942690308183738,2
1.0455945053616085,694293,268,1802,82957,0.8932685751045352,0.1294685990338164,0.10673142489546478,0.8705314009661835,0.9996141447619431,0.8932685751045352,0.9434540168540662,2
1.0473818463964146,695304,270,1800,81946,0.8945693148922483,0.13043478260869565,0.10543068510775169,0.8695652173913043,0.9996118313795512,0.8945693148922483,0.9441779873223141,2
1.0491691874312208,696365,271,1799,80885,0.8959343840463171,0.13091787439613525,0.10406561595368286,0.8690821256038648,0.9996109876607009,0.8959343840463171,0.9449373967864543,2
1.050956528466027,697420,273,1797,79830,0.8972917336764233,0.1318840579710145,0.10270826632357671,0.8681159420289855,0.9996087104213458,0.8972917336764233,0.945690782626854,2
1.052743869500833,698444,274,1796,78806,0.8986091990993889,0.1323671497584541,0.10139080090061113,0.8676328502415459,0.9996078532397906,0.8986091990993889,0.9464216026363715,2
1.0545312105356393,699517,277,1793,77733,0.8999897073013831,0.13381642512077294,0.10001029269861691,0.866183574879227,0.999604169226944,0.8999897073013831,0.9471850533904203,2
1.0563185515704454,700557,280,1790,76693,0.9013277581215825,0.13526570048309178,0.0986722418784175,0.8647342995169082,0.9996004777145042,0.9013277581215825,0.9479239043439257,2
1.0581058926052518,701504,283,1787,75746,0.9025461563203603,0.13671497584541062,0.09745384367963976,0.8632850241545894,0.9995967437413347,0.9025461563203603,0.9485956064655584,2
1.059893233640058,702529,284,1786,74721,0.9038649083306529,0.13719806763285025,0.09613509166934706,0.8628019323671497,0.9995959095805,0.9038649083306529,0.9493231031381771,2
1.061680574674864,703547,285,1785,73703,0.9051746542296558,0.13768115942028986,0.09482534577034417,0.8623188405797102,0.9995950738244354,0.9051746542296558,0.950044629534354,2
1.0634679157096703,704524,288,1782,72726,0.906431650048247,0.1391304347826087,0.09356834995175298,0.8608695652173913,0.9995913803964745,0.906431650048247,0.9507348545472456,2
1.0652552567444764,705525,291,1779,71725,0.907719523962689,0.14057971014492754,0.09228047603731103,0.8594202898550725,0.999587711244857,0.907719523962689,0.9514411361328491,2
1.0670425977792826,706497,293,1777,70753,0.9089700868446445,0.14154589371980678,0.09102991315535541,0.8584541062801933,0.9995854497092489,0.9089700868446445,0.9521266273146276,2
1.0688299388140887,707452,295,1775,69798,0.9101987777420393,0.14251207729468598,0.08980122225796076,0.857487922705314,0.999583184386511,0.9101987777420393,0.9527992312442382,2
1.0706172798488949,708392,299,1771,68858,0.9114081698295272,0.14444444444444443,0.08859183017047283,0.8555555555555555,0.9995780953899513,0.9114081698295272,0.9534591211898723,2
1.072404620883701,709355,299,1771,67895,0.9126471534255387,0.14444444444444443,0.08735284657446124,0.8555555555555555,0.999578667914223,0.9126471534255387,0.9541369180525441,2
1.0741919619185072,710322,299,1771,66928,0.9138912833708588,0.14444444444444443,0.0861087166291412,0.8555555555555555,0.9995792412551838,0.9138912833708588,0.9548166474109651,2
1.0759793029533133,711293,300,1770,65957,0.9151405596654872,0.14492753623188406,0.0848594403345127,0.855072463768116,0.9995784106926291,0.9151405596654872,0.9554976582487207,2
1.0777666439881195,712213,303,1767,65037,0.916324220006433,0.1463768115942029,0.08367577999356707,0.8536231884057971,0.99957474639166,0.916324220006433,0.9561407630460087,2
1.0795539850229257,713140,305,1765,64110,0.9175168864586684,0.1473429951690821,0.08248311354133162,0.8526570048309179,0.9995724968287675,0.9175168864586684,0.9567886120232508,2
1.0813413260577318,714011,306,1764,63239,0.9186375040205854,0.14782608695652175,0.0813624959794146,0.8521739130434782,0.9995716187630982,0.9186375040205854,0.957397153463438,2
1.083128667092538,714981,310,1760,62269,0.9198854937278867,0.1497584541062802,0.08011450627211322,0.8502415458937198,0.9995666099531519,0.9198854937278867,0.9580721735617314,2
1.0849160081273441,715902,311,1759,61348,0.9210704406561595,0.1502415458937198,0.07892955934384047,0.8497584541062801,0.9995657716349745,0.9210704406561595,0.9587140759429594,2
1.0867033491621503,716837,311,1759,60413,0.922273399807012,0.1502415458937198,0.0777266001929881,0.8497584541062801,0.9995663377712829,0.922273399807012,0.9593655773093915,2
1.0884906901969564,717712,314,1756,59538,0.9233991637182374,0.15169082125603864,0.07660083628176262,0.8483091787439614,0.9995626899304482,0.9233991637182374,0.9599726070638465,2
1.0902780312317628,718622,318,1752,58628,0.9245699581859119,0.1536231884057971,0.07543004181408813,0.8463768115942029,0.9995576821431552,0.9245699581859119,0.9606025972637166,2
1.092065372266569,719482,325,1745,57768,0.9256764232872307,0.1570048309178744,0.07432357671276937,0.8429951690821256,0.999548490081369,0.9256764232872307,0.9611951983124223,2
1.0938527133013751,720370,326,1744,56880,0.9268189128337085,0.157487922705314,0.07318108716629142,0.842512077294686,0.9995476594847204,0.9268189128337085,0.9618103723365194,2
1.0956400543361813,721266,332,1738,55984,0.9279716950788035,0.1603864734299517,0.07202830492119652,0.8396135265700483,0.99953991003301,0.9279716950788035,0.9624271440466278,2
1.0974273953709874,722124,333,1737,55126,0.929075587005468,0.1608695652173913,0.070924412994532,0.8391304347826087,0.999539072913682,0.929075587005468,0.9630201099281392,2
1.0992147364057936,722915,339,1731,54335,0.9300932775812158,0.16376811594202897,0.06990672241878418,0.836231884057971,0.9995312849980781,0.9300932775812158,0.963562909529065,2
1.1010020774405997,723745,343,1727,53505,0.9311611450627212,0.16570048309178745,0.06883885493727887,0.8342995169082126,0.9995263006706367,0.9311611450627212,0.964133326406179,2
1.102789418475406,724586,348,1722,52664,0.9322431650048247,0.1681159420289855,0.06775683499517529,0.8318840579710145,0.99951995629947,0.9322431650048247,0.9647100488355621,2
1.104576759510212,725397,351,1719,51853,0.9332865873271148,0.16956521739130434,0.06671341267288518,0.8304347826086956,0.9995163610509433,0.9332865873271148,0.9652667535153074,2
1.1063641005450182,726167,357,1713,51083,0.9342772595689932,0.17246376811594202,0.06572274043100676,0.827536231884058,0.9995086191233875,0.9342772595689932,0.9657927321525708,2
1.1081514415798244,726963,361,1709,50287,0.9353013830813767,0.17439613526570047,0.06469861691862336,0.8256038647342995,0.9995036599919706,0.9353013830813767,0.9663373154128677,2
1.1099387826146305,727708,369,1701,49542,0.9362598906400772,0.1782608695652174,0.0637401093599228,0.8217391304347826,0.9994931854735145,0.9362598906400772,0.9668437488997407,2
1.1117261236494367,728427,372,1698,48823,0.9371849469282728,0.17971014492753623,0.06281505307172724,0.8202898550724638,0.9994895711986432,0.9371849469282728,0.9673350601474454,2
1.1135134646842428,729152,376,1694,48098,0.938117722740431,0.18164251207729468,0.06188227725956899,0.8183574879227054,0.9994845982607933,0.938117722740431,0.9678293683608334,2
1.115300805719049,729914,385,1685,47336,0.9390981022836925,0.1859903381642512,0.060901897716307496,0.8140096618357487,0.9994728186674225,0.9390981022836925,0.9683453075157094,2
1.1170881467538551,730645,389,1681,46605,0.9400385976198135,0.18792270531400967,0.05996140238018655,0.8120772946859903,0.9994678770070886,0.9400385976198135,0.9688427378398233,2
1.1188754877886613,731424,394,1676,45826,0.9410408491476359,0.19033816425120773,0.058959150852364105,0.8096618357487922,0.9994616147730719,0.9410408491476359,0.969371824198777,2
1.1206628288234677,732120,395,1675,45130,0.9419363139273078,0.19082125603864733,0.05806368607269218,0.8091787439613527,0.9994607618956608,0.9419363139273078,0.9698463005832033,2
1.1224501698582738,732850,397,1673,44400,0.9428755226761016,0.19178743961352657,0.05712447732389836,0.8082125603864734,0.9994585726228679,0.9428755226761016,0.9703428739017688,2
1.12423751089308,733613,402,1668,43637,0.9438571888066902,0.19420289855072465,0.056142811193309744,0.8057971014492754,0.9994523272685163,0.9438571888066902,0.9708595117335477,2
1.1260248519278862,734312,408,1662,42938,0.9447565133483435,0.19710144927536233,0.05524348665165648,0.8028985507246377,0.9994446864111498,0.9447565133483435,0.9713314417614105,2
1.1278121929626923,735084,418,1652,42166,0.9457497587648762,0.20193236714975846,0.054250241235123835,0.7980676328502415,0.9994316806752395,0.9457497587648762,0.9718499793753372,2
1.1295995339974985,735805,422,1648,41445,0.946677388227726,0.2038647342995169,0.05332261177227404,0.7961352657004831,0.9994268072211424,0.946677388227726,0.9723372076351342,2
1.1313868750323046,736539,427,1643,40711,0.9476217433258283,0.20628019323671498,0.05237825667417176,0.793719806763285,0.9994205974224049,0.9476217433258283,0.9728321454799052,2
1.1331742160671108,737245,429,1641,40005,0.9485300739787713,0.2072463768115942,0.05146992602122869,0.7927536231884058,0.999418442292937,0.9485300739787713,0.9733095521623526,2
1.134961557101917,737920,435,1635,39330,0.9493985204245738,0.21014492753623187,0.050601479575426184,0.7898550724637681,0.9994108525031997,0.9493985204245738,0.9737629527482425,2
1.136748898136723,738601,439,1631,38649,0.950274686394339,0.21207729468599035,0.04972531360566099,0.7879227053140097,0.9994059861441871,0.950274686394339,0.9742212901226018,2
1.1385362391715292,739280,442,1628,37970,0.95114827918945,0.2135265700483092,0.04885172081055002,0.7864734299516908,0.9994024782283074,0.95114827918945,0.9746785042835332,2
1.1403235802063354,739950,447,1623,37300,0.9520102926986169,0.21594202898550724,0.047989707301383085,0.7840579710144927,0.9993962698390187,0.9520102926986169,0.975127944772401,2
1.1421109212411416,740596,450,1620,36654,0.9528414281119331,0.21739130434782608,0.0471585718880669,0.782608695652174,0.999392750247623,0.9528414281119331,0.9755620774868669,2
1.1438982622759477,741245,453,1617,36005,0.9536764232872306,0.21884057971014492,0.046323576712769376,0.7811594202898551,0.9993892392860706,0.9536764232872306,0.9759978616779508,2
1.1456856033107539,741908,457,1613,35342,0.9545294306851078,0.22077294685990337,0.04547056931489225,0.7792270531400967,0.9993843998572131,0.9545294306851078,0.976442059337398,2
1.14747294434556,742510,458,1612,34740,0.9553039562560309,0.221256038647343,0.04469604374396912,0.778743961352657,0.9993835535312423,0.9553039562560309,0.9768467417173065,2
1.1492602853803662,743114,464,1606,34136,0.9560810550016082,0.22415458937198068,0.043918944998391767,0.7758454106280194,0.9993759901449478,0.9560810550016082,0.9772492352849894,2
1.1510476264151723,743745,469,1601,33505,0.9568928916050177,0.22657004830917873,0.04310710839498231,0.7734299516908213,0.9993698049217026,0.9568928916050177,0.9776701913420232,2
1.1528349674499787,744392,472,1598,32858,0.9577253136056609,0.22801932367149758,0.04227468639433902,0.7719806763285024,0.9993663272758517,0.9577253136056609,0.9781028227846271,2
1.1546223084847849,745056,475,1595,32194,0.9585796075908652,0.22946859903381642,0.04142039240913477,0.7705314009661836,0.9993628702227003,0.9585796075908652,0.9785464883000247,2
1.156409649519591,745660,475,1595,31590,0.9593567063364425,0.22946859903381642,0.040643293663557414,0.7705314009661836,0.9993633859824295,0.9593567063364425,0.9789514797638155,2
1.1581969905543972,746227,476,1594,31023,0.9600862013509167,0.22995169082125605,0.03991379864908331,0.770048309178744,0.999362531019696,0.9600862013509167,0.9793307273911991,2
1.1599843315892033,746776,481,1589,30474,0.9607925377935027,0.2323671497584541,0.03920746220649727,0.7676328502415459,0.9993563124868686,0.9607925377935027,0.9796950751948007,2
1.1617716726240095,747358,482,1588,29892,0.9615413316178836,0.23285024154589373,0.03845866838211644,0.7671497584541063,0.9993554771074027,0.9615413316178836,0.9800837983332131,2
1.1635590136588156,747975,486,1584,29275,0.9623351559987134,0.23478260869565218,0.037664844001286585,0.7652173913043478,0.9993506675698534,0.9623351559987134,0.9804936845837777,2
1.1653463546936218,748555,490,1580,28695,0.96308137664844,0.23671497584541062,0.03691862335155999,0.7632850241545893,0.9993458336949048,0.96308137664844,0.9808785326558758,2
1.167133695728428,749118,494,1576,28132,0.9638057253136056,0.23864734299516907,0.036194274686394336,0.7613526570048309,0.9993409924067385,0.9638057253136056,0.9812517437725218,2
1.1689210367632341,749650,496,1574,27600,0.9644901897716307,0.2396135265700483,0.03550981022836925,0.7603864734299517,0.9993387953811658,0.9644901897716307,0.9816052942393458,2
1.1707083777980403,750226,498,1572,27024,0.9652312640720488,0.24057971014492754,0.03476873592795111,0.7594202898550725,0.9993366403631694,0.9652312640720488,0.9819879134069035,2
1.1724957188328464,750751,500,1570,26499,0.9659067224187842,0.24154589371980675,0.034093277581215824,0.7584541062801933,0.999334443481606,0.9659067224187842,0.9823362889523789,2
1.1742830598676526,751278,510,1560,25972,0.9665847539401737,0.2463768115942029,0.03341524605982631,0.7536231884057971,0.9993216172644416,0.9665847539401737,0.9826806135622528,2
1.1760704009024587,751819,514,1556,25431,0.9672807976841428,0.24830917874396136,0.03271920231585719,0.7516908212560387,0.9993167918993318,0.9672807976841428,0.9830378606456791,2
1.177857741937265,752305,517,1553,24945,0.9679060791251206,0.2497584541062802,0.03209392087487938,0.7502415458937198,0.9993132506754585,0.9679060791251206,0.9833589530427327,2
1.179645082972071,752795,519,1551,24455,0.9685365069154069,0.25072463768115943,0.03146349308459312,0.7492753623188406,0.9993110442657378,0.9685365069154069,0.9836831390258756,2
1.1814324240068772,753271,522,1548,23979,0.9691489224831136,0.25217391304347825,0.03085107751688646,0.7478260869565218,0.9993075021922464,0.9691489224831136,0.9839971836192714,2
1.1832197650416834,753776,524,1546,23474,0.9697986490833065,0.2531400966183575,0.03020135091669347,0.7468599033816425,0.9993053161871934,0.9697986490833065,0.984330906597891,2
1.1850071060764897,754209,531,1539,23041,0.9703557413959473,0.2565217391304348,0.02964425860405275,0.7434782608695653,0.999296446458383,0.9703557413959473,0.9846134765892728,2
1.186794447111296,754683,534,1536,22567,0.9709655837889997,0.2579710144927536,0.029034416211000322,0.7420289855072464,0.9992929184591978,0.9709655837889997,0.9849256134063571,2
1.188581788146102,755131,538,1532,22119,0.9715419749115471,0.2599033816425121,0.02845802508845288,0.740096618357488,0.9992880480739583,0.9715419749115471,0.9852197017585406,2
1.1903691291809082,755602,544,1526,21648,0.9721479575426182,0.26280193236714977,0.027852042457381796,0.7371980676328502,0.9992805622194656,0.9721479575426182,0.9855275480045598,2
1.1921564702157144,756049,546,1524,21201,0.9727230620778385,0.263768115942029,0.027276937922161466,0.736231884057971,0.9992783457464033,0.9727230620778385,0.9858219050816738,2
1.1939438112505205,756507,548,1522,20743,0.9733123190736571,0.2647342995169082,0.026687680926342876,0.7352657004830918,0.9992761424202997,0.9733123190736571,0.9861233587845962,2
1.1957311522853267,756934,555,1515,20316,0.9738616918623352,0.26811594202898553,0.026138308137664844,0.7318840579710145,0.999267316093039,0.9738616918623352,0.9864009450466822,2
1.1975184933201328,757334,560,1510,19916,0.9743763267931811,0.27053140096618356,0.025623673206818912,0.7294685990338164,0.9992611103927462,0.9743763267931811,0.9866618375865718,2
1.199305834354939,757750,568,1502,19500,0.9749115471212608,0.2743961352657005,0.025088452878739145,0.7256038647342995,0.9992509738658452,0.9749115471212608,0.9869312202390255,2
1.2010931753897451,758129,577,1493,19121,0.9753991637182374,0.278743961352657,0.024600836281762625,0.721256038647343,0.9992394946131967,0.9753991637182374,0.9871754138790434,2
1.2028805164245513,758498,581,1489,18752,0.9758739144419427,0.2806763285024155,0.02412608555805725,0.7193236714975846,0.9992345987703519,0.9758739144419427,0.9874161068364915,2
1.2046678574593574,758887,586,1484,18363,0.9763743969121904,0.28309178743961355,0.023625603087809584,0.7169082125603865,0.999228412333289,0.9763743969121904,0.9876692155970855,2
1.2064551984941636,759245,588,1482,18005,0.9768349951752975,0.28405797101449276,0.023165004824702476,0.7159420289855073,0.9992261457451835,0.9768349951752975,0.9879037111203494,2
1.2082425395289698,759657,595,1475,17593,0.9773650691540688,0.28743961352657005,0.022634930845931166,0.7125603864734299,0.9992173647685241,0.9773650691540688,0.9881704218921341,2
1.210029880563776,760056,598,1472,17194,0.9778784174975876,0.28888888888888886,0.022121582502412352,0.7111111111111111,0.9992138344109148,0.9778784174975876,0.9884310073970808,2
1.211817221598582,760433,603,1467,16817,0.9783634609199099,0.29130434782608694,0.021636539080090063,0.7086956521739131,0.9992076590332126,0.9783634609199099,0.9886757078982712,2
1.2136045626333882,760800,611,1459,16450,0.978835638468961,0.2951690821256039,0.02116436153103892,0.7048309178743961,0.9991975424573588,0.978835638468961,0.9889117875867394,2
1.2153919036681946,761119,619,1451,16131,0.9792460598263107,0.2990338164251208,0.02075394017368929,0.7009661835748793,0.9991873846388128,0.9792460598263107,0.9891162244280007,2
1.2171792447030008,761514,627,1443,15736,0.979754261820521,0.30289855072463767,0.02024573817947893,0.6971014492753623,0.9991773175829669,0.979754261820521,0.9893704718294442,2
1.218966585737807,761848,630,1440,15402,0.9801839819877775,0.30434782608695654,0.01981601801222258,0.6956521739130435,0.9991737466523625,0.9801839819877775,0.9895877713466275,2
1.220753926772613,762195,632,1438,15055,0.9806304277902863,0.30531400966183575,0.019369572209713734,0.6946859903381642,0.9991715028440262,0.9806304277902863,0.9898141456563536,2
1.2225412678074192,762520,635,1435,14730,0.9810485686715986,0.30676328502415456,0.018951431328401415,0.6932367149758454,0.9991679278783471,0.9810485686715986,0.9900253504760111,2
1.2243286088422254,762844,643,1427,14406,0.9814654229655838,0.3106280193236715,0.01853457703441621,0.6893719806763285,0.9991578114624087,0.9814654229655838,0.9902325964781789,2
1.2261159498770315,763169,645,1425,14081,0.9818835638468961,0.3115942028985507,0.01811643615310389,0.6884057971014492,0.9991555535771798,0.9818835638468961,0.9904442644822019,2
1.2279032909118377,763521,656,1414,13729,0.9823364425860406,0.3169082125603865,0.017663557413959474,0.6830917874396135,0.9991415601359371,0.9823364425860406,0.9906677384008454,2
1.2296906319466439,763814,658,1412,13436,0.9827134126728851,0.3178743961352657,0.017286587327114827,0.6821256038647343,0.9991392752121726,0.9827134126728851,0.9908582740597851,2
1.23147797298145,764158,665,1405,13092,0.9831559987134126,0.321256038647343,0.016844001286587328,0.678743961352657,0.9991305177799308,0.9831559987134126,0.9910788918553142,2
1.2332653140162562,764426,672,1398,12824,0.9835008041170794,0.32463768115942027,0.016499195882920554,0.6753623188405797,0.9991216811441149,0.9835008041170794,0.991249704995241,2
1.2350526550510623,764747,674,1396,12503,0.9839137986490833,0.32560386473429953,0.016086201350916693,0.6743961352657005,0.9991194388447665,0.9839137986490833,0.9914583213141365,2
1.2368399960858685,765056,681,1389,12194,0.9843113541331618,0.3289855072463768,0.01568864586683821,0.6710144927536232,0.9991106607098782,0.9843113541331618,0.9916557948965221,2
1.2386273371206746,765328,688,1382,11922,0.984661305886137,0.3323671497584541,0.015338694113862978,0.6676328502415458,0.9991018464366279,0.984661305886137,0.9918290171623038,2
1.2404146781554808,765607,701,1369,11643,0.9850202637504021,0.3386473429951691,0.014979736249597942,0.6613526570048309,0.9990852242179384,0.9850202637504021,0.9920028920196067,2
1.242202019190287,765886,713,1357,11364,0.9853792216146671,0.34444444444444444,0.014620778385332904,0.6555555555555556,0.999069917910146,0.9853792216146671,0.9921773437687235,2
1.243989360225093,766172,720,1350,11078,0.9857471855902219,0.34782608695652173,0.014252814409778063,0.6521739130434783,0.9990611455067989,0.9857471855902219,0.9923595109776174,2
1.2457767012598993,766427,725,1345,10823,0.9860752653586362,0.3502415458937198,0.013924734641363783,0.6497584541062802,0.9990549460863036,0.9860752653586362,0.9925226722058117,2
1.2475640422947056,766674,728,1342,10576,0.9863930524284336,0.3516908212560386,0.01360694757156642,0.6483091787439613,0.9990513446668109,0.9863930524284336,0.9926818467849069,2
1.2493513833295118,766909,735,1335,10341,0.9866954004503056,0.35507246376811596,0.013304599549694436,0.644927536231884,0.9990425249204058,0.9866954004503056,0.9928305760783588,2
1.251138724364318,767140,735,1335,10110,0.9869926021228691,0.35507246376811596,0.01300739787713091,0.644927536231884,0.9990428129578381,0.9869926021228691,0.992981150392363,2
1.252926065399124,767360,741,1329,9890,0.9872756513348343,0.35797101449275365,0.012724348665165648,0.6420289855072464,0.9990352831203189,0.9872756513348343,0.9931206567310598,2
1.2547134064339303,767596,746,1324,9654,0.9875792859440334,0.36038647342995167,0.012420714055966548,0.6396135265700483,0.9990290781969487,0.9875792859440334,0.9932711867038649,2
1.2565007474687364,767814,756,1314,9436,0.9878597619813445,0.3652173913043478,0.012140238018655516,0.6347826086956522,0.9990163550489871,0.9878597619813445,0.9934067355837031,2
1.2582880885035426,768057,760,1310,9193,0.9881724027018334,0.3671497584541063,0.011827597298166613,0.6328502415458938,0.9990114682687817,0.9881724027018334,0.9935623747224409,2
1.2600754295383487,768283,770,1300,8967,0.9884631714377613,0.3719806763285024,0.011536828562238663,0.6280193236714976,0.998998768615427,0.9884631714377613,0.9937030452634444,2
1.2618627705731549,768507,774,1296,8743,0.9887513669990351,0.3739130434782609,0.011248633000964941,0.6260869565217392,0.9989938657005698,0.9887513669990351,0.9938462274600381,2
1.263650111607961,768722,779,1291,8528,0.9890279832743647,0.37632850241545895,0.010972016725635253,0.6236714975845411,0.9989876556365749,0.9890279832743647,0.9939828711925837,2
1.2654374526427672,768948,786,1284,8302,0.9893187520102927,0.37971014492753624,0.010681247989707302,0.6202898550724638,0.9989788680245384,0.9893187520102927,0.9941253432485403,2
1.2672247936775733,769166,788,1282,8084,0.9895992280476037,0.38067632850241545,0.010400771952396269,0.6193236714975845,0.9989765622361856,0.9895992280476037,0.9942657852487454,2
1.2690121347123795,769371,794,1276,7879,0.9898629784496623,0.38357487922705313,0.01013702155033773,0.6164251207729469,0.9989690520862412,0.9898629784496623,0.9943951687168601,2
1.2707994757471857,769569,798,1272,7681,0.990117722740431,0.3855072463768116,0.009882277259568993,0.6144927536231884,0.9989641300834537,0.990117722740431,0.9945212542896595,2
1.2725868167819918,769762,804,1266,7488,0.9903660340945641,0.3884057971014493,0.009633965905435832,0.6115942028985507,0.9989566111144276,0.9903660340945641,0.9946427740765053,2
1.274374157816798,769954,806,1264,7296,0.9906130588613702,0.3893719806763285,0.009386941138629784,0.6106280193236715,0.9989542788935596,0.9906130588613702,0.9947661836809838,2
1.2761614988516041,770146,813,1257,7104,0.9908600836281762,0.3927536231884058,0.009139916371823738,0.6072463768115942,0.9989454692143162,0.9908600836281762,0.9948863493236378,2
1.2779488398864103,770337,820,1250,6913,0.9911058218076552,0.3961352657004831,0.008894178192344806,0.6038647342995169,0.9989366627029256,0.9911058218076552,0.9950058350291621,2
1.2797361809212167,770528,825,1245,6722,0.9913515599871341,0.39855072463768115,0.008648440012865874,0.6014492753623188,0.9989304507793448,0.9913515599871341,0.99512657537148,2
1.2815235219560228,770729,828,1242,6521,0.9916101640398842,0.4,0.008389835960115792,0.6,0.9989268453270465,0.9916101640398842,0.9952550576023999,2
1.283310862990829,770890,834,1236,6360,0.9918173045995496,0.4028985507246377,0.008182695400450305,0.5971014492753624,0.9989193027559076,0.9918173045995496,0.9953556354076957,2
1.2850982040256351,771069,841,1229,6181,0.9920476037311032,0.406280193236715,0.00795239626889675,0.5937198067632851,0.9989104947467969,0.9920476037311032,0.9954672209455447,2
1.2868855450604413,771236,847,1223,6014,0.9922624638147314,0.4091787439613527,0.007737536185268575,0.5908212560386473,0.9989029676861166,0.9922624638147314,0.9955716427649833,2
1.2886728860952474,771371,853,1217,5879,0.9924361531038919,0.41207729468599036,0.007563846896108073,0.5879227053140097,0.9988953982264214,0.9924361531038919,0.9956552997985123,2
1.2904602271300536,771513,858,1212,5737,0.9926188485043422,0.4144927536231884,0.007381151495657768,0.5855072463768116,0.9988891348846604,0.9926188485043422,0.9957441206591805,2
1.2922475681648598,771659,868,1202,5591,0.992806690254101,0.41932367149758454,0.007193309745899003,0.5806763285024155,0.9988764146754742,0.992806690254101,0.9958323036152943,2
1.294034909199666,771801,870,1200,5449,0.9929893856545513,0.42028985507246375,0.0070106143454486975,0.5797101449275363,0.9988740356503609,0.9929893856545513,0.9959230180118859,2
1.295822250234472,771943,874,1196,5307,0.9931720810550017,0.4222222222222222,0.006827918944998392,0.5777777777777777,0.9988690724971112,0.9931720810550017,0.9960124304304266,2
1.2976095912692782,772073,878,1192,5177,0.9933393374075266,0.4241545893719807,0.006660662592473464,0.5758454106280193,0.9988640935841987,0.9933393374075266,0.9960940548999774,2
1.2993969323040844,772226,889,1181,5024,0.9935361852685751,0.4294685990338164,0.0064638147314248955,0.5705314009661836,0.9988501063877948,0.9935361852685751,0.9961860594118159,2
1.3011842733388905,772369,895,1175,4881,0.9937201672563525,0.4323671497584541,0.006279832743647475,0.5676328502415459,0.9988425686440854,0.9937201672563525,0.9962747837168836,2
1.3029716143736967,772491,901,1169,4759,0.9938771309102605,0.43526570048309177,0.006122869089739466,0.5647342995169082,0.998835002172249,0.9938771309102605,0.9963498989450821,2
1.3047589554085028,772612,908,1162,4638,0.9940328079768415,0.4386473429951691,0.005967192023158572,0.561352657004831,0.9988261454131762,0.9940328079768415,0.9964237120914128,2
1.306546296443309,772737,916,1154,4513,0.9941936313927308,0.442512077294686,0.0058063686072692185,0.557487922705314,0.9988160066593162,0.9941936313927308,0.9964994587024462,2
1.3083336374781152,772866,928,1142,4384,0.9943596011579285,0.44830917874396137,0.005640398842071405,0.5516908212560386,0.9988007144020243,0.9943596011579285,0.9965752099875954,2
1.3101209785129215,773001,933,1137,4249,0.994533290447089,0.45072463768115945,0.005466709552910904,0.5492753623188406,0.9987944708463512,0.994533290447089,0.996659326037401,2
1.3119083195477277,773101,938,1132,4149,0.9946619491798006,0.45314009661835747,0.005338050820199421,0.5468599033816425,0.9987881747560523,0.9946619491798006,0.9967207915481899,2
1.3136956605825338,773219,947,1123,4031,0.9948137664844001,0.457487922705314,0.005186233515599871,0.542512077294686,0.998776748139288,0.9948137664844001,0.9967913183826904,2
1.31548300161734,773340,959,1111,3910,0.994969443550981,0.4632850241545894,0.005030556449018977,0.5367149758454106,0.9987614603660859,0.994969443550981,0.9968618458069968,2
1.3172703426521462,773452,965,1105,3798,0.9951135413316179,0.46618357487922707,0.004886458668382117,0.533816425120773,0.9987539013218977,0.9951135413316179,0.9969303980815472,2
1.3190576836869523,773565,972,1098,3685,0.9952589256995819,0.46956521739130436,0.0047410743004181405,0.5304347826086957,0.9987450567242108,0.9952589256995819,0.9969989437983434,2
1.3208450247217585,773671,977,1093,3579,0.9953953039562561,0.47198067632850244,0.0046046960437439695,0.5280193236714976,0.9987387820016317,0.9953953039562561,0.9970642400467041,2
1.3226323657565646,773770,983,1087,3480,0.9955226761016404,0.4748792270531401,0.004477323898359601,0.5251207729468599,0.9987312085271047,0.9955226761016404,0.9971243612286832,2
1.3244197067913708,773874,992,1078,3376,0.9956564811836603,0.4792270531400966,0.004343518816339659,0.5207729468599034,0.9987197786455981,0.9956564811836603,0.9971857773516928,2
1.326207047826177,773971,996,1074,3279,0.9957812801543905,0.4811594202898551,0.004218719845609521,0.518840579710145,0.9987147839843503,0.9957812801543905,0.9972458747713754,2
1.327994388860983,774055,1007,1063,3195,0.9958893534898682,0.4864734299516908,0.004110646510131875,0.5135265700483091,0.9987007491013622,0.9958893534898682,0.9972930699498556,2
1.3297817298957892,774157,1013,1057,3093,0.9960205853972338,0.4893719806763285,0.003979414602766163,0.5106280193236715,0.9986931898809294,0.9960205853972338,0.9973550972030765,2
1.3315690709305954,774244,1021,1049,3006,0.9961325184946929,0.4932367149758454,0.0038674815053071727,0.5067632850241546,0.998683030963606,0.9961325184946929,0.9974061442240494,2
1.3333564119654016,774324,1027,1043,2926,0.996235445480862,0.4961352657004831,0.0037645545191379863,0.503864734299517,0.9986754386078047,0.996235445480862,0.9974539498557581,2
1.3351437530002077,774418,1034,1036,2832,0.9963563846896109,0.4995169082125604,0.003643615310389193,0.5004830917874397,0.9986665841341565,0.9963563846896109,0.9975101468279166,2
1.3369310940350139,774511,1043,1027,2739,0.9964760373110325,0.503864734299517,0.0035239626889675135,0.4961352657004831,0.9986551548957262,0.9964760373110325,0.9975644060679906,2
1.33871843506982,774597,1056,1014,2653,0.9965866838211643,0.5101449275362319,0.0034133161788356386,0.48985507246376814,0.9986385664723788,0.9965866838211643,0.9976115700723097,2
1.3405057761046262,774674,1063,1007,2576,0.9966857510453522,0.5135265700483091,0.0033142489546477967,0.4864734299516908,0.9986296902171741,0.9966857510453522,0.9976567736883825,2
1.3422931171394326,774741,1072,998,2509,0.9967719523962689,0.5178743961352656,0.0032280476037311033,0.4821256038647343,0.998618223721438,0.9967719523962689,0.9976942339106655,2
1.3440804581742387,774813,1082,988,2437,0.9968645866838212,0.5227053140096618,0.003135413316178836,0.47729468599033814,0.998605481411789,0.9968645866838212,0.9977342746491795,2
1.3458677992090449,774882,1089,981,2368,0.996953361209392,0.5260869565217391,0.0030466387906079124,0.47391304347826085,0.9985965970377759,0.996953361209392,0.9977743025622239,2
1.347655140243851,774951,1099,971,2299,0.997042135734963,0.5309178743961352,0.0029578642650369895,0.46908212560386475,0.99858385413311,0.997042135734963,0.9978123994077126,2
1.3494424812786572,775026,1107,963,2224,0.9971386297844966,0.5347826086956522,0.002861370215503377,0.4652173913043478,0.9985736980646358,0.9971386297844966,0.9978556479631875,2
1.3512298223134633,775104,1123,947,2146,0.9972389835960116,0.542512077294686,0.0027610164039884207,0.457487922705314,0.9985532582607922,0.9972389835960116,0.9978956881884959,2
1.3530171633482695,775169,1136,934,2081,0.997322611772274,0.548792270531401,0.0026773882277259567,0.45120772946859905,0.9985366576281229,0.997322611772274,0.997929265458899,2
1.3548045043830756,775234,1146,924,2016,0.9974062399485365,0.553623188405797,0.0025937600514634933,0.4463768115942029,0.9985239186996059,0.9974062399485365,0.997964766385819,2
1.3565918454178818,775291,1156,914,1959,0.997479575426182,0.5584541062801932,0.002520424573817948,0.44154589371980674,0.9985111668922669,0.997479575426182,0.9979951045795931,2
1.358379186452688,775344,1166,904,1906,0.9975477645545191,0.5632850241545894,0.002452235445480862,0.43671497584541064,0.9984984095504243,0.9975477645545191,0.998022860673463,2
1.3601665274874941,775394,1178,892,1856,0.9976120939208749,0.5690821256038647,0.0023879060791251205,0.43091787439613527,0.9984830769072282,0.9976120939208749,0.9980473953902056,2
1.3619538685223003,775449,1190,880,1801,0.9976828562238662,0.5748792270531401,0.002317143776133805,0.4251207729468599,0.9984677565767365,0.9976828562238662,0.9980751520861528,2
1.3637412095571064,775508,1199,871,1742,0.997758764876166,0.5792270531400966,0.00224123512383403,0.4207729468599034,0.9984563033421869,0.997758764876166,0.9981074122385626,2
1.3655285505919126,775565,1208,862,1685,0.9978321003538115,0.5835748792270531,0.002167899646188485,0.41642512077294686,0.9984448481087782,0.9978321003538115,0.9981383801912841,2
1.3673158916267187,775621,1217,853,1629,0.99790414924413,0.5879227053140097,0.0020958507558700547,0.41207729468599036,0.9984333928051923,0.99790414924413,0.9981687008715079,2
1.369103232661525,775676,1230,840,1574,0.9979749115471213,0.5942028985507246,0.0020250884528787393,0.4057971014492754,0.9984167968840503,0.9979749115471213,0.9981958053116933,2
1.370890573696331,775721,1246,824,1529,0.9980328079768415,0.6019323671497585,0.001967192023158572,0.39806763285024155,0.9983963282867869,0.9980328079768415,0.9982145350359698,2
1.3726779147311374,775770,1254,816,1480,0.99809585075587,0.6057971014492753,0.0019041492441299454,0.39420289855072466,0.9983861502347418,0.99809585075587,0.9982409793897343,2
1.3744652557659436,775815,1260,810,1435,0.9981537471855902,0.6086956521739131,0.0018462528144097782,0.391304347826087,0.9983785348904546,0.9981537471855902,0.9982661283837034,2
1.3762525968007497,775863,1268,802,1387,0.9982155033772917,0.6125603864734299,0.0017844966227082662,0.38743961352657,0.998368357458395,0.9982155033772917,0.9982919245667567,2
1.378039937835556,775904,1274,796,1346,0.9982682534577034,0.6154589371980677,0.0017317465422965583,0.38454106280193234,0.9983607358931931,0.9982682534577034,0.9983144925335878,2
1.379827278870362,775943,1280,790,1307,0.9983184303634609,0.6183574879227053,0.00168156963653908,0.38164251207729466,0.9983531110118975,0.9983184303634609,0.9983357703864911,2
1.3816146199051682,775987,1285,785,1263,0.998375040205854,0.6207729468599034,0.0016249597941460276,0.37922705314009664,0.9983467820788604,0.998375040205854,0.9983609109423989,2
1.3834019609399744,776035,1293,777,1215,0.9984367963975554,0.6246376811594203,0.001563203602444516,0.3753623188405797,0.9983366095136159,0.9984367963975554,0.9983867004421778,2
1.3851893019747805,776061,1301,769,1189,0.9984702476680605,0.6285024154589371,0.0015297523319395304,0.3714975845410628,0.9983263910507588,0.9984702476680605,0.9983983141774281,2
1.3869766430095867,776095,1307,763,1155,0.9985139916371824,0.6314009661835749,0.0014860083628176262,0.3685990338164251,0.9983187591490632,0.9985139916371824,0.9984163658490774,2
1.3887639840443928,776135,1315,755,1115,0.998565455130267,0.6352657004830918,0.001434544869733033,0.3647342995169082,0.9983085728985787,0.998565455130267,0.9984369974914775,2
1.390551325079199,776165,1325,745,1085,0.9986040527500805,0.6400966183574879,0.0013959472499195883,0.35990338164251207,0.9982957980166948,0.9986040527500805,0.9984499015912629,2
1.3923386661140051,776201,1334,736,1049,0.9986503698938566,0.6444444444444445,0.0013496301061434546,0.35555555555555557,0.9982843216061014,0.9986503698938566,0.9984673122007224,2
1.3941260071488113,776232,1338,732,1018,0.9986902541009971,0.6463768115942029,0.0013097458990028949,0.3536231884057971,0.998279254600872,0.9986902541009971,0.9984847120567011,2
1.3959133481836175,776275,1347,723,975,0.9987455773560631,0.6507246376811594,0.0012544226439369572,0.3492753623188406,0.9982677959214117,0.9987455773560631,0.9985066294846136,2
1.3977006892184236,776302,1348,722,948,0.9987803152138951,0.6512077294685991,0.001219684786104857,0.34879227053140094,0.99826657236546,0.9987803152138951,0.9985233777091775,2
1.3994880302532298,776333,1354,716,917,0.9988201994210357,0.6541062801932367,0.0011798005789642972,0.3458937198067633,0.9982589396505278,0.9988201994210357,0.9985394906674676,2
1.401275371288036,776361,1363,707,889,0.9988562238661949,0.6584541062801932,0.001143776133805082,0.34154589371980676,0.9982474502522746,0.9988562238661949,0.9985517442735377,2
1.403062712322842,776381,1370,700,869,0.9988819556127372,0.6618357487922706,0.0011180443872627855,0.33816425120772947,0.9982385107830141,0.9988819556127372,0.9985601295433251,2
1.4048500533576485,776408,1374,696,842,0.9989166934705693,0.663768115942029,0.001083306529430685,0.336231884057971,0.9982334381613357,0.9989166934705693,0.9985749489399576,2
1.4066373943924546,776433,1381,689,817,0.9989488581537472,0.6671497584541063,0.0010511418462528144,0.3328502415458937,0.9982245112584757,0.9989488581537472,0.9985865533508589,2
1.4084247354272608,776456,1389,681,794,0.9989784496622708,0.6710144927536232,0.0010215503377291734,0.3289855072463768,0.9982142971928855,0.9989784496622708,0.9985962272401364,2
1.410212076462067,776476,1394,676,774,0.9990041814088131,0.6734299516908212,0.0009958185911868769,0.32657004830917874,0.9982079267743967,0.9990041814088131,0.9986058953649879,2
1.411999417496873,776500,1406,664,750,0.9990350595046639,0.6792270531400966,0.0009649404953361209,0.3207729468599034,0.9981925836797763,0.9990350595046639,0.9986136439045343,2
1.4137867585316792,776523,1416,654,727,0.9990646510131875,0.6840579710144927,0.00093534898681248,0.3159420289855073,0.9981798058716685,0.9990646510131875,0.998622032434643,2
1.4155740995664854,776548,1419,651,702,0.9990968156963654,0.6855072463768116,0.0009031843036346092,0.3144927536231884,0.9981760151780217,0.9990968156963654,0.9986362031793634,2
1.4173614406012915,776566,1425,645,684,0.9991199742682535,0.6884057971014492,0.0008800257317465423,0.3115942028985507,0.998168359274079,0.9991199742682535,0.9986439400710243,2
1.4191487816360977,776590,1429,641,660,0.9991508523641042,0.6903381642512078,0.0008491476358957864,0.30966183574879225,0.998163283930084,0.9991508523641042,0.9986568239963634,2
1.4209361226709039,776610,1439,631,640,0.9991765841106465,0.6951690821256039,0.0008234158893534899,0.30483091787439615,0.9981505020892001,0.9991765841106465,0.9986632795366035,2
1.42272346370571,776634,1450,620,616,0.9992074622064973,0.7004830917874396,0.000792537793502734,0.2995169082125604,0.9981364479927617,0.9992074622064973,0.998671667950421,2
1.4245108047405162,776647,1456,614,603,0.9992241878417497,0.7033816425120772,0.0007758121582502412,0.2966183574879227,0.9981287824362585,0.9992241878417497,0.9986761847632016,2
1.4262981457753223,776660,1463,607,590,0.9992409134770023,0.7067632850241546,0.0007590865229977485,0.2932367149758454,0.9981198345248758,0.9992409134770023,0.9986800593812544,2
1.4280854868101285,776675,1471,599,575,0.999260212286909,0.7106280193236715,0.000739787713091026,0.2893719806763285,0.9981096092507061,0.999260212286909,0.9986845793611402,2
1.4298728278449346,776701,1476,594,549,0.999293663557414,0.7130434782608696,0.0007063364425860405,0.28695652173913044,0.9981032592841989,0.999293663557414,0.9986981066935318,2
1.4316601688797408,776718,1484,586,532,0.9993155355419749,0.7169082125603865,0.0006844644580250884,0.28309178743961355,0.9980930401104083,0.9993155355419749,0.9987039137176846,2
1.433447509914547,776739,1490,580,511,0.9993425538758444,0.7198067632850241,0.0006574461241556771,0.28019323671497587,0.998085396457855,0.9993425538758444,0.9987135795468791,2
1.435234850949353,776759,1496,574,491,0.9993682856223867,0.7227053140096619,0.0006317143776133805,0.2772946859903382,0.9980777508657188,0.9993682856223867,0.9987226013416866,2
1.4370221919841595,776765,1508,562,485,0.9993760051463493,0.7285024154589372,0.0006239948536506916,0.2714975845410628,0.9980623765696612,0.9993760051463493,0.9987187588997397,2
1.4388095330189656,776785,1516,554,465,0.9994017368928916,0.7323671497584541,0.000598263107108395,0.26763285024154587,0.9980521674776212,0.9994017368928916,0.9987264962704533,2
1.4405968740537718,776797,1521,549,453,0.999417175940817,0.7347826086956522,0.000582824059183017,0.26521739130434785,0.9980457859126989,0.999417175940817,0.9987310101519188,2
1.442384215088578,776810,1530,540,440,0.9994339015760695,0.7391304347826086,0.0005660984239305243,0.2608695652173913,0.9980342780789886,0.9994339015760695,0.9987335994702975,2
1.444171556123384,776826,1539,531,424,0.9994544869733033,0.7434782608695653,0.000545513026696687,0.2565217391304348,0.9980227785165058,0.9994544869733033,0.9987381196504276,2
1.4459588971581903,776841,1542,528,409,0.99947378578321,0.744927536231884,0.0005262142167899647,0.25507246376811593,0.9980189700956984,0.99947378578321,0.9987458481531313,2
1.4477462381929964,776856,1548,522,394,0.9994930845931168,0.7478260869565218,0.0005069154068832422,0.25217391304347825,0.9980113154608661,0.9994930845931168,0.9987516504312655,2
1.4495335792278026,776868,1553,517,382,0.9995085236410421,0.7502415458937198,0.0004914763589578642,0.2497584541062802,0.9980049356325176,0.9995085236410421,0.998756163738991,2
1.4513209202626087,776884,1559,511,366,0.999529109038276,0.7531400966183575,0.00047089096172402703,0.24685990338164251,0.99799728432268,0.999529109038276,0.9987626093323039,2
1.4531082612974149,776898,1562,508,352,0.9995471212608555,0.7545893719806763,0.00045287873914441943,0.24541062801932367,0.9979934742954037,0.9995471212608555,0.9987696935804231,2
1.454895602332221,776911,1575,495,339,0.9995638468961081,0.7608695652173914,0.0004361531038919267,0.2391304347826087,0.9979768422296612,0.9995638468961081,0.9987697141417311,2
1.4566829433670272,776921,1579,491,329,0.9995767127693792,0.7628019323671498,0.0004232872306207784,0.23719806763285023,0.9979717405266538,0.9995767127693792,0.9987735818736944,2
1.4584702844018334,776929,1583,487,321,0.9995870054679962,0.7647342995169082,0.00041299453200385977,0.23526570048309178,0.9979666337834228,0.9995870054679962,0.9987761624207303,2
1.4602576254366395,776941,1591,479,309,0.9996024445159215,0.7685990338164251,0.00039755548407848185,0.2314009661835749,0.9979564102695843,0.9996024445159215,0.998778749207794,2
1.4620449664714457,776951,1598,472,299,0.9996153103891927,0.7719806763285024,0.00038468961080733355,0.22801932367149758,0.997947463807673,0.9996153103891927,0.9987806908218865,2
1.4638323075062518,776965,1612,458,285,0.9996333226117723,0.778743961352657,0.00036667738822772594,0.221256038647343,0.9979295561004242,0.9996333226117723,0.9987807127656223,2
1.465619648541058,776976,1622,448,274,0.9996474750723705,0.7835748792270532,0.00035252492762946283,0.21642512077294687,0.9979167683451537,0.9996474750723705,0.9987813719592146,2
1.4674069895758644,776985,1629,441,265,0.9996590543583146,0.7869565217391304,0.0003409456416854294,0.21304347826086956,0.9979078208200726,0.9996590543583146,0.998782669950587,2
1.4691943306106705,776996,1638,432,254,0.9996732068189128,0.7913043478260869,0.0003267931810871663,0.20869565217391303,0.9978963158557166,0.9996732068189128,0.998783971041543,2
1.4709816716454767,777008,1649,421,242,0.9996886458668383,0.7966183574879228,0.00031135413316178836,0.2033816425120773,0.9978822511067132,0.9996886458668383,0.9987846317292743,2
1.4727690126802828,777013,1656,414,237,0.9996950788034737,0.8,0.00030492119652621424,0.2,0.9978732940440675,0.9996950788034737,0.9987833556888244,2
1.474556353715089,777020,1662,408,230,0.9997040849147636,0.8028985507246377,0.00029591508523641043,0.19710144927536233,0.9978656242214409,0.9997040849147636,0.9987840085556439,2
1.4763436947498951,777033,1676,394,217,0.999720810550016,0.8096618357487922,0.00027918944998391764,0.19033816425120773,0.9978477197515375,0.999720810550016,0.998783386965852,2
1.4781310357847013,777040,1684,386,210,0.9997298166613059,0.8135265700483092,0.00027018333869411384,0.18647342995169083,0.9978374879931786,0.9997298166613059,0.998782756010062,2
1.4799183768195074,777043,1688,382,207,0.9997336764232873,0.8154589371980676,0.0002663235767127694,0.18454106280193236,0.9978323708700437,0.9997336764232873,0.9987821188047926,2
1.4817057178543136,777049,1697,373,201,0.9997413959472499,0.8198067632850241,0.0002586040527500804,0.18019323671497584,0.9978208555806386,0.9997413959472499,0.9987802025198008,2
1.4834930588891198,777055,1705,365,195,0.9997491154712126,0.8236714975845411,0.00025088452878739147,0.17632850241545894,0.9978106220144846,0.9997491154712126,0.9987789281559886,2
1.485280399923926,777059,1713,357,191,0.9997542618205211,0.827536231884058,0.0002457381794789321,0.17246376811594202,0.9978003831673455,0.9997542618205211,0.9987763669151207,2
1.487067740958732,777065,1718,352,185,0.9997619813444838,0.8299516908212561,0.00023801865551624317,0.17004830917874397,0.9977939939623747,0.9997619813444838,0.9987770182251918,2
1.4888550819935382,777071,1728,342,179,0.9997697008684464,0.8347826086956521,0.0002302991315535542,0.16521739130434782,0.9977811989999987,0.9997697008684464,0.9987744601873078,2
1.4906424230283444,777081,1738,332,169,0.9997825667417176,0.8396135265700483,0.0002174332582824059,0.1603864734299517,0.997768416024776,0.9997825667417176,0.998774475939049,2
1.4924297640631505,777086,1744,326,164,0.9997889996783532,0.842512077294686,0.0002110003216468318,0.157487922705314,0.997760743679622,0.9997889996783532,0.9987738419618529,2
1.4942171050979567,777091,1751,319,159,0.9997954326149887,0.8458937198067633,0.00020456738501125764,0.15410628019323672,0.997751790478685,0.9997954326149887,0.9987725661464746,2
1.4960044461327628,777094,1758,312,156,0.9997992923769701,0.8492753623188406,0.00020070762302991314,0.15072463768115943,0.9977428317575098,0.9997992923769701,0.9987700035087674,2
1.497791787167569,777100,1766,304,150,0.9998070119009328,0.8531400966183574,0.00019298809906722418,0.1468599033816425,0.9977326009865625,0.9998070119009328,0.9987687293235209,2
1.4995791282023754,777103,1771,299,147,0.9998108716629142,0.8555555555555555,0.0001891283370858797,0.14444444444444443,0.9977262047519881,0.9998108716629142,0.9987674504088363,2
1.5013664692371815,777109,1775,295,141,0.9998185911868768,0.857487922705314,0.00018140881312319075,0.14251207729468598,0.9977210983920584,0.9998185911868768,0.9987687435657855,2
1.5031538102719877,777114,1781,289,136,0.9998250241235124,0.8603864734299517,0.0001749758764876166,0.1396135265700483,0.9977134273554201,0.9998250241235124,0.9987681096555912,2
1.5049411513067938,777122,1787,283,128,0.9998353168221293,0.8632850241545894,0.00016468317787069798,0.13671497584541062,0.9977057653718213,0.9998353168221293,0.9987694059540188,2
1.5067284923416,777130,1795,275,120,0.9998456095207462,0.8671497584541062,0.00015439047925377934,0.13285024154589373,0.997695541932792,0.9998456095207462,0.9987694186065192,2
1.5085158333764062,777140,1801,269,110,0.9998584753940174,0.870048309178744,0.00014152460598263107,0.12995169082125604,0.9976878865023153,0.9998584753940174,0.9987720016373312,2
1.5103031744112123,777147,1807,263,103,0.9998674815053071,0.8729468599033816,0.00013251849469282726,0.12705314009661836,0.9976802224521603,0.9998674815053071,0.9987726544848876,2
1.5120905154460185,777152,1812,258,98,0.9998739144419427,0.8753623188405797,0.00012608555805725314,0.1246376811594203,0.9976738334505831,0.9998739144419427,0.9987726623716275,2
1.5138778564808246,777156,1819,251,94,0.9998790607912512,0.878743961352657,0.00012093920874879382,0.121256038647343,0.9976648801309413,0.9998790607912512,0.9987707433051135,2
1.5156651975156308,777159,1828,242,91,0.9998829205532326,0.8830917874396135,0.00011707944676744934,0.11690821256038647,0.997653362636347,0.9998829205532326,0.9987668973299054,2
1.517452538550437,777163,1833,237,87,0.9998880669025411,0.8855072463768116,0.00011193309745899003,0.1144927536231884,0.9976469712296341,0.9998880669025411,0.9987662618891872,2
1.519239879585243,777168,1836,234,82,0.9998944998391766,0.8869565217391304,0.0001055001608234159,0.11304347826086956,0.9976431443227506,0.9998944998391766,0.9987675533685375,2
1.5210272206200492,777170,1843,227,80,0.9998970730138308,0.8903381642512077,0.00010292698616918624,0.10966183574879228,0.9976341858223162,0.9998970730138308,0.9987643476713126,2
1.5228145616548554,777175,1851,219,75,0.9999035059504664,0.8942028985507247,9.649404953361209e-05,0.10579710144927536,0.9976239560682185,0.9999035059504664,0.9987624303144172,2
1.5246019026896616,777176,1853,217,74,0.9999047925377935,0.8951690821256039,9.520746220649726e-05,0.10483091787439613,0.997621397919718,0.9999047925377935,0.9987617901417419,2
1.5263892437244677,777181,1858,212,69,0.9999112254744291,0.8975845410628019,8.877452557092313e-05,0.10241545893719807,0.9976150102883168,0.9999112254744291,0.9987617980979111,2
1.5281765847592739,777183,1859,211,67,0.9999137986490833,0.8980676328502415,8.620135091669347e-05,0.10193236714975845,0.997613735844794,0.9999137986490833,0.9987624430376818,2
1.52996392579408,777187,1866,204,63,0.9999189449983917,0.9014492753623189,8.105500160823416e-05,0.09855072463768116,0.9976047842701331,0.9999189449983917,0.9987605241395795,2
1.5317512668288864,777193,1869,201,57,0.9999266645223545,0.9028985507246376,7.333547764554519e-05,0.09710144927536232,0.9976009611558515,0.9999266645223545,0.9987624589413947,2
1.5335386078636926,777198,1874,196,52,0.9999330974589901,0.9053140096618357,6.690254100997105e-05,0.09468599033816426,0.99759457405734,0.9999330974589901,0.998762466893098,2
1.5353259488984987,777200,1878,192,50,0.9999356706336443,0.9072463768115943,6.43293663557414e-05,0.0927536231884058,0.9975894583084107,0.9999356706336443,0.9987611865879172,2
1.5371132899333049,777202,1879,191,48,0.9999382438082985,0.9077294685990338,6.175619170151174e-05,0.09227053140096618,0.997588184027078,0.9999382438082985,0.9987618315127053,2
1.538900630968111,777203,1886,184,47,0.9999395303956256,0.9111111111111111,6.046960437439691e-05,0.08888888888888889,0.9975792239397553,0.9999395303956256,0.9987579826760109,2
1.5406879720029172,777204,1888,182,46,0.9999408169829527,0.9120772946859903,5.918301704728208e-05,0.08792270531400966,0.9975766661703624,0.9999408169829527,0.9987573425378227,2
1.5424753130377233,777206,1890,180,44,0.9999433901576069,0.9130434782608695,5.660984239305243e-05,0.08695652173913043,0.9975741115343937,0.9999433901576069,0.9987573457316047,2
1.5442626540725295,777210,1898,172,40,0.9999485365069154,0.9169082125603865,5.146349308459312e-05,0.08309178743961353,0.9975638807456733,0.9999485365069154,0.9987547852100866,2
1.5460499951073357,777213,1907,163,37,0.9999523962688968,0.921256038647343,4.760373110324863e-05,0.078743961352657,0.9975523667727693,0.9999523962688968,0.9987509396865785,2
1.5478373361421418,777216,1910,160,34,0.9999562560308781,0.9227053140096618,4.374396912190415e-05,0.07729468599033816,0.9975485351534925,0.9999562560308781,0.9987509445018428,2
1.549624677176948,777217,1914,156,33,0.9999575426182052,0.9246376811594202,4.245738179478932e-05,0.07536231884057971,0.9975434169606908,0.9999575426182052,0.9987490209659461,2
1.5514120182117541,777218,1922,148,32,0.9999588292055324,0.9285024154589372,4.1170794467674496e-05,0.07149758454106281,0.9975331776060785,0.9999588292055324,0.9987445306125072,2
1.5531993592465603,777218,1927,143,32,0.9999588292055324,0.9309178743961353,4.1170794467674496e-05,0.06908212560386473,0.9975267761456468,0.9999588292055324,0.9987413220936845,2
1.5549867002813664,777219,1932,138,31,0.9999601157928595,0.9333333333333333,3.988420714055967e-05,0.06666666666666667,0.9975203779498454,0.9999601157928595,0.9987387569141886,2
1.5567740413161726,777219,1937,133,31,0.9999601157928595,0.9357487922705314,3.988420714055967e-05,0.0642512077294686,0.9975139766619265,0.9999601157928595,0.9987355484365905,2
1.5585613823509787,777221,1943,127,29,0.9999626889675137,0.938647342995169,3.731103248633001e-05,0.06135265700483092,0.9975063016258451,0.9999626889675137,0.9987329849256046,2
1.560348723385785,777221,1950,120,29,0.9999626889675137,0.9420289855072463,3.731103248633001e-05,0.057971014492753624,0.9974973401217447,0.9999626889675137,0.9987284931262173,2
1.5621360644205913,777222,1956,114,28,0.9999639755548407,0.9449275362318841,3.602444515921518e-05,0.05507246376811594,0.9974896621824538,0.9999639755548407,0.9987252863608209,2
1.5639234054553974,777223,1962,108,27,0.9999652621421679,0.9478260869565217,3.473785783210035e-05,0.05217391304347826,0.9974819843811161,0.9999652621421679,0.9987220796242695,2
1.5657107464902036,777223,1967,103,27,0.9999652621421679,0.9502415458937198,3.473785783210035e-05,0.049758454106280194,0.9974755836188863,0.9999652621421679,0.9987188712703349,2
1.5674980875250097,777223,1972,98,27,0.9999652621421679,0.9526570048309179,3.473785783210035e-05,0.04734299516908213,0.9974691829388023,0.9999652621421679,0.9987156629370135,2
1.569285428559816,777224,1973,97,26,0.999966548729495,0.9531400966183575,3.3451270504985526e-05,0.04685990338164251,0.9974679060622667,0.999966548729495,0.9987156645873582,2
1.571072769594622,777224,1976,94,26,0.999966548729495,0.9545893719806763,3.3451270504985526e-05,0.04541062801932367,0.997464065708419,0.999966548729495,0.9987137395997302,2
1.5728601106294282,777225,1980,90,25,0.9999678353168221,0.9565217391304348,3.21646831778707e-05,0.043478260869565216,0.997458948543708,0.9999678353168221,0.9987118162748039,2
1.5746474516642344,777227,1984,86,23,0.9999704084914763,0.9584541062801932,2.959150852364104e-05,0.04154589371980676,0.9974538347122923,0.9999704084914763,0.9987105362742785,2
1.5764347926990405,777228,1987,83,22,0.9999716950788035,0.9599033816425121,2.8304921196526214e-05,0.04009661835748792,0.99744999775415,0.9999716950788035,0.9987092546250639,2
1.5782221337338467,777228,1991,79,22,0.9999716950788035,0.9618357487922705,2.8304921196526214e-05,0.03816425120772947,0.9974448774991369,0.9999716950788035,0.9987066880226975,2
1.5800094747686528,777228,1996,74,22,0.9999716950788035,0.9642512077294686,2.8304921196526214e-05,0.035748792270531404,0.997438477254294,0.9999716950788035,0.9987034797882908,2
1.581796815803459,777231,2004,66,19,0.9999755548407848,0.9681159420289855,2.444515921518173e-05,0.03188405797101449,0.9974282469344935,0.9999755548407848,0.9987002765847406,2
1.5835841568382651,777233,2008,62,17,0.9999781280154391,0.970048309178744,2.1871984560952075e-05,0.02995169082125604,0.9974231335363514,0.9999781280154391,0.9986989966533697,2
1.5853714978730713,777234,2011,59,16,0.9999794146027662,0.9714975845410628,2.0585397233837248e-05,0.028502415458937197,0.9974192968835218,0.9999794146027662,0.9986977150585128,2
1.5871588389078775,777236,2014,56,14,0.9999819877774204,0.9729468599033816,1.801222257960759e-05,0.02705314009661836,0.9974154635867821,0.9999819877774204,0.9986970767748153,2
1.5889461799426836,777237,2016,54,13,0.9999832743647475,0.9739130434782609,1.6725635252492763e-05,0.02608695652173913,0.9974129069762965,0.9999832743647475,0.9986964368202309,2
1.5907335209774898,777239,2019,51,11,0.9999858475394018,0.9753623188405797,1.4152460598263107e-05,0.02463768115942029,0.9974090737599101,0.9999858475394018,0.9986957985439201,2
1.592520862012296,777239,2023,47,11,0.9999858475394018,0.9772946859903382,1.4152460598263107e-05,0.022705314009661835,0.9974039539975001,0.9999858475394018,0.9986932320470386,2
1.5943082030471023,777239,2025,45,11,0.9999858475394018,0.9782608695652174,1.4152460598263107e-05,0.021739130434782608,0.9974013941360053,0.9999858475394018,0.9986919488035443,2
1.5960955440819085,777240,2029,41,10,0.9999871341267289,0.9801932367149758,1.286587327114828e-05,0.019806763285024155,0.9973962777936759,0.9999871341267289,0.9986900256276987,2
1.5978828851167146,777242,2032,38,8,0.999989707301383,0.9816425120772947,1.0292698616918624e-05,0.018357487922705314,0.9973924447626894,0.999989707301383,0.9986893873785435,2
1.5996702261515208,777243,2035,35,7,0.9999909938887102,0.9830917874396136,9.006111289803795e-06,0.016908212560386472,0.9973886084298543,0.9999909938887102,0.9986881058355519,2
1.601457567186327,777243,2035,35,7,0.9999909938887102,0.9830917874396136,9.006111289803795e-06,0.016908212560386472,0.9973886084298543,0.9999909938887102,0.9986881058355519,2
1.603244908221133,777243,2036,34,7,0.9999909938887102,0.9835748792270531,9.006111289803795e-06,0.01642512077294686,0.9973873285434357,0.9999909938887102,0.9986874642232815,2
1.6050322492559392,777243,2037,33,7,0.9999909938887102,0.9840579710144928,9.006111289803795e-06,0.015942028985507246,0.9973860486603018,0.9999909938887102,0.9986868226118353,2
1.6068195902907454,777243,2038,32,7,0.9999909938887102,0.9845410628019323,9.006111289803795e-06,0.015458937198067632,0.9973847687804528,0.9999909938887102,0.9986861810012136,2
1.6086069313255515,777243,2038,32,7,0.9999909938887102,0.9845410628019323,9.006111289803795e-06,0.015458937198067632,0.9973847687804528,0.9999909938887102,0.9986861810012136,2
1.6103942723603577,777243,2038,32,7,0.9999909938887102,0.9845410628019323,9.006111289803795e-06,0.015458937198067632,0.9973847687804528,0.9999909938887102,0.9986861810012136,2
1.6121816133951639,777243,2040,30,7,0.9999909938887102,0.9855072463768116,9.006111289803795e-06,0.014492753623188406,0.9973822090306089,0.9999909938887102,0.9986848977824434,2
1.61396895442997,777243,2041,29,7,0.9999909938887102,0.9859903381642512,9.006111289803795e-06,0.014009661835748793,0.997380929160614,0.9999909938887102,0.9986842561742949,2
1.6157562954647762,777244,2043,27,6,0.9999922804760373,0.9869565217391304,7.719523962688968e-06,0.013043478260869565,0.9973783727946187,0.9999922804760373,0.9986836162583993,2
1.6175436364995823,777244,2043,27,6,0.9999922804760373,0.9869565217391304,7.719523962688968e-06,0.013043478260869565,0.9973783727946187,0.9999922804760373,0.9986836162583993,2
1.6193309775343885,777245,2043,27,5,0.9999935670633644,0.9869565217391304,6.43293663557414e-06,0.013043478260869565,0.99737837615875,0.9999935670633644,0.9986842595555007,2
1.6211183185691946,777245,2043,27,5,0.9999935670633644,0.9869565217391304,6.43293663557414e-06,0.013043478260869565,0.99737837615875,0.9999935670633644,0.9986842595555007,2
1.6229056596040008,777245,2043,27,5,0.9999935670633644,0.9869565217391304,6.43293663557414e-06,0.013043478260869565,0.99737837615875,0.9999935670633644,0.9986842595555007,2
1.624693000638807,777245,2044,26,5,0.9999935670633644,0.9874396135265701,6.43293663557414e-06,0.012560386473429951,0.9973770963018854,0.9999935670633644,0.9986836179498232,2
1.6264803416736133,777245,2044,26,5,0.9999935670633644,0.9874396135265701,6.43293663557414e-06,0.012560386473429951,0.9973770963018854,0.9999935670633644,0.9986836179498232,2
1.6282676827084195,777246,2044,26,4,0.9999948536506915,0.9874396135265701,5.146349308459312e-06,0.012560386473429951,0.9973770996676462,0.9999948536506915,0.9986842612460971,2
1.6300550237432256,777246,2044,26,4,0.9999948536506915,0.9874396135265701,5.146349308459312e-06,0.012560386473429951,0.9973770996676462,0.9999948536506915,0.9986842612460971,2
1.6318423647780318,777246,2044,26,4,0.9999948536506915,0.9874396135265701,5.146349308459312e-06,0.012560386473429951,0.9973770996676462,0.9999948536506915,0.9986842612460971,2
1.633629705812838,777247,2044,26,3,0.9999961402380186,0.9874396135265701,3.859761981344484e-06,0.012560386473429951,0.9973771030333983,0.9999961402380186,0.9986849045415443,2
1.635417046847644,777247,2044,26,3,0.9999961402380186,0.9874396135265701,3.859761981344484e-06,0.012560386473429951,0.9973771030333983,0.9999961402380186,0.9986849045415443,2
1.6372043878824503,777248,2044,26,2,0.9999974268253458,0.9874396135265701,2.573174654229656e-06,0.012560386473429951,0.9973771063991418,0.9999974268253458,0.9986855478361651,2
1.6389917289172564,777248,2044,26,2,0.9999974268253458,0.9874396135265701,2.573174654229656e-06,0.012560386473429951,0.9973771063991418,0.9999974268253458,0.9986855478361651,2
1.6407790699520626,777248,2044,26,2,0.9999974268253458,0.9874396135265701,2.573174654229656e-06,0.012560386473429951,0.9973771063991418,0.9999974268253458,0.9986855478361651,2
1.6425664109868687,777248,2044,26,2,0.9999974268253458,0.9874396135265701,2.573174654229656e-06,0.012560386473429951,0.9973771063991418,0.9999974268253458,0.9986855478361651,2
1.6443537520216749,777248,2044,26,2,0.9999974268253458,0.9874396135265701,2.573174654229656e-06,0.012560386473429951,0.9973771063991418,0.9999974268253458,0.9986855478361651,2
1.646141093056481,777248,2044,26,2,0.9999974268253458,0.9874396135265701,2.573174654229656e-06,0.012560386473429951,0.9973771063991418,0.9999974268253458,0.9986855478361651,2
1.6479284340912872,777248,2045,25,2,0.9999974268253458,0.9879227053140096,2.573174654229656e-06,0.012077294685990338,0.9973758265504759,0.9999974268253458,0.9986849062313087,2
1.6497157751260934,777248,2045,25,2,0.9999974268253458,0.9879227053140096,2.573174654229656e-06,0.012077294685990338,0.9973758265504759,0.9999974268253458,0.9986849062313087,2
1.6515031161608995,777249,2045,25,1,0.9999987134126729,0.9879227053140096,1.286587327114828e-06,0.012077294685990338,0.9973758299178487,0.9999987134126729,0.9986855495251017,2
1.6532904571957057,777249,2045,25,1,0.9999987134126729,0.9879227053140096,1.286587327114828e-06,0.012077294685990338,0.9973758299178487,0.9999987134126729,0.9986855495251017,2
1.6550777982305118,777249,2047,23,1,0.9999987134126729,0.9888888888888889,1.286587327114828e-06,0.011111111111111112,0.9973732702336467,0.9999987134126729,0.9986842663178601,2
1.6568651392653182,777249,2047,23,1,0.9999987134126729,0.9888888888888889,1.286587327114828e-06,0.011111111111111112,0.9973732702336467,0.9999987134126729,0.9986842663178601,2
1.6586524803001244,777249,2048,22,1,0.9999987134126729,0.9893719806763285,1.286587327114828e-06,0.010628019323671498,0.9973719903964727,0.9999987134126729,0.998683624715476,2
1.6604398213349305,777249,2051,19,1,0.9999987134126729,0.9908212560386473,1.286587327114828e-06,0.009178743961352657,0.997368150904658,0.9999987134126729,0.9986816999132697,2
1.6622271623697367,777249,2052,18,1,0.9999987134126729,0.991304347826087,1.286587327114828e-06,0.008695652173913044,0.9973668710806223,0.9999987134126729,0.9986810583141831,2
1.6640145034045428,777249,2055,15,1,0.9999987134126729,0.9927536231884058,1.286587327114828e-06,0.007246376811594203,0.9973630316282222,0.9999987134126729,0.9986791335218695,2
1.665801844439349,777249,2057,13,1,0.9999987134126729,0.993719806763285,1.286587327114828e-06,0.006280193236714976,0.9973604720097112,0.9999987134126729,0.9986778503311157,2
1.6675891854741551,777249,2059,11,1,0.9999987134126729,0.9946859903381643,1.286587327114828e-06,0.005314009661835749,0.9973579124043382,0.9999987134126729,0.9986765671436594,2
1.6693765265089613,777249,2061,9,1,0.9999987134126729,0.9956521739130435,1.286587327114828e-06,0.004347826086956522,0.997355352812103,0.9999987134126729,0.9986752839595003,2
1.6711638675437674,777249,2062,8,1,0.9999987134126729,0.996135265700483,1.286587327114828e-06,0.003864734299516908,0.9973540730209121,0.9999987134126729,0.9986746423686576,2
1.6729512085785736,777250,2063,7,0,1.0,0.9966183574879227,0.0,0.003381642512077295,0.9973527966298522,1.0,0.998674644071586,2
1.6747385496133798,777250,2064,6,0,1.0,0.9971014492753624,0.0,0.002898550724637681,0.9973515168468678,1.0,0.9986740024823907,2
1.676525890648186,777250,2064,6,0,1.0,0.9971014492753624,0.0,0.002898550724637681,0.9973515168468678,1.0,0.9986740024823907,2
1.678313231682992,777250,2064,6,0,1.0,0.9971014492753624,0.0,0.002898550724637681,0.9973515168468678,1.0,0.9986740024823907,2
1.6801005727177982,777250,2064,6,0,1.0,0.9971014492753624,0.0,0.002898550724637681,0.9973515168468678,1.0,0.9986740024823907,2
1.6818879137526044,777250,2066,4,0,1.0,0.9980676328502416,0.0,0.001932367149758454,0.9973489572907525,1.0,0.9986727193064733,2
1.6836752547874105,777250,2067,3,0,1.0,0.9985507246376811,0.0,0.0014492753623188406,0.9973476775176212,1.0,0.9986720777197513,2
1.6854625958222167,777250,2067,3,0,1.0,0.9985507246376811,0.0,0.0014492753623188406,0.9973476775176212,1.0,0.9986720777197513,2
1.6872499368570228,777250,2067,3,0,1.0,0.9985507246376811,0.0,0.0014492753623188406,0.9973476775176212,1.0,0.9986720777197513,2
1.6890372778918292,777250,2067,3,0,1.0,0.9985507246376811,0.0,0.0014492753623188406,0.9973476775176212,1.0,0.9986720777197513,2
1.6908246189266354,777250,2067,3,0,1.0,0.9985507246376811,0.0,0.0014492753623188406,0.9973476775176212,1.0,0.9986720777197513,2
1.6926119599614415,777250,2067,3,0,1.0,0.9985507246376811,0.0,0.0014492753623188406,0.9973476775176212,1.0,0.9986720777197513,2
1.6943993009962477,777250,2067,3,0,1.0,0.9985507246376811,0.0,0.0014492753623188406,0.9973476775176212,1.0,0.9986720777197513,2
1.6961866420310538,777250,2067,3,0,1.0,0.9985507246376811,0.0,0.0014492753623188406,0.9973476775176212,1.0,0.9986720777197513,2
1.69797398306586,777250,2068,2,0,1.0,0.9990338164251208,0.0,0.000966183574879227,0.9973463977477743,1.0,0.9986714361338535,2
1.6997613241006662,777250,2068,2,0,1.0,0.9990338164251208,0.0,0.000966183574879227,0.9973463977477743,1.0,0.9986714361338535,2
1.7015486651354723,777250,2068,2,0,1.0,0.9990338164251208,0.0,0.000966183574879227,0.9973463977477743,1.0,0.9986714361338535,2
1.7033360061702785,777250,2069,1,0,1.0,0.9995169082125603,0.0,0.0004830917874396135,0.9973451179812118,1.0,0.99867079454878,2
1.7051233472050846,777250,2069,1,0,1.0,0.9995169082125603,0.0,0.0004830917874396135,0.9973451179812118,1.0,0.99867079454878,2
1.7069106882398908,777250,2069,1,0,1.0,0.9995169082125603,0.0,0.0004830917874396135,0.9973451179812118,1.0,0.99867079454878,2
1.708698029274697,777250,2069,1,0,1.0,0.9995169082125603,0.0,0.0004830917874396135,0.9973451179812118,1.0,0.99867079454878,2
1.710485370309503,777250,2069,1,0,1.0,0.9995169082125603,0.0,0.0004830917874396135,0.9973451179812118,1.0,0.99867079454878,2
1.7122727113443093,777250,2069,1,0,1.0,0.9995169082125603,0.0,0.0004830917874396135,0.9973451179812118,1.0,0.99867079454878,2
1.7140600523791154,777250,2069,1,0,1.0,0.9995169082125603,0.0,0.0004830917874396135,0.9973451179812118,1.0,0.99867079454878,2
1.7158473934139216,777250,2069,1,0,1.0,0.9995169082125603,0.0,0.0004830917874396135,0.9973451179812118,1.0,0.99867079454878,2
1.7176347344487277,777250,2069,1,0,1.0,0.9995169082125603,0.0,0.0004830917874396135,0.9973451179812118,1.0,0.99867079454878,2
1.7194220754835339,777250,2069,1,0,1.0,0.9995169082125603,0.0,0.0004830917874396135,0.9973451179812118,1.0,0.99867079454878,2
1.7212094165183403,777250,2069,1,0,1.0,0.9995169082125603,0.0,0.0004830917874396135,0.9973451179812118,1.0,0.99867079454878,2
1.7229967575531464,777250,2069,1,0,1.0,0.9995169082125603,0.0,0.0004830917874396135,0.9973451179812118,1.0,0.99867079454878,2
1.7247840985879526,777250,2069,1,0,1.0,0.9995169082125603,0.0,0.0004830917874396135,0.9973451179812118,1.0,0.99867079454878,2
1.7265714396227587,777250,2069,1,0,1.0,0.9995169082125603,0.0,0.0004830917874396135,0.9973451179812118,1.0,0.99867079454878,2
1.7283587806575649,777250,2069,1,0,1.0,0.9995169082125603,0.0,0.0004830917874396135,0.9973451179812118,1.0,0.99867079454878,2
1.730146121692371,777250,2069,1,0,1.0,0.9995169082125603,0.0,0.0004830917874396135,0.9973451179812118,1.0,0.99867079454878,2
1.7319334627271772,777250,2069,1,0,1.0,0.9995169082125603,0.0,0.0004830917874396135,0.9973451179812118,1.0,0.99867079454878,2
1.7337208037619833,777250,2069,1,0,1.0,0.9995169082125603,0.0,0.0004830917874396135,0.9973451179812118,1.0,0.99867079454878,2
1.7355081447967895,777250,2069,1,0,1.0,0.9995169082125603,0.0,0.0004830917874396135,0.9973451179812118,1.0,0.99867079454878,2
1.7372954858315957,777250,2069,1,0,1.0,0.9995169082125603,0.0,0.0004830917874396135,0.9973451179812118,1.0,0.99867079454878,2
1.7390828268664018,777250,2069,1,0,1.0,0.9995169082125603,0.0,0.0004830917874396135,0.9973451179812118,1.0,0.99867079454878,2
1.740870167901208,777250,2069,1,0,1.0,0.9995169082125603,0.0,0.0004830917874396135,0.9973451179812118,1.0,0.99867079454878,2
1.7426575089360141,777250,2069,1,0,1.0,0.9995169082125603,0.0,0.0004830917874396135,0.9973451179812118,1.0,0.99867079454878,2
1.7444448499708203,777250,2069,1,0,1.0,0.9995169082125603,0.0,0.0004830917874396135,0.9973451179812118,1.0,0.99867079454878,2
1.7462321910056264,777250,2069,1,0,1.0,0.9995169082125603,0.0,0.0004830917874396135,0.9973451179812118,1.0,0.99867079454878,2
1.7480195320404326,777250,2069,1,0,1.0,0.9995169082125603,0.0,0.0004830917874396135,0.9973451179812118,1.0,0.99867079454878,2
1.7498068730752387,777250,2069,1,0,1.0,0.9995169082125603,0.0,0.0004830917874396135,0.9973451179812118,1.0,0.99867079454878,2
1.7515942141100451,777250,2069,1,0,1.0,0.9995169082125603,0.0,0.0004830917874396135,0.9973451179812118,1.0,0.99867079454878,2
1.7533815551448513,777250,2069,1,0,1.0,0.9995169082125603,0.0,0.0004830917874396135,0.9973451179812118,1.0,0.99867079454878,2
1.7551688961796574,777250,2069,1,0,1.0,0.9995169082125603,0.0,0.0004830917874396135,0.9973451179812118,1.0,0.99867079454878,2
1.7569562372144636,777250,2069,1,0,1.0,0.9995169082125603,0.0,0.0004830917874396135,0.9973451179812118,1.0,0.99867079454878,2
1.7587435782492697,777250,2069,1,0,1.0,0.9995169082125603,0.0,0.0004830917874396135,0.9973451179812118,1.0,0.99867079454878,2
1.760530919284076,777250,2069,1,0,1.0,0.9995169082125603,0.0,0.0004830917874396135,0.9973451179812118,1.0,0.99867079454878,2
1.762318260318882,777250,2069,1,0,1.0,0.9995169082125603,0.0,0.0004830917874396135,0.9973451179812118,1.0,0.99867079454878,2
1.7641056013536882,777250,2069,1,0,1.0,0.9995169082125603,0.0,0.0004830917874396135,0.9973451179812118,1.0,0.99867079454878,2
1.7658929423884944,777250,2069,1,0,1.0,0.9995169082125603,0.0,0.0004830917874396135,0.9973451179812118,1.0,0.99867079454878,2
1.7676802834233005,777250,2069,1,0,1.0,0.9995169082125603,0.0,0.0004830917874396135,0.9973451179812118,1.0,0.99867079454878,2
1.7694676244581067,777250,2069,1,0,1.0,0.9995169082125603,0.0,0.0004830917874396135,0.9973451179812118,1.0,0.99867079454878,2
1.7712549654929128,777250,2069,1,0,1.0,0.9995169082125603,0.0,0.0004830917874396135,0.9973451179812118,1.0,0.99867079454878,2
1.773042306527719,777250,2069,1,0,1.0,0.9995169082125603,0.0,0.0004830917874396135,0.9973451179812118,1.0,0.99867079454878,2
1.7748296475625251,777250,2069,1,0,1.0,0.9995169082125603,0.0,0.0004830917874396135,0.9973451179812118,1.0,0.99867079454878,2
1.7766169885973313,777250,2069,1,0,1.0,0.9995169082125603,0.0,0.0004830917874396135,0.9973451179812118,1.0,0.99867079454878,2
1.7784043296321375,777250,2069,1,0,1.0,0.9995169082125603,0.0,0.0004830917874396135,0.9973451179812118,1.0,0.99867079454878,2
1.7801916706669436,777250,2069,1,0,1.0,0.9995169082125603,0.0,0.0004830917874396135,0.9973451179812118,1.0,0.99867079454878,2
1.7819790117017498,777250,2069,1,0,1.0,0.9995169082125603,0.0,0.0004830917874396135,0.9973451179812118,1.0,0.99867079454878,2
1.7837663527365561,777250,2069,1,0,1.0,0.9995169082125603,0.0,0.0004830917874396135,0.9973451179812118,1.0,0.99867079454878,2
1.7855536937713623,777250,2069,1,0,1.0,0.9995169082125603,0.0,0.0004830917874396135,0.9973451179812118,1.0,0.99867079454878,2
0.0,0,0,2070,758950,0.0,0.0,1.0,1.0,,0.0,,4
0.0017033482457066442,0,0,2070,758950,0.0,0.0,1.0,1.0,,0.0,,4
0.0034066964914132884,1,0,2070,758949,1.3176098557217207e-06,0.0,0.9999986823901443,1.0,1.0,1.3176098557217207e-06,2.6352162392565526e-06,4
0.005110044737119932,7,0,2070,758943,9.223268990052046e-06,0.0,0.99999077673101,1.0,1.0,9.223268990052046e-06,1.8446367844291572e-05,4
0.006813392982826577,10,0,2070,758940,1.3176098557217208e-05,0.0,0.9999868239014428,1.0,1.0,1.3176098557217208e-05,2.6351849899862973e-05,4
0.008516741228533221,12,0,2070,758938,1.5811318268660648e-05,0.0,0.9999841886817313,1.0,1.0,1.5811318268660648e-05,3.162213654965597e-05,4
0.010220089474239864,18,0,2070,758932,2.3716977402990975e-05,0.0,0.999976283022597,1.0,1.0,2.3716977402990975e-05,4.743282984262842e-05,4
0.011923437719946509,40,0,2070,758910,5.270439422886883e-05,0.0,0.9999472956057711,1.0,1.0,5.270439422886883e-05,0.00010540323324417976,4
0.013626785965653154,60,0,2070,758890,7.905659134330325e-05,0.0,0.9999209434086567,1.0,1.0,7.905659134330325e-05,0.00015810068378545737,4
0.015330134211359798,73,0,2070,758877,9.618551946768562e-05,0.0,0.9999038144805323,1.0,1.0,9.618551946768562e-05,0.00019235253740663988,4
0.017033482457066443,93,0,2070,758857,0.00012253771658212004,0.0,0.9998774622834179,1.0,1.0,0.00012253771658212004,0.00024504540585974706,4
0.018736830702773086,108,0,2070,758842,0.00014230186441794584,0.0,0.999857698135582,1.0,1.0,0.00014230186441794584,0.0002845632349570125,4
0.02044017894847973,127,0,2070,758823,0.00016733645167665853,0.0,0.9998326635483233,1.0,1.0,0.00016733645167665853,0.00033461690974696893,4
0.022143527194186375,147,0,2070,758803,0.00019368864879109295,0.0,0.9998063113512089,1.0,1.0,0.00019368864879109295,0.0003873022815266033,4
0.023846875439893018,169,0,2070,758781,0.0002226760656169708,0.0,0.999777323934383,1.0,1.0,0.0002226760656169708,0.00044525298405124884,4
0.025550223685599664,189,0,2070,758761,0.00024902826273140525,0.0,0.9997509717372686,1.0,1.0,0.00024902826273140525,0.0004979325261908557,4
0.027253571931306307,211,0,2070,758739,0.0002780156795572831,0.0,0.9997219843204427,1.0,1.0,0.0002780156795572831,0.0005558768166436369,4
0.02895692017701295,237,0,2070,758713,0.0003122735358060478,0.0,0.9996877264641939,1.0,1.0,0.0003122735358060478,0.0006243521029733122,4
0.030660268422719596,272,0,2070,758678,0.0003583898807563081,0.0,0.9996416101192437,1.0,1.0,0.0003583898807563081,0.0007165229669319383,4
0.03236361666842624,296,0,2070,758654,0.00039001251729362934,0.0,0.9996099874827064,1.0,1.0,0.00039001251729362934,0.0007797209336631342,4
0.034066964914132886,313,0,2070,758637,0.0004124118848408986,0.0,0.9995875881151591,1.0,1.0,0.0004124118848408986,0.0008244837427874135,4
0.03577031315983953,337,0,2070,758613,0.0004440345213782199,0.0,0.9995559654786218,1.0,1.0,0.0004440345213782199,0.0008876748844639773,4
0.03747366140554617,363,0,2070,758587,0.00047829237762698465,0.0,0.999521707622373,1.0,1.0,0.00047829237762698465,0.0009561274467841325,4
0.039177009651252814,382,0,2070,758568,0.0005033269648856974,0.0,0.9994966730351144,1.0,1.0,0.0005033269648856974,0.0010061475085996639,4
0.04088035789695946,403,0,2070,758547,0.0005309967718558535,0.0,0.9994690032281441,1.0,1.0,0.0005309967718558535,0.0010614299278464694,4
0.04258370614266611,429,0,2070,758521,0.0005652546281046182,0.0,0.9994347453718954,1.0,1.0,0.0005652546281046182,0.0011298705916281593,4
0.04428705438837275,448,0,2070,758502,0.0005902892153633309,0.0,0.9994097107846367,1.0,1.0,0.0005902892153633309,0.0011798819591307852,4
0.04599040263407939,465,0,2070,758485,0.0006126885829106001,0.0,0.9993873114170894,1.0,1.0,0.0006126885829106001,0.0012246268509313088,4
0.047693750879786036,491,0,2070,758459,0.0006469464391593649,0.0,0.9993530535608406,1.0,1.0,0.0006469464391593649,0.0012930563401238543,4
0.04939709912549268,508,0,2070,758442,0.0006693458067066341,0.0,0.9993306541932934,1.0,1.0,0.0006693458067066341,0.0013377961651598904,4
0.05110044737119933,535,0,2070,758415,0.0007049212728111207,0.0,0.9992950787271889,1.0,1.0,0.0007049212728111207,0.0014088494176975187,4
0.05280379561690597,560,0,2070,758390,0.0007378615192041636,0.0,0.9992621384807958,1.0,1.0,0.0007378615192041636,0.0014746349620149834,4
0.054507143862612614,582,0,2070,758368,0.0007668489360300415,0.0,0.9992331510639699,1.0,1.0,0.0007668489360300415,0.001532522658689825,4
0.05621049210831926,616,0,2070,758334,0.00081164767112458,0.0,0.9991883523288754,1.0,1.0,0.00081164767112458,0.0016219788668792442,4
0.0579138403540259,641,0,2070,758309,0.000844587917517623,0.0,0.9991554120824824,1.0,1.0,0.000844587917517623,0.0016877503814552832,4
0.05961718859973255,660,0,2070,758290,0.0008696225047763358,0.0,0.9991303774952237,1.0,1.0,0.0008696225047763358,0.0017377338371006173,4
0.06132053684543919,689,0,2070,758261,0.0009078331905922656,0.0,0.9990921668094077,1.0,1.0,0.0009078331905922656,0.0018140195540250039,4
0.06302388509114583,714,0,2070,758236,0.0009407734369853086,0.0,0.9990592265630147,1.0,1.0,0.0009407734369853086,0.0018797784283578003,4
0.06472723333685249,749,0,2070,758201,0.000986889781935569,0.0,0.9990131102180644,1.0,1.0,0.000986889781935569,0.0019718335814579197,4
0.06643058158255913,774,0,2070,758176,0.0010198300283286118,0.0,0.9989801699716714,1.0,1.0,0.0010198300283286118,0.00203758206927779,4
0.06813392982826577,801,0,2070,758149,0.0010554054944330983,0.0,0.9989445945055669,1.0,1.0,0.0010554054944330983,0.0021085855760637363,4
0.06983727807397241,839,0,2070,758111,0.0011054746689505238,0.0,0.9988945253310495,1.0,1.0,0.0011054746689505238,0.0022085078883742728,4
0.07154062631967906,866,0,2070,758084,0.0011410501350550102,0.0,0.998858949864945,1.0,1.0,0.0011410501350550102,0.002279499247186161,4
0.0732439745653857,898,0,2070,758052,0.0011832136504381053,0.0,0.998816786349562,1.0,1.0,0.0011832136504381053,0.0023636306208610143,4
0.07494732281109234,928,0,2070,758022,0.001222741946109757,0.0,0.9987772580538903,1.0,1.0,0.001222741946109757,0.0024424973482585367,4
0.07665067105679899,959,0,2070,757991,0.0012635878516371302,0.0,0.9987364121483628,1.0,1.0,0.0012635878516371302,0.0025239864246903248,4
0.07835401930250563,984,0,2070,757966,0.0012965280980301733,0.0,0.9987034719019698,1.0,1.0,0.0012965280980301733,0.002589698579087131,4
0.08005736754821227,1008,0,2070,757942,0.0013281507345674947,0.0,0.9986718492654325,1.0,1.0,0.0013281507345674947,0.0026527781798467813,4
0.08176071579391891,1046,0,2070,757904,0.00137821990908492,0.0,0.9986217800909151,1.0,1.0,0.00137821990908492,0.002752646066558245,4
0.08346406403962557,1083,0,2070,757867,0.0014269714737466237,0.0,0.9985730285262534,1.0,1.0,0.0014269714737466237,0.002849876255373122,4
0.08516741228533221,1103,0,2070,757847,0.001453323670861058,0.0,0.998546676329139,1.0,1.0,0.001453323670861058,0.0029024291727024294,4
0.08687076053103886,1128,0,2070,757822,0.001486263917254101,0.0,0.9985137360827459,1.0,1.0,0.001486263917254101,0.002968116430155852,4
0.0885741087767455,1161,0,2070,757789,0.001529745042492918,0.0,0.9984702549575071,1.0,1.0,0.001529745042492918,0.0030548169938337953,4
0.09027745702245214,1186,0,2070,757764,0.0015626852888859608,0.0,0.9984373147111141,1.0,1.0,0.0015626852888859608,0.00312049422734879,4
0.09198080526815879,1209,0,2070,757741,0.0015929903155675604,0.0,0.9984070096844324,1.0,1.0,0.0015929903155675604,0.0031809134667878693,4
0.09368415351386543,1237,0,2070,757713,0.0016298833915277687,0.0,0.9983701166084722,1.0,1.0,0.0016298833915277687,0.003254462388859583,4
0.09538750175957207,1263,0,2070,757687,0.0016641412477765333,0.0,0.9983358587522234,1.0,1.0,0.0016641412477765333,0.0033227529652873605,4
0.09709085000527871,1298,0,2070,757652,0.0017102575927267936,0.0,0.9982897424072732,1.0,1.0,0.0017102575927267936,0.003414675211246856,4
0.09879419825098536,1337,0,2070,757613,0.0017616443770999406,0.0,0.9982383556229001,1.0,1.0,0.0017616443770999406,0.003517092887291246,4
0.10049754649669201,1361,0,2070,757589,0.001793267013637262,0.0,0.9982067329863628,1.0,1.0,0.001793267013637262,0.0035801139270640564,4
0.10220089474239866,1384,0,2070,757566,0.0018235720403188616,0.0,0.9981764279596811,1.0,1.0,0.0018235720403188616,0.0036405053568563293,4
0.1039042429881053,1421,0,2070,757529,0.0018723236049805652,0.0,0.9981276763950194,1.0,1.0,0.0018723236049805652,0.0037376491212842153,4
0.10560759123381194,1443,0,2070,757507,0.001901311021806443,0.0,0.9980986889781935,1.0,1.0,0.001901311021806443,0.0037954057967393177,4
0.10731093947951859,1479,0,2070,757471,0.0019487449766124251,0.0,0.9980512550233875,1.0,1.0,0.0019487449766124251,0.0038899095116046336,4
0.10901428772522523,1508,0,2070,757442,0.001986955662428355,0.0,0.9980130443375717,1.0,1.0,0.001986955662428355,0.003966030997109637,4
0.11071763597093187,1541,0,2070,757409,0.0020304367876671716,0.0,0.9979695632123329,1.0,1.0,0.0020304367876671716,0.004052644935968999,4
0.11242098421663851,1579,0,2070,757371,0.002080505962184597,0.0,0.9979194940378154,1.0,1.0,0.002080505962184597,0.004152372887818873,4
0.11412433246234516,1625,0,2070,757325,0.0021411160155477963,0.0,0.9978588839844522,1.0,1.0,0.0021411160155477963,0.004273082864937712,4
0.1158276807080518,1670,0,2070,757280,0.002200408459055274,0.0,0.9977995915409448,1.0,1.0,0.002200408459055274,0.004391154584417975,4
0.11753102895375844,1731,0,2070,757219,0.0022807826602542986,0.0,0.9977192173397457,1.0,1.0,0.0022807826602542986,0.004551185056548015,4
0.1192343771994651,1766,0,2070,757184,0.002326899005204559,0.0,0.9976731009947954,1.0,1.0,0.002326899005204559,0.004642994231750088,4
0.12093772544517174,1814,0,2070,757136,0.0023901442782792016,0.0,0.9976098557217208,1.0,1.0,0.0023901442782792016,0.0047688902208832176,4
0.12264107369087839,1864,0,2070,757086,0.0024560247710652874,0.0,0.9975439752289347,1.0,1.0,0.0024560247710652874,0.0049000149839514,4
0.12434442193658503,1921,0,2070,757029,0.0025311285328414256,0.0,0.9974688714671586,1.0,1.0,0.0025311285328414256,0.005049476192416323,4
0.12604777018229166,1962,0,2070,756988,0.0025851505369260163,0.0,0.997414849463074,1.0,1.0,0.0025851505369260163,0.005156969531299282,4
0.12775111842799833,2004,0,2070,756946,0.0026404901508663287,0.0,0.9973595098491337,1.0,1.0,0.0026404901508663287,0.005267072648280974,4
0.12945446667370497,2050,0,2070,756900,0.0027011002042295275,0.0,0.9972988997957705,1.0,1.0,0.0027011002042295275,0.005387647831800263,4
0.1311578149194116,2088,0,2070,756862,0.002751169378746953,0.0,0.997248830621253,1.0,1.0,0.002751169378746953,0.005487242424162788,4
0.13286116316511826,2146,0,2070,756804,0.002827590750378813,0.0,0.9971724092496211,1.0,1.0,0.002827590750378813,0.005639236049066084,4
0.1345645114108249,2225,0,2070,756725,0.0029316819289808287,0.0,0.9970683180710191,1.0,1.0,0.0029316819289808287,0.005846224586987223,4
0.13626785965653154,2273,0,2070,756677,0.0029949272020554714,0.0,0.9970050727979445,1.0,1.0,0.0029949272020554714,0.005971968792324982,4
0.13797120790223819,2318,0,2070,756632,0.003054219645562949,0.0,0.996945780354437,1.0,1.0,0.003054219645562949,0.006089839583431854,4
0.13967455614794483,2378,0,2070,756572,0.003133276236906252,0.0,0.9968667237630937,1.0,1.0,0.003133276236906252,0.006246978963075047,4
0.14137790439365147,2419,0,2070,756531,0.0031872982409908426,0.0,0.9968127017590092,1.0,1.0,0.0031872982409908426,0.006354343294775595,4
0.14308125263935811,2476,0,2070,756474,0.003262402002766981,0.0,0.996737597997233,1.0,1.0,0.003262402002766981,0.006503586691287138,4
0.14478460088506476,2546,0,2070,756404,0.003354634692667501,0.0,0.9966453653073325,1.0,1.0,0.003354634692667501,0.00668683748831248,4
0.1464879491307714,2596,0,2070,756354,0.0034205151854535872,0.0,0.9965794848145464,1.0,1.0,0.0034205151854535872,0.00681771028933249,4
0.14819129737647804,2672,0,2070,756278,0.0035206535344884378,0.0,0.9964793464655116,1.0,1.0,0.0035206535344884378,0.007016604037173295,4
0.14989464562218469,2748,0,2070,756202,0.0036207918835232888,0.0,0.9963792081164767,1.0,1.0,0.0036207918835232888,0.007215458094940514,4
0.15159799386789133,2816,0,2070,756134,0.003710389353712366,0.0,0.9962896106462876,1.0,1.0,0.003710389353712366,0.007393346513233724,4
0.15330134211359797,2894,0,2070,756056,0.00381316292245866,0.0,0.9961868370775413,1.0,1.0,0.00381316292245866,0.007597355889132158,4
0.15500469035930461,2959,0,2070,755991,0.003898807563080572,0.0,0.9961011924369194,1.0,1.0,0.003898807563080572,0.007767331794216895,4
0.15670803860501126,3025,0,2070,755925,0.003985769813558205,0.0,0.9960142301864418,1.0,1.0,0.003985769813558205,0.007939893041110273,4
0.1584113868507179,3121,0,2070,755829,0.004112260359707491,0.0,0.9958877396402925,1.0,1.0,0.004112260359707491,0.00819083786156408,4
0.16011473509642454,3201,0,2070,755749,0.004217669148165229,0.0,0.9957823308518348,1.0,1.0,0.004217669148165229,0.008399910254004784,4
0.16181808334213119,3281,0,2070,755669,0.004323077936622966,0.0,0.995676922063377,1.0,1.0,0.004323077936622966,0.008608938760034686,4
0.16352143158783783,3364,0,2070,755586,0.004432439554647869,0.0,0.9955675604453521,1.0,1.0,0.004432439554647869,0.008825759463947928,4
0.1652247798335445,3448,0,2070,755502,0.004543118782528493,0.0,0.9954568812174716,1.0,1.0,0.004543118782528493,0.009045144399644281,4
0.16692812807925114,3519,0,2070,755431,0.004636669082284736,0.0,0.9953633309177152,1.0,1.0,0.004636669082284736,0.009230539208807178,4
0.16863147632495779,3605,0,2070,755345,0.004749983529876803,0.0,0.9952500164701232,1.0,1.0,0.004749983529876803,0.009455055700900262,4
0.17033482457066443,3667,0,2070,755283,0.00483167534093155,0.0,0.9951683246590685,1.0,1.0,0.00483167534093155,0.009616885015676282,4
0.17203817281637107,3759,0,2070,755191,0.004952895447657949,0.0,0.995047104552342,1.0,1.0,0.004952895447657949,0.0098569703517331,4
0.17374152106207771,3870,0,2070,755080,0.0050991501416430595,0.0,0.9949008498583569,1.0,1.0,0.0050991501416430595,0.010146561443066516,4
0.17544486930778436,3977,0,2070,754973,0.0052401343962052834,0.0,0.9947598656037947,1.0,1.0,0.0052401343962052834,0.010425637053086337,4
0.177148217553491,4081,0,2070,754869,0.005377165821200343,0.0,0.9946228341787997,1.0,1.0,0.005377165821200343,0.010696813104578975,4
0.17885156579919764,4183,0,2070,754767,0.0055115620264839585,0.0,0.994488437973516,1.0,1.0,0.0055115620264839585,0.010962702438500236,4
0.18055491404490429,4297,0,2070,754653,0.005661769550036234,0.0,0.9943382304499637,1.0,1.0,0.005661769550036234,0.011259788770869717,4
0.18225826229061093,4408,0,2070,754542,0.005808024244021345,0.0,0.9941919757559786,1.0,1.0,0.005808024244021345,0.011548971779951216,4
0.18396161053631757,4521,0,2070,754429,0.0059569141577179,0.0,0.9940430858422821,1.0,1.0,0.0059569141577179,0.011843278919566037,4
0.18566495878202421,4639,0,2070,754311,0.006112392120693063,0.0,0.993887607879307,1.0,1.0,0.006112392120693063,0.012150515526022506,4
0.18736830702773086,4768,0,2070,754182,0.0062823637920811646,0.0,0.9937176362079189,1.0,1.0,0.0062823637920811646,0.012486284204379102,4
0.1890716552734375,4880,0,2070,754070,0.006429936095921998,0.0,0.993570063904078,1.0,1.0,0.006429936095921998,0.012777712318185985,4
0.19077500351914414,5007,0,2070,753943,0.006597272547598656,0.0,0.9934027274524013,1.0,1.0,0.006597272547598656,0.013108067600663388,4
0.19247835176485079,5136,0,2070,753814,0.006767244218986758,0.0,0.9932327557810132,1.0,1.0,0.006767244218986758,0.013443512902997829,4
0.19418170001055743,5264,0,2070,753686,0.0069358982805191385,0.0,0.9930641017194809,1.0,1.0,0.0069358982805191385,0.013776245920645264,4
0.19588504825626407,5390,0,2070,753560,0.007101917122340075,0.0,0.9928980828776599,1.0,1.0,0.007101917122340075,0.01410367114111521,4
0.19758839650197071,5505,0,2070,753445,0.007253442255748073,0.0,0.9927465577442519,1.0,1.0,0.007253442255748073,0.014402417408480552,4
0.19929174474767736,5631,0,2070,753319,0.00741946109756901,0.0,0.992580538902431,1.0,1.0,0.00741946109756901,0.01472963623213237,4
0.20099509299338403,5771,0,2070,753179,0.007603926477370051,0.0,0.9923960735226299,1.0,1.0,0.007603926477370051,0.015093086236679784,4
0.20269844123909067,5907,0,2070,753043,0.007783121417748205,0.0,0.9922168785822518,1.0,1.0,0.007783121417748205,0.0154460245509945,4
0.2044017894847973,6043,0,2070,752907,0.007962316358126359,0.0,0.9920376836418736,1.0,1.0,0.007962316358126359,0.015798837374982517,4
0.20610513773050396,6183,0,2070,752767,0.0081467817379274,0.0,0.9918532182620726,1.0,1.0,0.0081467817379274,0.016161896036375373,4
0.2078084859762106,6324,0,2070,752626,0.008332564727584162,0.0,0.9916674352724159,1.0,1.0,0.008332564727584162,0.01652741371064481,4
0.20951183422191724,6461,0,2070,752489,0.008513077277818039,0.0,0.991486922722182,1.0,1.0,0.008513077277818039,0.016882433098034912,4
0.21121518246762389,6630,0,2070,752320,0.008735753343435008,0.0,0.991264246656565,1.0,1.0,0.008735753343435008,0.0173202016771598,4
0.21291853071333053,6794,0,2070,752156,0.008951841359773371,0.0,0.9910481586402267,1.0,1.0,0.008951841359773371,0.017744833782569632,4
0.21462187895903717,6966,0,2070,751984,0.009178470254957508,0.0,0.9908215297450425,1.0,1.0,0.009178470254957508,0.018189984280260498,4
0.21632522720474381,7141,0,2070,751809,0.009409051979708809,0.0,0.9905909480202912,1.0,1.0,0.009409051979708809,0.018642693883624793,4
0.21802857545045046,7286,0,2070,751664,0.009600105408788457,0.0,0.9903998945912116,1.0,1.0,0.009600105408788457,0.01901763947400018,4
0.2197319236961571,7440,0,2070,751510,0.009803017326569602,0.0,0.9901969826734304,1.0,1.0,0.009803017326569602,0.019415702188180953,4
0.22143527194186374,7619,0,2070,751331,0.01003886949074379,0.0,0.9899611305092562,1.0,1.0,0.01003886949074379,0.019878184481762238,4
0.22313862018757039,7829,0,2070,751121,0.010315567560445353,0.0,0.9896844324395546,1.0,1.0,0.010315567560445353,0.02042048621571535,4
0.22484196843327703,8037,0,2070,750913,0.01058963041043547,0.0,0.9894103695895645,1.0,1.0,0.01058963041043547,0.02095733043715213,4
0.22654531667898367,8207,0,2070,750743,0.010813624085908163,0.0,0.9891863759140919,1.0,1.0,0.010813624085908163,0.021395881156008482,4
0.22824866492469031,8382,1,2069,750568,0.011044205810659465,0.0004830917874396135,0.9889557941893405,0.9995169082125603,0.9998807109626625,0.011044205810659465,0.021847098977888346,4
0.22995201317039696,8580,1,2069,750370,0.011305092562092365,0.0004830917874396135,0.9886949074379077,0.9995169082125603,0.9998834634657965,0.011305092562092365,0.022357403153748838,4
0.2316553614161036,8778,1,2069,750172,0.011565979313525265,0.0004830917874396135,0.9884340206864748,0.9995169082125603,0.9998860918100011,0.011565979313525265,0.022867444111138176,4
0.23335870966181024,8993,1,2069,749957,0.011849265432505435,0.0004830917874396135,0.9881507345674946,0.9995169082125603,0.9998888147653991,0.011849265432505435,0.023420978613023866,4
0.23506205790751689,9193,1,2069,749757,0.01211278740364978,0.0004830917874396135,0.9878872125963503,0.9995169082125603,0.9998912334130955,0.01211278740364978,0.023935616238621924,4
0.23676540615322356,9420,1,2069,749530,0.01241188484089861,0.0004830917874396135,0.9875881151591014,0.9995169082125603,0.9998938541556098,0.01241188484089861,0.024519405339347787,4
0.2384687543989302,9629,1,2069,749321,0.01268726530074445,0.0004830917874396135,0.9873127346992555,0.9995169082125603,0.9998961578400831,0.01268726530074445,0.025056597881808012,4
0.24017210264463684,9833,2,2068,749117,0.012956057711311681,0.000966183574879227,0.9870439422886883,0.9990338164251208,0.9997966446365023,0.012956057711311681,0.025580623971591537,4
0.24187545089034349,10058,2,2068,748892,0.013252519928849068,0.000966183574879227,0.986747480071151,0.9990338164251208,0.9998011928429423,0.013252519928849068,0.026158307434233627,4
0.24357879913605013,10280,2,2068,748670,0.01354502931681929,0.000966183574879227,0.9864549706831807,0.9990338164251208,0.9998054853141413,0.01354502931681929,0.026727957235268426,4
0.24528214738175677,10512,3,2067,748438,0.01385071480334673,0.0014492753623188406,0.9861492851966532,0.9985507246376811,0.9997146932952924,0.01385071480334673,0.02732288018298428,4
0.24698549562746341,10754,3,2067,748196,0.014169576388431386,0.0014492753623188406,0.9858304236115686,0.9985507246376811,0.9997211118341545,0.014169576388431386,0.02794310042652594,4
0.24868884387317006,10979,3,2067,747971,0.014466038605968772,0.0014492753623188406,0.9855339613940313,0.9985507246376811,0.9997268257148061,0.014466038605968772,0.028519401713398063,4
0.2503921921188767,11206,3,2067,747744,0.014765136043217603,0.0014492753623188406,0.9852348639567824,0.9985507246376811,0.999732357926666,0.014765136043217603,0.02910048444541971,4
0.2520955403645833,11458,3,2067,747492,0.015097173726859477,0.0014492753623188406,0.9849028262731405,0.9985507246376811,0.9997382427362359,0.015097173726859477,0.029745161997946554,4
0.25379888861029,11705,3,2067,747245,0.015422623361222743,0.0014492753623188406,0.9845773766387773,0.9985507246376811,0.9997437649470448,0.015422623361222743,0.03037663918365864,4
0.25550223685599666,11965,3,2067,746985,0.01576520192371039,0.0014492753623188406,0.9842347980762897,0.9985507246376811,0.9997493315508021,0.01576520192371039,0.031040914857351883,4
0.25720558510170327,12218,3,2067,746732,0.016098557217207984,0.0014492753623188406,0.983901442782792,0.9985507246376811,0.9997545209066361,0.016098557217207984,0.03168687619218046,4
0.25890893334740994,12501,4,2066,746449,0.016471440806377233,0.001932367149758454,0.9835285591936228,0.9980676328502416,0.9996801279488204,0.016471440806377233,0.03240888969544562,4
0.26061228159311656,12770,5,2065,746180,0.016825877857566375,0.0024154589371980675,0.9831741221424336,0.9975845410628019,0.9996086105675147,0.016825877857566375,0.033094690466163465,4
0.2623156298388232,13051,5,2065,745899,0.01719612622702418,0.0024154589371980675,0.9828038737729758,0.9975845410628019,0.9996170343137255,0.01719612622702418,0.0338106180521913,4
0.26401897808452984,13363,5,2065,745587,0.017607220502009354,0.0024154589371980675,0.9823927794979906,0.9975845410628019,0.9996259724715739,0.017607220502009354,0.034604916627606765,4
0.2657223263302365,13670,5,2065,745280,0.018011726727715924,0.0024154589371980675,0.9819882732722841,0.9975845410628019,0.9996343692870201,0.018011726727715924,0.03538585989322117,4
0.26742567457594313,13955,5,2065,744995,0.018387245536596614,0.0024154589371980675,0.9816127544634033,0.9975845410628019,0.9996418338108882,0.018387245536596614,0.036110284509192535,4
0.2691290228216498,14263,6,2064,744687,0.018793069372158903,0.002898550724637681,0.9812069306278411,0.9971014492753624,0.9995795080243886,0.018793069372158903,0.03689252333426881,4
0.2708323710673564,14587,6,2064,744363,0.01921997496541274,0.002898550724637681,0.9807800250345873,0.9971014492753624,0.9995888439662852,0.01921997496541274,0.037714774744261145,4
0.2725357193130631,14949,6,2064,744001,0.019696949733184005,0.002898550724637681,0.980303050266816,0.9971014492753624,0.9995987963891675,0.019696949733184005,0.038632648710112995,4
0.2742390675587697,15260,7,2063,743690,0.02010672639831346,0.003381642512077295,0.9798932736016865,0.9966183574879227,0.9995414947271893,0.02010672639831346,0.03942047255485219,4
0.27594241580447637,15614,7,2063,743336,0.020573160287238948,0.003381642512077295,0.979426839712761,0.9966183574879227,0.9995518852826324,0.020573160287238948,0.04031651068785173,4
0.277645764050183,15963,8,2062,742987,0.021033006126885828,0.003864734299516908,0.9789669938731141,0.996135265700483,0.9994990921044393,0.021033006126885828,0.041199038353587014,4
0.27934911229588966,16336,8,2062,742614,0.02152447460307003,0.003864734299516908,0.97847552539693,0.996135265700483,0.9995105237395986,0.02152447460307003,0.04214143279839648,4
0.28105246054159627,16695,9,2061,742255,0.021997496541274128,0.004347826086956522,0.9780025034587259,0.9956521739130435,0.9994612068965517,0.021997496541274128,0.04304754439479459,4
0.28275580878730294,17077,9,2061,741873,0.022500823506159826,0.004347826086956522,0.9774991764938402,0.9956521739130435,0.9994732529556362,0.022500823506159826,0.04401084485771279,4
0.28445915703300956,17480,9,2061,741470,0.023031820278015678,0.004347826086956522,0.9769681797219844,0.9956521739130435,0.999485390817085,0.023031820278015678,0.04502607416680512,4
0.28616250527871623,17891,10,2060,741059,0.023573357928717308,0.004830917874396135,0.9764266420712827,0.9951690821256038,0.9994413719903916,0.023573357928717308,0.04606031272406163,4
0.28786585352442284,18274,10,2060,740676,0.024078002503458727,0.004830917874396135,0.9759219974965413,0.9951690821256038,0.9994530737256618,0.024078002503458727,0.04702316162185391,4
0.2895692017701295,18703,10,2060,740247,0.024643257131563345,0.004830917874396135,0.9753567428684367,0.9951690821256038,0.9994656121412921,0.024643257131563345,0.048100526834888635,4
0.2912725500158362,19117,11,2059,739833,0.025188747611832138,0.005314009661835749,0.9748112523881679,0.9946859903381643,0.9994249268088666,0.025188747611832138,0.04913903233351927,4
0.2929758982615428,19558,11,2059,739392,0.025769813558205415,0.005314009661835749,0.9742301864417946,0.9946859903381643,0.9994378864530635,0.025769813558205415,0.05024411735615958,4
0.29467924650724947,20014,12,2058,738936,0.02637064365241452,0.005797101449275362,0.9736293563475855,0.9942028985507246,0.9994007789873165,0.02637064365241452,0.05138540853633488,4
0.2963825947529561,20441,12,2058,738509,0.026933263060807695,0.005797101449275362,0.9730667369391923,0.9942028985507246,0.9994132890040581,0.026933263060807695,0.052452967206951986,4
0.29808594299866276,20886,14,2056,738064,0.02751959944660386,0.00676328502415459,0.9724804005533961,0.9932367149758454,0.9993301435406698,0.02751959944660386,0.0535641469513368,4
0.29978929124436937,21313,15,2055,737637,0.028082218854997034,0.007246376811594203,0.9719177811450029,0.9927536231884058,0.9992966991747937,0.028082218854997034,0.0546292475246002,4
0.30149263949007604,21801,15,2055,737149,0.028725212464589235,0.007246376811594203,0.9712747875354107,0.9927536231884058,0.9993124312431243,0.028725212464589235,0.055845157191783464,4
0.30319598773578266,22271,16,2054,736679,0.029344489096778444,0.007729468599033816,0.9706555109032216,0.9922705314009662,0.9992820926997802,0.029344489096778444,0.057014708724753185,4
0.30489933598148933,22747,16,2054,736203,0.029971671388101983,0.007729468599033816,0.970028328611898,0.9922705314009662,0.999297104951017,0.029971671388101983,0.05819782963824319,4
0.30660268422719594,23188,17,2053,735762,0.030552737334475263,0.00821256038647343,0.9694472626655247,0.9917874396135266,0.9992673992673993,0.030552737334475263,0.05929259545742213,4
0.3083060324729026,23680,17,2053,735270,0.03120100138349035,0.00821256038647343,0.9687989986165096,0.9917874396135266,0.9992826096130312,0.03120100138349035,0.06051259380027012,4
0.31000938071860923,24188,18,2052,734762,0.03187034719019698,0.008695652173913044,0.968129652809803,0.991304347826087,0.9992563827150294,0.03187034719019698,0.061770579552477424,4
0.3117127289643159,24733,18,2052,734217,0.03258844456156532,0.008695652173913044,0.9674115554384347,0.991304347826087,0.9992727566562967,0.03258844456156532,0.06311845971869373,4
0.3134160772100225,25264,18,2052,733686,0.03328809539495355,0.008695652173913044,0.9667119046050464,0.991304347826087,0.9992880310102049,0.03328809539495355,0.0644299135969968,4
0.3151194254557292,25787,18,2052,733163,0.03397720534949601,0.008695652173913044,0.966022794650504,0.991304347826087,0.9993024607634179,0.03397720534949601,0.06571987435569061,4
0.3168227737014358,26356,18,2052,732594,0.034726925357401676,0.008695652173913044,0.9652730746425984,0.991304347826087,0.999317509668613,0.034726925357401676,0.06712134100065706,4
0.31852612194714247,26914,18,2052,732036,0.03546215165689439,0.008695652173913044,0.9645378483431056,0.991304347826087,0.9993316500816872,0.03546215165689439,0.06849374333551347,4
0.3202294701928491,27447,19,2051,731503,0.03616443770999407,0.009178743961352657,0.9638355622900059,0.9908212560386473,0.9993082356367873,0.03616443770999407,0.06980275070700494,4
0.32193281843855576,28018,19,2051,730932,0.03691679293761117,0.009178743961352657,0.9630832070623888,0.9908212560386473,0.9993223240717624,0.03691679293761117,0.07120320920167679,4
0.32363616668426237,28568,19,2051,730382,0.03764147835825812,0.009178743961352657,0.9623585216417418,0.9908212560386473,0.999335362227586,0.03764147835825812,0.072550242083864,4
0.32533951492996904,29125,19,2051,729825,0.038375387047895115,0.009178743961352657,0.9616246129521049,0.9908212560386473,0.9993480647817733,0.038375387047895115,0.07391250282326726,4
0.32704286317567566,29692,19,2051,729258,0.039122471836089336,0.009178743961352657,0.9608775281639107,0.9908212560386473,0.9993605062098213,0.039122471836089336,0.07529724431663289,4
0.32874621142138233,30271,19,2051,728679,0.03988536794255221,0.009178743961352657,0.9601146320574477,0.9908212560386473,0.9993727302740179,0.03988536794255221,0.07670923926815672,4
0.330449559667089,30868,19,2051,728082,0.04067198102641808,0.009178743961352657,0.9593280189735819,0.9908212560386473,0.999384854469518,0.04067198102641808,0.07816296273788136,4
0.3321529079127956,31441,19,2051,727509,0.041426971473746625,0.009178743961352657,0.9585730285262534,0.9908212560386473,0.9993960584869676,0.041426971473746625,0.07955617970420416,4
0.3338562561585023,32047,19,2051,726903,0.04222544304631399,0.009178743961352657,0.957774556953686,0.9908212560386473,0.9994074720888169,0.04222544304631399,0.08102743813020218,4
0.3355596044042089,32692,20,2050,726258,0.043075301403254496,0.00966183574879227,0.9569246985967454,0.9903381642512077,0.9993886035705551,0.043075301403254496,0.08259080264052084,4
0.33726295264991557,33266,20,2050,725684,0.043831609460438764,0.00966183574879227,0.9561683905395613,0.9903381642512077,0.9993991467884396,0.043831609460438764,0.08398002615382286,4
0.3389663008956222,33867,21,2049,725083,0.04462349298372752,0.010144927536231883,0.9553765070162725,0.9898550724637681,0.9993803116147308,0.04462349298372752,0.08543233296083184,4
0.34066964914132886,34474,21,2049,724476,0.0454232821661506,0.010144927536231883,0.9545767178338493,0.9898550724637681,0.999391216118278,0.0454232821661506,0.08689701239531411,4
0.34237299738703547,35111,21,2049,723839,0.04626259964424534,0.010144927536231883,0.9537374003557547,0.9898550724637681,0.999402254355004,0.04626259964424534,0.08843167330326088,4
0.34407634563274214,35743,21,2049,723207,0.047095329073061465,0.010144927536231883,0.9529046709269385,0.9898550724637681,0.9994128173582373,0.047095329073061465,0.08995185689442993,4
0.34577969387844876,36402,21,2049,722548,0.04796363396798208,0.010144927536231883,0.9520363660320179,0.9898550724637681,0.9994234412321884,0.04796363396798208,0.09153441215630906,4
0.34748304212415543,37066,21,2049,721884,0.0488385269121813,0.010144927536231883,0.9511614730878187,0.9898550724637681,0.9994337638525629,0.0488385269121813,0.09312632453014119,4
0.34918639036986204,37741,22,2048,721209,0.04972791356479347,0.010628019323671498,0.9502720864352066,0.9893719806763285,0.9994174191669094,0.04972791356479347,0.09474177024850856,4
0.3508897386155687,38423,23,2047,720527,0.05062652348639568,0.011111111111111112,0.9493734765136044,0.9888888888888889,0.9994017583103574,0.05062652348639568,0.09637118821764845,4
0.35259308686127533,39166,23,2047,719784,0.05160550760919692,0.011111111111111112,0.9483944923908031,0.9888888888888889,0.9994131006149685,0.05160550760919692,0.09814330586526908,4
0.354296435106982,39831,24,2046,719119,0.05248171816325186,0.011594202898550725,0.9475182818367481,0.9884057971014493,0.9993978170869402,0.05248171816325186,0.09972646640919876,4
0.3559997833526886,40550,24,2046,718400,0.05342907964951578,0.011594202898550725,0.9465709203504842,0.9884057971014493,0.9994084881944102,0.05342907964951578,0.10143535403565121,4
0.3577031315983953,41262,24,2046,717688,0.05436721786678964,0.011594202898550725,0.9456327821332103,0.9884057971014493,0.9994186891440198,0.05436721786678964,0.10312457824941643,4
0.3594064798441019,41982,26,2044,716968,0.05531589696290928,0.012560386473429951,0.9446841030370907,0.9874396135265701,0.999381070272329,0.05531589696290928,0.10482946671361044,4
0.36110982808980857,42685,26,2044,716265,0.056242176691481655,0.012560386473429951,0.9437578233085183,0.9874396135265701,0.9993912575214816,0.056242176691481655,0.10649139723648776,4
0.3628131763355152,43473,27,2043,715477,0.05728045325779037,0.013043478260869565,0.9427195467422096,0.9869565217391304,0.9993793103448276,0.05728045325779037,0.10835067605458283,4
0.36451652458122186,44200,28,2042,714750,0.058238355622900057,0.01352657004830918,0.9417616443771,0.9864734299516909,0.999366916885231,0.058238355622900057,0.11006277562383432,4
0.3662198728269285,44998,28,2042,713952,0.05928980828776599,0.01352657004830918,0.940710191712234,0.9864734299516909,0.9993781370763559,0.05928980828776599,0.11193866483576624,4
0.36792322107263514,45752,28,2042,713198,0.06028328611898017,0.01352657004830918,0.9397167138810198,0.9864734299516909,0.999388379204893,0.06028328611898017,0.11370770320480161,4
0.3696265693183418,46523,28,2042,712427,0.061299163317741615,0.01352657004830918,0.9387008366822583,0.9864734299516909,0.9993985091619944,0.061299163317741615,0.11551320234239312,4
0.37132991756404843,47272,28,2042,711678,0.062286053099677184,0.01352657004830918,0.9377139469003228,0.9864734299516909,0.9994080338266385,0.062286053099677184,0.11726387596899225,4
0.3730332658097551,48006,28,2042,710944,0.06325317873377694,0.01352657004830918,0.9367468212662231,0.9864734299516909,0.9994170795686389,0.06325317873377694,0.11897633658164226,4
0.3747366140554617,48840,28,2042,710110,0.06435206535344884,0.01352657004830918,0.9356479346465512,0.9864734299516909,0.9994270279119261,0.06435206535344884,0.12091832566246359,4
0.3764399623011684,49659,28,2042,709291,0.06543118782528494,0.01352657004830918,0.9345688121747151,0.9864734299516909,0.9994364723167025,0.06543118782528494,0.12282148850473079,4
0.378143310546875,50508,28,2042,708442,0.06654983859279268,0.01352657004830918,0.9334501614072074,0.9864734299516909,0.9994459395282571,0.06654983859279268,0.12479029902926055,4
0.37984665879258167,51308,28,2042,707642,0.06760392647737005,0.01352657004830918,0.93239607352263,0.9864734299516909,0.9994545737883747,0.06760392647737005,0.12664170428712826,4
0.3815500070382883,52118,28,2042,706832,0.06867119046050464,0.01352657004830918,0.9313288095394954,0.9864734299516909,0.999463046062977,0.06867119046050464,0.12851253119236195,4
0.38325335528399496,53003,28,2042,705947,0.06983727518281836,0.01352657004830918,0.9301627248171817,0.9864734299516909,0.9994720069393374,0.06983727518281836,0.13055231587931243,4
0.38495670352970157,53858,28,2042,705092,0.07096383160946045,0.01352657004830918,0.9290361683905396,0.9864734299516909,0.9994803845154585,0.07096383160946045,0.1325187368669695,4
0.38666005177540824,54734,28,2042,704216,0.07211805784307267,0.01352657004830918,0.9278819421569273,0.9864734299516909,0.9994886965413973,0.07211805784307267,0.1345291700257585,4
0.38836340002111486,55630,28,2042,703320,0.07329863627379933,0.01352657004830918,0.9267013637262007,0.9864734299516909,0.999496927665385,0.07329863627379933,0.13658103038516684,4
0.39006674826682153,56548,28,2042,702402,0.07450820212135187,0.01352657004830918,0.9254917978786481,0.9864734299516909,0.9995050904977375,0.07450820212135187,0.13867859516434794,4
0.39177009651252814,57425,28,2042,701525,0.07566374596481981,0.01352657004830918,0.9243362540351802,0.9864734299516909,0.9995126451186187,0.07566374596481981,0.14067807198160712,4
0.3934734447582348,58344,28,2042,700606,0.07687462942222807,0.01352657004830918,0.9231253705777719,0.9864734299516909,0.9995203179606661,0.07687462942222807,0.1427687007079217,4
0.39517679300394143,59268,28,2042,699682,0.07809210092891494,0.01352657004830918,0.9219078990710851,0.9864734299516909,0.9995277927684836,0.07809210092891494,0.1448659694028446,4
0.3968801412496481,60233,29,2041,698717,0.07936359443968641,0.014009661835748793,0.9206364055603136,0.9859903381642512,0.9995187680461982,0.07936359443968641,0.1470510685878625,4
0.3985834894953547,61150,29,2041,697800,0.08057184267738322,0.014009661835748793,0.9194281573226167,0.9859903381642512,0.9995259811373184,0.08057184267738322,0.1491228818880932,4
0.4002868377410614,62051,29,2041,696899,0.0817590091573885,0.014009661835748793,0.9182409908426115,0.9859903381642512,0.9995328608247422,0.0817590091573885,0.15115403822028428,4
0.40199018598676806,62981,29,2041,695969,0.0829843863232097,0.014009661835748793,0.9170156136767903,0.9859903381642512,0.9995397555943502,0.0829843863232097,0.15324590004379776,4
0.40369353423247467,63910,29,2041,695040,0.08420844587917517,0.014009661835748793,0.9157915541208248,0.9859903381642512,0.9995464427032015,0.08420844587917517,0.15533079188080043,4
0.40539688247818134,64829,29,2041,694121,0.08541932933658344,0.014009661835748793,0.9145806706634165,0.9859903381642512,0.999552869345339,0.08541932933658344,0.15738861482287136,4
0.40710023072388796,65850,29,2041,693100,0.08676460899927531,0.014009661835748793,0.9132353910007247,0.9859903381642512,0.9995597990254861,0.08676460899927531,0.1596694587605431,4
0.4088035789695946,66808,29,2041,692142,0.08802687924105672,0.014009661835748793,0.9119731207589433,0.9859903381642512,0.999566108592546,0.08802687924105672,0.16180443625293203,4
0.41050692721530124,67839,29,2041,691111,0.08938533500230582,0.014009661835748793,0.9106146649976942,0.9859903381642512,0.9995726999469559,0.08938533500230582,0.1640965726435564,4
0.4122102754610079,68858,29,2041,690092,0.09072797944528625,0.014009661835748793,0.9092720205547138,0.9859903381642512,0.9995790207150841,0.09072797944528625,0.16635642040643267,4
0.41391362370671453,69887,29,2041,689063,0.09208379998682391,0.014009661835748793,0.9079162000131761,0.9859903381642512,0.999585216545569,0.09208379998682391,0.16863280675042772,4
0.4156169719524212,70926,29,2041,688024,0.09345279662691877,0.014009661835748793,0.9065472033730813,0.9859903381642512,0.9995912902543865,0.09345279662691877,0.17092558786849096,4
0.4173203201981278,71939,29,2041,687011,0.09478753541076487,0.014009661835748793,0.9052124645892351,0.9859903381642512,0.9995970431302801,0.09478753541076487,0.17315547382533536,4
0.4190236684438345,73029,29,2041,685921,0.09622373015350155,0.014009661835748793,0.9037762698464985,0.9859903381642512,0.9996030551069014,0.09622373015350155,0.17554879280006924,4
0.4207270166895411,74147,29,2041,684803,0.09769681797219844,0.014009661835748793,0.9023031820278016,0.9859903381642512,0.9996090379637619,0.09769681797219844,0.17799708567491596,4
0.42243036493524777,75243,29,2041,683707,0.09914091837406944,0.014009661835748793,0.9008590816259305,0.9859903381642512,0.999614730577107,0.09914091837406944,0.18039083121758956,4
0.4241337131809544,76332,29,2041,682618,0.1005757955069504,0.014009661835748793,0.8994242044930496,0.9859903381642512,0.9996202249839578,0.1005757955069504,0.18276306669013098,4
0.42583706142666106,77414,29,2041,681536,0.1020014493708413,0.014009661835748793,0.8979985506291587,0.9859903381642512,0.9996255310357295,0.1020014493708413,0.18511393567378015,4
0.42754040967236767,78515,29,2041,680435,0.1034521378219909,0.014009661835748793,0.8965478621780091,0.9859903381642512,0.9996307801996334,0.1034521378219909,0.1874998507451994,4
0.42924375791807434,79632,29,2041,679318,0.10492390803083207,0.014009661835748793,0.8950760919691679,0.9859903381642512,0.9996359573693526,0.10492390803083207,0.18991403642451624,4
0.43094710616378096,80767,29,2041,678183,0.10641939521707622,0.014009661835748793,0.8935806047829238,0.9859903381642512,0.9996410713401653,0.10641939521707622,0.19236054711781894,4
0.43265045440948763,81956,30,2040,676994,0.10798603333552935,0.014492753623188406,0.8920139666644706,0.9855072463768116,0.9996340838679775,0.10798603333552935,0.19491614106186442,4
0.43435380265519424,83112,30,2040,675838,0.10950919032874366,0.014492753623188406,0.8904908096712564,0.9855072463768116,0.9996391715378509,0.10950919032874366,0.1973941089572161,4
0.4360571509009009,84263,30,2040,674687,0.11102575927267935,0.014492753623188406,0.8889742407273207,0.9855072463768116,0.9996440985609718,0.11102575927267935,0.19985460893241924,4
0.4377604991466076,85435,30,2040,673515,0.11256999802358522,0.014492753623188406,0.8874300019764148,0.9855072463768116,0.9996489791142573,0.11256999802358522,0.20235310836496273,4
0.4394638473923142,86720,30,2040,672230,0.11426312668818762,0.014492753623188406,0.8857368733118124,0.9855072463768116,0.9996541786743516,0.11426312668818762,0.20508454534704976,4
0.44116719563802087,87961,30,2040,670989,0.11589828051913828,0.014492753623188406,0.8841017194808617,0.9855072463768116,0.9996590560398223,0.11589828051913828,0.2077145869665065,4
0.4428705438837275,89169,30,2040,669781,0.11748995322485012,0.014492753623188406,0.8825100467751499,0.9855072463768116,0.9996636733595669,0.11748995322485012,0.21026729973153302,4
0.44457389212943416,90385,30,2040,668565,0.11909216680940773,0.014492753623188406,0.8809078331905923,0.9855072463768116,0.9996681966487861,0.11909216680940773,0.21282958445426875,4
0.44627724037514077,91646,30,2040,667304,0.12075367283747282,0.014492753623188406,0.8792463271625272,0.9855072463768116,0.9996727605916489,0.12075367283747282,0.21547895314744672,4
0.44798058862084744,92870,30,2040,666080,0.12236642730087621,0.014492753623188406,0.8776335726991238,0.9855072463768116,0.9996770721205598,0.12236642730087621,0.21804308270235373,4
0.44968393686655406,94237,30,2040,664713,0.1241675999736478,0.014492753623188406,0.8758324000263522,0.9855072463768116,0.9996817550150106,0.1241675999736478,0.22089808337152214,4
0.4513872851122607,95526,30,2040,663424,0.1258659990776731,0.014492753623188406,0.8741340009223268,0.9855072463768116,0.9996860479718699,0.1258659990776731,0.2235818121815411,4
0.45309063335796734,96808,30,2040,662142,0.12755517491270835,0.014492753623188406,0.8724448250872916,0.9855072463768116,0.9996902042586588,0.12755517491270835,0.22624294801983666,4
0.454793981603674,98163,30,2040,660787,0.1293405362672113,0.014492753623188406,0.8706594637327887,0.9855072463768116,0.9996944792398643,0.1293405362672113,0.22904696182550638,4
0.45649732984938063,99502,30,2040,659448,0.13110481586402267,0.014492753623188406,0.8688951841359773,0.9855072463768116,0.9996985893983844,0.13110481586402267,0.23180917013985156,4
0.4582006780950873,100816,30,2040,658134,0.132836155214441,0.014492753623188406,0.867163844785559,0.9855072463768116,0.9997025167086449,0.132836155214441,0.23451144224909165,4
0.4599040263407939,102171,30,2040,656779,0.13462151656894394,0.014492753623188406,0.8653784834310561,0.9855072463768116,0.9997064607978395,0.13462151656894394,0.23728939523962703,4
0.4616073745865006,103514,30,2040,655436,0.13639106660517822,0.014492753623188406,0.8636089333948218,0.9855072463768116,0.9997102680985861,0.13639106660517822,0.2400341335707843,4
0.4633107228322072,104893,30,2040,654057,0.13820805059621846,0.014492753623188406,0.8617919494037816,0.9855072463768116,0.9997140760367126,0.13820805059621846,0.24284356612603933,4
0.46501407107791387,106229,30,2040,652721,0.13996837736346268,0.014492753623188406,0.8600316226365373,0.9855072463768116,0.9997176709737529,0.13996837736346268,0.24555685389310558,4
0.4667174193236205,107656,30,2040,651294,0.14184860662757756,0.014492753623188406,0.8581513933724224,0.9855072463768116,0.9997214122541463,0.14184860662757756,0.24844571423296516,4
0.46842076756932716,109005,30,2040,649945,0.14362606232294617,0.014492753623188406,0.8563739376770538,0.9855072463768116,0.9997248589902324,0.14362606232294617,0.2511679349297511,4
0.47012411581503377,110423,30,2040,648527,0.14549443309835958,0.014492753623188406,0.8545055669016405,0.9855072463768116,0.9997283912614415,0.14549443309835958,0.2540202874846303,4
0.47182746406074044,111950,30,2040,647000,0.14750642334804664,0.014492753623188406,0.8524935766519534,0.9855072463768116,0.9997320950169674,0.14750642334804664,0.25708151056916173,4
0.4735308123064471,113436,30,2040,645514,0.14946439159364913,0.014492753623188406,0.8505356084063509,0.9855072463768116,0.9997356036169425,0.14946439159364913,0.2600502512562814,4
0.47523416055215373,114977,30,2040,643973,0.15149482838131628,0.014492753623188406,0.8485051716186837,0.9855072463768116,0.9997391463128331,0.15149482838131628,0.2631182083329043,4
0.4769375087978604,116437,30,2040,642513,0.15341853877067,0.014492753623188406,0.84658146122933,0.9855072463768116,0.999742416306765,0.15341853877067,0.26601493916613456,4
0.478640857043567,117949,30,2040,641001,0.15541076487252126,0.014492753623188406,0.8445892351274787,0.9855072463768116,0.9997457174581917,0.15541076487252126,0.26900467426667385,4
0.4803442052892737,119390,30,2040,639560,0.15730944067461625,0.014492753623188406,0.8426905593253837,0.9855072463768116,0.9997487857980237,0.15730944067461625,0.2718444391315733,4
0.4820475535349803,120979,30,2040,637971,0.15940312273535806,0.014492753623188406,0.8405968772646419,0.9855072463768116,0.9997520845556942,0.15940312273535806,0.27496508360048594,4
0.48375090178068697,122497,30,2040,636453,0.16140325449634363,0.014492753623188406,0.8385967455036564,0.9855072463768116,0.9997551560064313,0.16140325449634363,0.27793578278276126,4
0.4854542500263936,123961,30,2040,634989,0.16333223532512023,0.014492753623188406,0.8366677646748798,0.9855072463768116,0.9997580469550209,0.16333223532512023,0.28079112873906636,4
0.48715759827210026,125528,30,2040,633422,0.16539692996903615,0.014492753623188406,0.8346030700309638,0.9855072463768116,0.9997610665987033,0.16539692996903615,0.2838368901129215,4
0.48886094651780687,127118,30,2040,631832,0.1674919296396337,0.014492753623188406,0.8325080703603663,0.9855072463768116,0.9997640544876837,0.1674919296396337,0.2869163455960853,4
0.49056429476351354,128669,30,2040,630281,0.1695355425258581,0.014492753623188406,0.8304644574741419,0.9855072463768116,0.9997668979556951,0.1695355425258581,0.289909637705895,4
0.49226764300922016,130243,30,2040,628707,0.17160946043876407,0.014492753623188406,0.8283905395612359,0.9855072463768116,0.9997697143690557,0.17160946043876407,0.29293664243952305,4
0.49397099125492683,131874,30,2040,627076,0.17375848211344622,0.014492753623188406,0.8262415178865538,0.9855072463768116,0.9997725618631732,0.17375848211344622,0.29606198097555836,4
0.49567433950063344,133505,30,2040,625445,0.17590750378812833,0.014492753623188406,0.8240924962118716,0.9855072463768116,0.9997753397985547,0.17590750378812833,0.2991758965136669,4
0.4973776877463401,135176,30,2040,623774,0.17810922985703934,0.014492753623188406,0.8218907701429606,0.9855072463768116,0.9997781163557831,0.17810922985703934,0.30235439900867417,4
0.49908103599204673,136808,30,2040,622142,0.18025956914157718,0.014492753623188406,0.8197404308584229,0.9855072463768116,0.9997807626536488,0.18025956914157718,0.30544727100608626,4
0.5007843842377534,138535,30,2040,620415,0.1825350813624086,0.014492753623188406,0.8174649186375914,0.9855072463768116,0.9997834951105979,0.1825350813624086,0.30870793245795336,4
0.50248773248346,140163,30,2040,618787,0.18468015020752354,0.014492753623188406,0.8153198497924764,0.9855072463768116,0.999786009287197,0.18468015020752354,0.31177020785347825,4
0.5041910807291666,141808,30,2040,617142,0.1868476184201858,0.014492753623188406,0.8131523815798142,0.9855072463768116,0.9997884910954751,0.1868476184201858,0.3148532174052053,4
0.5058944289748734,143491,30,2040,615459,0.18906515580736544,0.014492753623188406,0.8109348441926345,0.9855072463768116,0.9997909713561082,0.18906515580736544,0.3179958137158978,4
0.50759777722058,145184,30,2040,613766,0.1912958692931023,0.014492753623188406,0.8087041307068977,0.9855072463768116,0.9997934083490573,0.1912958692931023,0.3211452789538181,4
0.5093011254662866,146863,30,2040,612087,0.19350813624085908,0.014492753623188406,0.806491863759141,0.9855072463768116,0.9997957697099249,0.19350813624085908,0.3242570732455845,4
0.5110044737119933,148617,32,2038,610333,0.19581922392779497,0.015458937198067632,0.8041807760722051,0.9845410628019323,0.9997847277815525,0.19581922392779497,0.32749485180129106,4
0.5127078219576999,150491,32,2038,608459,0.19828842479741748,0.015458937198067632,0.8017115752025825,0.9845410628019323,0.9997874079044399,0.19828842479741748,0.3309411054533779,4
0.5144111702034065,152278,32,2038,606672,0.2006429936095922,0.015458937198067632,0.7993570063904079,0.9845410628019323,0.9997899021731994,0.2006429936095922,0.3342141650023045,4
0.5161145184491132,154008,32,2038,604942,0.20292245865999078,0.015458937198067632,0.7970775413400092,0.9845410628019323,0.9997922617501948,0.20292245865999078,0.33737061742187757,4
0.5178178666948199,155815,32,2038,603135,0.20530337966927992,0.015458937198067632,0.7946966203307201,0.9845410628019323,0.9997946704139317,0.20530337966927992,0.34065481194188435,4
0.5195212149405265,157659,32,2038,601291,0.20773305224323077,0.015458937198067632,0.7922669477567692,0.9845410628019323,0.9997970714879099,0.20773305224323077,0.34399290452859954,4
0.5212245631862331,159460,32,2038,599490,0.2101060675933856,0.015458937198067632,0.7898939324066144,0.9845410628019323,0.9997993629774534,0.2101060675933856,0.34724021767297225,4
0.5229279114319397,161250,33,2037,597700,0.21246458923512748,0.015942028985507246,0.7875354107648725,0.9840579710144928,0.9997953907107383,0.21246458923512748,0.35045472179328496,4
0.5246312596776465,163092,34,2036,595858,0.2148916265893669,0.01642512077294686,0.7851083734106331,0.9835748792270531,0.9997915721589447,0.2148916265893669,0.35374958246391836,4
0.5263346079233531,164909,35,2035,594041,0.21728572369721325,0.016908212560386472,0.7827142763027868,0.9830917874396136,0.9997878067707828,0.21728572369721325,0.3569868404817003,4
0.5280379561690597,166693,35,2035,592257,0.2196363396798208,0.016908212560386472,0.7803636603201792,0.9830917874396136,0.9997900772515714,0.2196363396798208,0.36015331465153105,4
0.5297413044147663,168606,35,2035,590344,0.22215692733381645,0.016908212560386472,0.7778430726661836,0.9830917874396136,0.9997924585361804,0.22215692733381645,0.3635352218811955,4
0.531444652660473,170419,35,2035,588531,0.22454575400223994,0.016908212560386472,0.77545424599776,0.9830917874396136,0.9997946660095979,0.22454575400223994,0.3667274941790653,4
0.5331480009061796,172333,36,2034,586617,0.22706765926609132,0.017391304347826087,0.7729323407339087,0.9826086956521739,0.9997911457396632,0.22706765926609132,0.3700837199713525,4
0.5348513491518863,174229,36,2034,584721,0.2295658475525397,0.017391304347826087,0.7704341524474603,0.9826086956521739,0.9997934180701805,0.2295658475525397,0.373395198319787,4
0.5365546973975929,176074,36,2034,582876,0.23199683773634627,0.017391304347826087,0.7680031622636537,0.9826086956521739,0.999795582306513,0.23199683773634627,0.37660470985819094,4
0.5382580456432996,178035,37,2033,580915,0.23458067066341656,0.017874396135265702,0.7654193293365834,0.9821256038647344,0.9997922188777573,0.23458067066341656,0.38000175022571503,4
0.5399613938890062,179939,37,2033,579011,0.23708939982871072,0.017874396135265702,0.7629106001712893,0.9821256038647344,0.9997944170333822,0.23708939982871072,0.38328686179741533,4
0.5416647421347128,181774,37,2033,577176,0.23950721391396007,0.017874396135265702,0.7604927860860399,0.9821256038647344,0.9997964919614325,0.23950721391396007,0.3864403392572609,4
0.5433680903804194,183695,38,2032,575255,0.2420383424468015,0.018357487922705314,0.7579616575531986,0.9816425120772947,0.9997931781443725,0.2420383424468015,0.38972804219445983,4
0.5450714386261262,185654,38,2032,573296,0.24461954015416035,0.018357487922705314,0.7553804598458397,0.9816425120772947,0.9997953600585916,0.24461954015416035,0.39306742660182376,4
0.5467747868718328,187625,38,2032,571325,0.24721654917978786,0.018357487922705314,0.7527834508202121,0.9816425120772947,0.9997975093651918,0.24721654917978786,0.39641331779724137,4
0.5484781351175394,189599,38,2032,569351,0.24981751103498254,0.018357487922705314,0.7501824889650175,0.9816425120772947,0.9997996171633173,0.24981751103498254,0.39975036554369814,4
0.5501814833632461,191612,39,2031,567338,0.2524698596745504,0.01884057971014493,0.7475301403254496,0.981159420289855,0.9997965051056347,0.2524698596745504,0.4031386459723901,4
0.5518848316089527,193605,39,2031,565345,0.25509585611700375,0.01884057971014493,0.7449041438829962,0.981159420289855,0.999798599491851,0.25509585611700375,0.40647957052007466,4
0.5535881798546594,195622,39,2031,563328,0.25775347519599445,0.01884057971014493,0.7422465248040055,0.981159420289855,0.9998006756584091,0.25775347519599445,0.40984652387202747,4
0.555291528100366,197674,40,2030,561276,0.26045721061993543,0.01932367149758454,0.7395427893800646,0.9806763285024155,0.9997976875689126,0.26045721061993543,0.4132569010645326,4
0.5569948763460727,199778,40,2030,559172,0.26322946175637396,0.01932367149758454,0.736770538243626,0.9806763285024155,0.9997998178342291,0.26322946175637396,0.4167389816931729,4
0.5586982245917793,201887,41,2029,557063,0.26600830094209105,0.019806763285024155,0.733991699057909,0.9801932367149758,0.999796957331326,0.26600830094209105,0.42021359631503685,4
0.5604015728374859,203936,42,2028,555014,0.26870808353646486,0.020289855072463767,0.7312919164635352,0.9797101449275363,0.9997940954416653,0.26870808353646486,0.4235747636375721,4
0.5621049210831925,205940,44,2026,553010,0.2713485736873312,0.021256038647342997,0.7286514263126688,0.978743961352657,0.9997863911760136,0.2713485736873312,0.42684784658847136,4
0.5638082693288993,207989,45,2025,550961,0.274048356281705,0.021739130434782608,0.725951643718295,0.9782608695652174,0.9997836892046492,0.274048356281705,0.4301808509758176,4
0.5655116175746059,210069,49,2021,548881,0.2767889847816062,0.023671497584541065,0.7232110152183938,0.976328502415459,0.9997667977041472,0.2767889847816062,0.433548522910673,4
0.5672149658203125,212203,49,2021,546747,0.2796007642137163,0.023671497584541065,0.7203992357862837,0.976328502415459,0.9997691423402371,0.2796007642137163,0.4369904510081322,4
0.5689183140660191,214268,51,2019,544682,0.2823216285657817,0.02463768115942029,0.7176783714342183,0.9753623188405797,0.9997620369635917,0.2823216285657817,0.44030581473364505,4
0.5706216623117258,216332,51,2019,542618,0.2850411753079913,0.02463768115942029,0.7149588246920087,0.9753623188405797,0.9997643068078361,0.2850411753079913,0.4436064400568831,4
0.5723250105574325,218471,51,2019,540479,0.2878595427893801,0.02463768115942029,0.7121404572106199,0.9753623188405797,0.9997666138878465,0.2878595427893801,0.4470122929352452,4
0.5740283588031391,220579,51,2019,538371,0.29063706436524145,0.02463768115942029,0.7093629356347585,0.9753623188405797,0.9997688437655804,0.29063706436524145,0.4503542334469875,4
0.5757317070488457,222686,54,2016,536264,0.2934132683312471,0.02608695652173913,0.7065867316687529,0.9739130434782609,0.9997575648738439,0.2934132683312471,0.4536788599252309,4
0.5774350552945524,224846,54,2016,534104,0.29625930561960606,0.02608695652173913,0.703740694380394,0.9739130434782609,0.9997598932859049,0.29625930561960606,0.45707374091579006,4
0.579138403540259,226975,54,2016,531975,0.2990644970024376,0.02608695652173913,0.7009355029975625,0.9739130434782609,0.9997621449242168,0.2990644970024376,0.4604053433186711,4
0.5808417517859656,229131,55,2015,529819,0.3019052638513736,0.026570048309178744,0.6980947361486264,0.9734299516908212,0.9997600202455648,0.3019052638513736,0.46376409724977136,4
0.5825451000316724,231243,56,2014,527707,0.30468805586665787,0.02705314009661836,0.6953119441333421,0.9729468599033816,0.9997578891391662,0.30468805586665787,0.4670401080940248,4
0.584248448277379,233431,56,2014,525519,0.307570986230977,0.02705314009661836,0.692429013769023,0.9729468599033816,0.9997601579531195,0.307570986230977,0.47041978483268965,4
0.5859517965230856,235635,59,2011,523315,0.3104749983529877,0.028502415458937197,0.6895250016470124,0.9714975845410628,0.9997496754266125,0.3104749983529877,0.47380771411680966,4
0.5876551447687922,237815,60,2010,521135,0.31334738783846106,0.028985507246376812,0.6866526121615389,0.9710144927536232,0.9997477666841829,0.31334738783846106,0.4771449351691621,4
0.5893584930144989,240008,60,2010,518942,0.31623690625205875,0.028985507246376812,0.6837630937479412,0.9710144927536232,0.9997500708132696,0.31623690625205875,0.48048783905795495,4
0.5910618412602056,242198,61,2009,516752,0.3191224718360893,0.029468599033816423,0.6808775281639107,0.9705314009661836,0.9997482033691215,0.3191224718360893,0.4838110724134521,4
0.5927651895059122,244438,61,2009,514512,0.322073917912906,0.029468599033816423,0.677926082087094,0.9705314009661836,0.9997505102270356,0.322073917912906,0.4871956621612061,4
0.5944685377516188,246635,61,2009,512315,0.3249687067659266,0.029468599033816423,0.6750312932340734,0.9705314009661836,0.9997527321075331,0.3249687067659266,0.4905006334236899,4
0.5961718859973255,248733,62,2008,510217,0.3277330522432308,0.02995169082125604,0.6722669477567692,0.970048309178744,0.9997507988504593,0.3277330522432308,0.4936427370019201,4
0.5978752342430321,250894,63,2007,508056,0.33058040714144543,0.030434782608695653,0.6694195928585546,0.9695652173913043,0.9997489609773786,0.33058040714144543,0.49686555296675833,4
0.5995785824887387,253090,64,2006,505860,0.3334738783846103,0.030917874396135265,0.6665261216153897,0.9690821256038648,0.9997471894578004,0.3334738783846103,0.5001264692166022,4
0.6012819307344454,255344,64,2006,503606,0.3364437709994071,0.030917874396135265,0.663556229000593,0.9690821256038648,0.9997494205349872,0.3364437709994071,0.5034593309265565,4
0.6029852789801521,257546,66,2004,501404,0.3393451479017063,0.03188405797101449,0.6606548520982937,0.9681159420289855,0.9997438007546232,0.3393451479017063,0.5067000340362908,4
0.6046886272258587,259786,67,2003,499164,0.34229659397852297,0.0323671497584541,0.657703406021477,0.9676328502415459,0.999742161914621,0.34229659397852297,0.5099827935331953,4
0.6063919754715653,261939,67,2003,497011,0.34513340799789183,0.0323671497584541,0.6548665920021082,0.9676328502415459,0.9997442806653283,0.34513340799789183,0.5131249534749784,4
0.6080953237172719,264167,68,2002,494783,0.3480690427564398,0.03285024154589372,0.6519309572435602,0.9671497584541063,0.9997426533199614,0.3480690427564398,0.5163621436983536,4
0.6097986719629787,266453,68,2002,492497,0.35108109888661965,0.03285024154589372,0.6489189011133804,0.9671497584541063,0.9997448606301192,0.35108109888661965,0.5196694982110659,4
0.6115020202086853,268752,70,2000,490198,0.3541102839449239,0.033816425120772944,0.6458897160550761,0.966183574879227,0.9997396046454531,0.3541102839449239,0.5229798048594435,4
0.6132053684543919,270995,70,2000,487955,0.35706568285130774,0.033816425120772944,0.6429343171486923,0.966183574879227,0.9997417593566119,0.35706568285130774,0.5261962204433916,4
0.6149087167000985,273229,70,2000,485721,0.36000922326899004,0.033816425120772944,0.6399907767310099,0.966183574879227,0.999743870266631,0.36000922326899004,0.5293858361693738,4
0.6166120649458052,275490,71,1999,483460,0.36298833915277684,0.03429951690821256,0.6370116608472232,0.9657004830917875,0.9997423438004652,0.36298833915277684,0.532599460034741,4
0.6183154131915118,277843,71,1999,481107,0.3660886751432901,0.03429951690821256,0.63391132485671,0.9657004830917875,0.9997445252848003,0.3660886751432901,0.5359294950928954,4
0.6200187614372185,280102,72,1998,478848,0.36906515580736543,0.034782608695652174,0.6309348441926346,0.9652173913043478,0.9997430168395355,0.36906515580736543,0.539111790315689,4
0.6217221096829252,282418,72,1998,476532,0.37211674023321695,0.034782608695652174,0.627883259766783,0.9652173913043478,0.9997451237211936,0.37211674023321695,0.5423605776616991,4
0.6234254579286318,284729,74,1996,474221,0.37516173660978985,0.035748792270531404,0.6248382633902102,0.9642512077294686,0.9997401712762857,0.37516173660978985,0.5455869348399477,4
0.6251288061743384,287053,74,1996,471897,0.37822386191448715,0.035748792270531404,0.6217761380855129,0.9642512077294686,0.999742274324602,0.37822386191448715,0.5488181080360242,4
0.626832154420045,289322,76,1994,469628,0.3812135186771197,0.03671497584541063,0.6187864813228803,0.9632850241545894,0.9997373858838001,0.3812135186771197,0.5519579376313972,4
0.6285355026657518,291610,76,1994,467340,0.384228210027011,0.03671497584541063,0.615771789972989,0.9632850241545894,0.999739445842447,0.384228210027011,0.5551113801544969,4
0.6302388509114584,293879,77,1993,465071,0.3872178667896436,0.03719806763285024,0.6127821332103565,0.9628019323671497,0.9997380560355972,0.3872178667896436,0.5582245708543783,4
0.631942199157165,296184,77,1993,462766,0.39025495750708217,0.03719806763285024,0.6097450424929178,0.9628019323671497,0.9997400940387023,0.39025495750708217,0.561373981127945,4
0.6336455474028716,298544,77,1993,460406,0.3933645167665854,0.03719806763285024,0.6066354832334145,0.9628019323671497,0.9997421480739801,0.3933645167665854,0.5645843163248614,4
0.6353488956485783,300888,79,1991,458062,0.39645299426839714,0.03816425120772947,0.6035470057316029,0.9618357487922705,0.9997375127505673,0.39645299426839714,0.5677576640435054,4
0.6370522438942849,303117,80,1990,455833,0.39938994663680083,0.03864734299516908,0.6006100533631992,0.961352657004831,0.9997361451465548,0.39938994663680083,0.5707628040186528,4
0.6387555921399916,305486,81,1989,453464,0.4025113643850056,0.0391304347826087,0.5974886356149944,0.9608695652173913,0.9997349190193967,0.4025113643850056,0.5739429243497286,4
0.6404589403856982,307783,81,1989,451167,0.4055379142235984,0.0391304347826087,0.5944620857764016,0.9608695652173913,0.9997368968115792,0.4055379142235984,0.577013425020669,4
0.6421622886314049,310117,81,1989,448833,0.4086132156268529,0.0391304347826087,0.5913867843731471,0.9608695652173913,0.9997388764595516,0.4086132156268529,0.5801198711497378,4
0.6438656368771115,312466,82,1988,446484,0.4117082811779432,0.03961352657004831,0.5882917188220568,0.9603864734299516,0.9997376402984501,0.4117082811779432,0.5832320732283215,4
0.6455689851228181,314792,82,1988,444158,0.4147730417023519,0.03961352657004831,0.585226958297648,0.9603864734299516,0.999739578371031,0.4147730417023519,0.5863009208212892,4
0.6472723333685247,317137,82,1988,441813,0.41786283681401937,0.03961352657004831,0.5821371631859806,0.9603864734299516,0.9997415035038885,0.41786283681401937,0.5893814075670271,4
0.6489756816142315,319533,82,1988,439417,0.4210198300283286,0.03961352657004831,0.5789801699716713,0.9603864734299516,0.9997434413278475,0.4210198300283286,0.5925150547254917,4
0.6506790298599381,321784,82,1988,437166,0.42398576981355823,0.03961352657004831,0.5760142301864418,0.9603864734299516,0.999745235594937,0.42398576981355823,0.5954464034581279,4
0.6523823781056447,324145,82,1988,434805,0.4270966466829172,0.03961352657004831,0.5729033533170829,0.9603864734299516,0.9997470907728228,0.4270966466829172,0.5985079077565347,4
0.6540857263513513,326471,83,1987,432479,0.43016140720732593,0.04009661835748792,0.5698385927926741,0.9599033816425121,0.9997458307048758,0.43016140720732593,0.6015104504451388,4
0.655789074597058,328798,84,1986,430152,0.43322748534159033,0.04057971014492753,0.5667725146584096,0.9594202898550724,0.9997445892447747,0.43322748534159033,0.6045014303679245,4
0.6574924228427647,331121,85,1985,427829,0.4362882930364319,0.04106280193236715,0.5637117069635681,0.9589371980676329,0.9997433621371593,0.4362882930364319,0.6074745265815168,4
0.6591957710884713,333441,88,1982,425509,0.4393451479017063,0.04251207729468599,0.5606548520982937,0.957487922705314,0.9997361548770871,0.4393451479017063,0.6104300403028342,4
0.660899119334178,335771,88,1982,423179,0.44241517886553794,0.04251207729468599,0.5575848211344621,0.957487922705314,0.9997379852854918,0.44241517886553794,0.6133873579775102,4
0.6626024675798846,338071,88,1982,420879,0.44544568153369785,0.04251207729468599,0.5545543184663021,0.957487922705314,0.9997397673875307,0.44544568153369785,0.6162942788729286,4
0.6643058158255912,340455,88,1982,418495,0.44858686342973847,0.04251207729468599,0.5514131365702616,0.957487922705314,0.9997415891678878,0.44858686342973847,0.619294529387636,4
0.6660091640712978,342814,89,1981,416136,0.451695105079386,0.042995169082125605,0.548304894920614,0.9570048309178744,0.9997404513812944,0.451695105079386,0.6222499734538092,4
0.6677125123170046,345215,89,1981,413735,0.45485868634297383,0.042995169082125605,0.5451413136570261,0.9570048309178744,0.9997422560989736,0.45485868634297383,0.6252456409485498,4
0.6694158605627112,347577,90,1980,411373,0.45797088082218856,0.043478260869565216,0.5420291191778115,0.9565217391304348,0.9997411316000656,0.45797088082218856,0.6281793972078867,4
0.6711192088084178,349883,90,1980,409067,0.46100928914948286,0.043478260869565216,0.5389907108505172,0.9565217391304348,0.999742837304592,0.46100928914948286,0.6310320914977866,4
0.6728225570541244,352341,91,1979,406609,0.4642479741748468,0.04396135265700483,0.5357520258251531,0.9560386473429952,0.9997417941617106,0.4642479741748468,0.6340592163630506,4
0.6745259052998311,354809,91,1979,404141,0.46749983529876804,0.04396135265700483,0.532500164701232,0.9560386473429952,0.9997435897435898,0.46749983529876804,0.6370857835435652,4
0.6762292535455378,357081,92,1978,401869,0.4704934448909678,0.044444444444444446,0.5295065551090322,0.9555555555555556,0.9997424217396051,0.4704934448909678,0.6398595853682794,4
0.6779326017912444,359526,93,1977,399424,0.4737150009882074,0.04492753623188406,0.5262849990117926,0.9550724637681159,0.999741392974231,0.4737150009882074,0.6428320470172157,4
0.679635950036951,361922,93,1977,397028,0.47687199420251664,0.04492753623188406,0.5231280057974834,0.9550724637681159,0.9997431045674903,0.47687199420251664,0.6457329176200862,4
0.6813392982826577,364316,93,1977,394634,0.4800263521971144,0.04492753623188406,0.5199736478028856,0.9550724637681159,0.9997447922526611,0.4800263521971144,0.648619007814955,4
0.6830426465283643,366664,93,1977,392286,0.48312010013834905,0.04492753623188406,0.516879899861651,0.9550724637681159,0.9997464261077498,0.48312010013834905,0.6514377186958952,4
0.6847459947740709,369013,93,1977,389937,0.48621516568943934,0.04492753623188406,0.5137848343105607,0.9550724637681159,0.9997480398584688,0.48621516568943934,0.6542458885019893,4
0.6864493430197776,371358,93,1977,387592,0.4893049608011068,0.04492753623188406,0.5106950391988933,0.9550724637681159,0.9997496305030812,0.4893049608011068,0.6570376353170246,4
0.6881526912654843,373678,93,1977,385272,0.4923618156663812,0.04492753623188406,0.5076381843336188,0.9550724637681159,0.999751184548828,0.4923618156663812,0.6597882444132315,4
0.6898560395111909,376023,93,1977,382927,0.4954516107780486,0.04492753623188406,0.5045483892219513,0.9550724637681159,0.9997527358580863,0.4954516107780486,0.6625570671661384,4
0.6915593877568975,378457,94,1976,380493,0.4986586731668753,0.04541062801932367,0.5013413268331247,0.9545893719806763,0.9997516847135525,0.4986586731668753,0.6654183161157661,4
0.6932627360026042,380774,94,1976,378176,0.5017115752025825,0.04541062801932367,0.4982884247974175,0.9545893719806763,0.9997531953327662,0.5017115752025825,0.6681312279679738,4
0.6949660842483109,383175,95,1975,375775,0.5048751564661703,0.04589371980676329,0.49512484353382963,0.9541062801932367,0.9997521329610979,0.5048751564661703,0.6709302936387036,4
0.6966694324940175,385583,95,1975,373367,0.5080479609987483,0.04589371980676329,0.49195203900125173,0.9541062801932367,0.9997536805314278,0.5080479609987483,0.6737263110809799,4
0.6983727807397241,387875,95,1975,371075,0.5110679227880625,0.04589371980676329,0.48893207721193754,0.9541062801932367,0.9997551357063691,0.5110679227880625,0.6763767307222823,4
0.7000761289854308,390297,96,1974,368653,0.5142591738586204,0.0463768115942029,0.48574082614137953,0.9536231884057971,0.9997540939514796,0.5142591738586204,0.6791654014510898,4
0.7017794772311374,392534,96,1974,366416,0.5172066671058699,0.0463768115942029,0.48279333289413007,0.9536231884057971,0.9997554949952882,0.5172066671058699,0.6817311867173795,4
0.703482825476844,394907,96,1974,364043,0.5203333552934976,0.0463768115942029,0.4796666447065024,0.9536231884057971,0.9997569638711604,0.5203333552934976,0.68444208732938,4
0.7051861737225507,397280,96,1974,361670,0.5234600434811253,0.0463768115942029,0.47653995651887476,0.9536231884057971,0.9997584152037365,0.5234600434811253,0.6871418613781927,4
0.7068895219682574,399624,96,1974,359326,0.5265485209829369,0.0463768115942029,0.473451479017063,0.9536231884057971,0.9997598318823177,0.5265485209829369,0.6897977853918716,4
0.708592870213964,401956,98,1972,356994,0.52962118716648,0.04734299516908213,0.47037881283352,0.9526570048309179,0.9997562516477886,0.52962118716648,0.6924282775942201,4
0.7102962184596706,404291,98,1972,354659,0.5326978061795902,0.04734299516908213,0.4673021938204098,0.9526570048309179,0.9997576590856824,0.5326978061795902,0.6950527748145638,4
0.7119995667053772,406643,98,1972,352307,0.5357968245602477,0.04734299516908213,0.4642031754397523,0.9526570048309179,0.9997590604340354,0.5357968245602477,0.6976857503403561,4
0.713702914951084,409046,98,1972,349904,0.538963041043547,0.04734299516908213,0.46103695895645297,0.9526570048309179,0.999760475529398,0.538963041043547,0.7003648678959056,4
0.7154062631967906,411396,98,1972,347554,0.542059424204493,0.04734299516908213,0.45794057579550695,0.9526570048309179,0.9997618434290658,0.542059424204493,0.7029742559233931,4
0.7171096114424972,413753,99,1971,345197,0.5451650306344291,0.04782608695652174,0.45483496936557083,0.9521739130434783,0.9997607840484037,0.5451650306344291,0.7055803110840533,4
0.7188129596882038,416166,100,1970,342784,0.5483444232162856,0.04830917874396135,0.4516555767837143,0.9516908212560387,0.9997597689938645,0.5483444232162856,0.7082374644320703,4
0.7205163079339105,418469,100,1970,340481,0.5513788787140128,0.04830917874396135,0.44862112128598725,0.9516908212560387,0.9997610907640079,0.5513788787140128,0.7107639027480661,4
0.7222196561796171,420715,100,1970,338235,0.5543382304499638,0.04830917874396135,0.4456617695500362,0.9516908212560387,0.9997623658852465,0.5543382304499638,0.713218310426229,4
0.7239230044253238,423104,100,1970,335846,0.557486000395283,0.04830917874396135,0.44251399960471705,0.9516908212560387,0.9997637073373598,0.557486000395283,0.7158187511948527,4
0.7256263526710304,425420,100,1970,333530,0.5605375848211345,0.04830917874396135,0.43946241517886553,0.9516908212560387,0.9997649934198157,0.5605375848211345,0.7183297170886557,4
0.7273297009167371,427725,100,1970,331225,0.563574675538573,0.04830917874396135,0.43642532446142696,0.9516908212560387,0.9997662595687489,0.563574675538573,0.7208190263529312,4
0.7290330491624437,430015,101,1969,328935,0.5665920021081757,0.048792270531400964,0.4334079978918242,0.951207729468599,0.9997651796259613,0.5665920021081757,0.7232819708914391,4
0.7307363974081503,432281,101,1969,326669,0.5695777060412411,0.048792270531400964,0.4304222939587588,0.951207729468599,0.9997664102575963,0.5695777060412411,0.7257103813210759,4
0.732439745653857,434673,102,1968,324277,0.5727294288161275,0.04927536231884058,0.42727057118387246,0.9507246376811594,0.9997653958944281,0.5727294288161275,0.7282632097007267,4
0.7341430938995637,436960,102,1968,321990,0.5757428025561632,0.04927536231884058,0.4242571974438369,0.9507246376811594,0.9997666234996407,0.5757428025561632,0.7306950097490662,4
0.7358464421452703,439300,102,1968,319650,0.5788260096185519,0.04927536231884058,0.42117399038144804,0.9507246376811594,0.9997678663274178,0.5788260096185519,0.7331735583534721,4
0.7375497903909769,441545,102,1968,317405,0.5817840437446472,0.04927536231884058,0.4182159562553528,0.9507246376811594,0.9997690463197983,0.5817840437446472,0.7355424009888414,4
0.7392531386366836,443876,102,1968,315074,0.5848553923183345,0.04927536231884058,0.41514460768166545,0.9507246376811594,0.9997702588867016,0.5848553923183345,0.7379926313129297,4
0.7409564868823902,446129,102,1968,312821,0.5878239673232756,0.04927536231884058,0.4121760326767244,0.9507246376811594,0.9997714188391215,0.5878239673232756,0.7403518641598232,4
0.7426598351280969,448439,102,1968,310511,0.5908676460899928,0.04927536231884058,0.40913235391000724,0.9507246376811594,0.999772596039158,0.5908676460899928,0.7427616437720861,4
0.7443631833738035,450679,102,1968,308271,0.5938190921668094,0.04927536231884058,0.4061809078331906,0.9507246376811594,0.9997737260443541,0.5938190921668094,0.7450896108308376,4
0.7460665316195102,452919,102,1968,306031,0.596770538243626,0.04927536231884058,0.4032294617563739,0.9507246376811594,0.9997748448747409,0.596770538243626,0.7474089726569365,4
0.7477698798652168,455223,102,1968,303727,0.5998063113512089,0.04927536231884058,0.40019368864879107,0.9507246376811594,0.9997759841871191,0.5998063113512089,0.7497856745794816,4
0.7494732281109234,457530,103,1967,301420,0.602846037288359,0.049758454106280194,0.3971539627116411,0.9502415458937198,0.9997749288185074,0.602846037288359,0.752155833181953,4
0.75117657635663,459797,103,1967,299153,0.60583305883128,0.049758454106280194,0.3941669411687199,0.9502415458937198,0.9997760382691889,0.60583305883128,0.7544767608811584,4
0.7528799246023368,462030,103,1967,296920,0.6087752816391067,0.049758454106280194,0.39122471836089334,0.9502415458937198,0.9997771204393541,0.6087752816391067,0.756754454856877,4
0.7545832728480434,464292,103,1967,294658,0.6117557151327492,0.049758454106280194,0.3882442848672508,0.9502415458937198,0.9997782060530368,0.6117557151327492,0.7590532515357483,4
0.75628662109375,466555,103,1967,292395,0.6147374662362475,0.049758454106280194,0.3852625337637526,0.9502415458937198,0.99977928161523,0.6147374662362475,0.7613445734688417,4
0.7579899693394566,468832,105,1965,290118,0.6177376638777258,0.050724637681159424,0.38226233612227417,0.9492753623188406,0.9997760893254318,0.6177376638777258,0.7636403024056774,4
0.7596933175851633,471098,105,1965,287852,0.6207233678107912,0.050724637681159424,0.37927663218920876,0.9492753623188406,0.9997771661046301,0.6207233678107912,0.7659177354361612,4
0.76139666583087,473360,105,1965,285590,0.6237038013044337,0.050724637681159424,0.37629619869556624,0.9492753623188406,0.9997782307034311,0.6237038013044337,0.7681827955680514,4
0.7631000140765766,475558,105,1965,283392,0.6265999077673101,0.050724637681159424,0.3734000922326899,0.9492753623188406,0.9997792554812966,0.6265999077673101,0.7703758181713624,4
0.7648033623222833,477793,106,1964,281157,0.6295447657948482,0.051207729468599035,0.37045523420515186,0.9487922705314009,0.9997781958112488,0.6295447657948482,0.7725971399904111,4
0.7665067105679899,479978,106,1964,278972,0.6324237433296,0.051207729468599035,0.3675762566703999,0.9487922705314009,0.9997792053057382,0.6324237433296,0.7747616288172883,4
0.7682100588136965,482237,106,1964,276713,0.6354002239936755,0.051207729468599035,0.36459977600632454,0.9487922705314009,0.9997802393732261,0.6354002239936755,0.7769914113750742,4
0.7699134070594031,484380,106,1964,274570,0.6382238619144871,0.051207729468599035,0.3617761380855129,0.9487922705314009,0.999781211428194,0.6382238619144871,0.7790992057492304,4
0.7716167553051099,486612,106,1964,272338,0.641164767112458,0.051207729468599035,0.358835232887542,0.9487922705314009,0.9997822147526905,0.641164767112458,0.7812868276298339,4
0.7733201035508165,488751,108,1962,270199,0.6439831345938467,0.05217391304347826,0.35601686540615324,0.9478260869565217,0.9997790774026867,0.6439831345938467,0.7833746991727099,4
0.7750234517965231,490966,110,1960,267984,0.6469016404242703,0.05314009661835749,0.3530983595757296,0.9468599033816425,0.999776002085217,0.6469016404242703,0.7855292609913713,4
0.7767268000422297,493156,110,1960,265794,0.649787206008301,0.05314009661835749,0.3502127939916991,0.9468599033816425,0.9997769965900751,0.649787206008301,0.787653248321376,4
0.7784301482879364,495316,111,1959,263634,0.6526332432966598,0.0536231884057971,0.34736675670334016,0.946376811594203,0.9997759508464416,0.6526332432966598,0.7897402455561605,4
0.7801334965336431,497419,111,1959,261531,0.6554041768232426,0.0536231884057971,0.34459582317675735,0.946376811594203,0.9997768978755049,0.6554041768232426,0.7917658856487967,4
0.7818368447793497,499522,112,1958,259428,0.6581751103498255,0.05410628019323672,0.3418248896501746,0.9458937198067633,0.9997758359118875,0.6581751103498255,0.7937841256523204,4
0.7835401930250563,501641,113,1957,257309,0.6609671256340998,0.05458937198067633,0.33903287436590024,0.9454106280193236,0.9997747900365518,0.6609671256340998,0.7958109119983755,4
0.785243541270763,503766,114,1956,255184,0.6637670465775084,0.05507246376811594,0.3362329534224916,0.9449275362318841,0.9997737556561086,0.6637670465775084,0.7978366050854034,4
0.7869468895164696,505906,115,1955,253044,0.6665867316687529,0.05555555555555555,0.3334132683312471,0.9444444444444444,0.9997727367046032,0.6665867316687529,0.7998697203335098,4
0.7886502377621762,508024,116,1954,250926,0.6693774293431715,0.05603864734299517,0.33062257065682854,0.9439613526570049,0.9997717164560948,0.6693774293431715,0.8018751627745464,4
0.7903535860078829,510183,117,1953,248767,0.6722221490216747,0.05652173913043478,0.3277778509783253,0.9434782608695652,0.9997707231040565,0.6722221490216747,0.8039125467795942,4
0.7920569342535896,512294,118,1952,246656,0.6750036234271032,0.057004830917874394,0.32499637657289676,0.9429951690821256,0.9997697165562087,0.6750036234271032,0.8058979267903241,4
0.7937602824992962,514403,119,1951,244547,0.6777824626128204,0.05748792270531401,0.3222175373871797,0.942512077294686,0.9997687173726294,0.6777824626128204,0.8078748492310784,4
0.7954636307450028,516470,121,1949,242480,0.6805059621845971,0.058454106280193235,0.31949403781540286,0.9415458937198068,0.9997657721485663,0.6805059621845971,0.8098054080582279,4
0.7971669789907094,518651,122,1948,240299,0.6833796692799262,0.05893719806763285,0.3166203307200738,0.9410628019323671,0.999764829703936,0.6833796692799262,0.8118363682895275,4
0.7988703272364162,520745,125,1945,238205,0.6861387443178075,0.06038647342995169,0.31386125568219253,0.9396135265700483,0.9997600168948106,0.6861387443178075,0.8137785001015768,4
0.8005736754821228,522872,125,1945,236078,0.6889413004809276,0.06038647342995169,0.3110586995190724,0.9396135265700483,0.9997609928928847,0.6889413004809276,0.8157466728343684,4
0.8022770237278294,524958,127,1943,233992,0.6916898346399631,0.06135265700483092,0.3083101653600369,0.938647342995169,0.9997581343972881,0.6916898346399631,0.8176693002916587,4
0.8039803719735361,526990,127,1943,231960,0.6943672178667897,0.06135265700483092,0.3056327821332104,0.938647342995169,0.999759066772652,0.6943672178667897,0.8195373957966421,4
0.8056837202192427,529115,128,1942,229835,0.6971671388101983,0.06183574879227053,0.3028328611898017,0.9381642512077295,0.9997581451242624,0.6971671388101983,0.8214840478096063,4
0.8073870684649493,531118,128,1942,227832,0.6998063113512089,0.06183574879227053,0.3001936886487911,0.9381642512077295,0.9997590570093704,0.6998063113512089,0.8233136670707396,4
0.809090416710656,533137,128,1942,225813,0.7024665656499111,0.06183574879227053,0.29753343435008894,0.9381642512077295,0.9997599692460597,0.7024665656499111,0.8251521612115631,4
0.8107937649563627,535174,130,1940,223776,0.7051505369260163,0.06280193236714976,0.2948494630739838,0.9371980676328503,0.9997571473405765,0.7051505369260163,0.82699995518654,4
0.8124971132020693,537207,130,1940,221743,0.7078292377626985,0.06280193236714976,0.29217076223730154,0.9371980676328503,0.9997580661670423,0.7078292377626985,0.8288396011068537,4
0.8142004614477759,539204,133,1937,219746,0.7104605046445748,0.0642512077294686,0.2895394953554253,0.9357487922705314,0.9997534009348515,0.7104605046445748,0.8306391421927509,4
0.8159038096934825,541156,133,1937,217794,0.7130324790829435,0.0642512077294686,0.28696752091705646,0.9357487922705314,0.9997542902220441,0.7130324790829435,0.832394659751015,4
0.8176071579391893,543166,133,1937,215784,0.7156808748929442,0.0642512077294686,0.2843191251070558,0.9357487922705314,0.9997551992549223,0.7156808748929442,0.8341968394677209,4
0.8193105061848959,545143,133,1937,213807,0.7182857895777061,0.0642512077294686,0.28171421042229394,0.9357487922705314,0.9997560868257543,0.7182857895777061,0.835964012372089,4
0.8210138544306025,547061,134,1936,211889,0.7208129652809803,0.0647342995169082,0.2791870347190197,0.9352657004830918,0.999755114721443,0.7208129652809803,0.8376726933074046,4
0.8227172026763091,548987,134,1936,209963,0.7233506818631004,0.0647342995169082,0.2766493181368997,0.9352657004830918,0.9997559736378685,0.7233506818631004,0.8393841007101297,4
0.8244205509220158,551012,135,1935,207938,0.7260188418209368,0.06521739130434782,0.27398115817906316,0.9347826086956522,0.9997550562735531,0.7260188418209368,0.8411774090010128,4
0.8261238991677224,552901,136,1934,206049,0.7285078068383951,0.06570048309178744,0.27149219316160483,0.9342995169082126,0.9997540851697083,0.7285078068383951,0.8428452416068147,4
0.8278272474134291,554788,138,1932,204162,0.730994136636142,0.06666666666666667,0.26900586336385796,0.9333333333333333,0.9997513181937772,0.730994136636142,0.8445058742225293,4
0.8295305956591357,556729,139,1931,202221,0.7335516173660979,0.06714975845410628,0.2664483826339021,0.9328502415458937,0.9997503896794213,0.7335516173660979,0.8462097341729631,4
0.8312339439048424,558620,139,1931,200330,0.7360432176032676,0.06714975845410628,0.2639567823967323,0.9328502415458937,0.9997512344320181,0.7360432176032676,0.8478654998941344,4
0.832937292150549,560525,139,1931,198425,0.7385532643784175,0.06714975845410628,0.26144673562158244,0.9328502415458937,0.9997520796769545,0.7385532643784175,0.8495287258243698,4
0.8346406403962556,562420,139,1931,196530,0.7410501350550102,0.06714975845410628,0.2589498649449898,0.9328502415458937,0.9997529148053804,0.7410501350550102,0.851178463408119,4
0.8363439886419624,564377,139,1931,194573,0.7436286975426576,0.06714975845410628,0.25637130245734235,0.9328502415458937,0.9997537713722906,0.7436286975426576,0.8528772178507041,4
0.838047336887669,566268,140,1930,192682,0.7461202977798274,0.06763285024154589,0.2538797022201726,0.9323671497584541,0.9997528283498821,0.7461202977798274,0.8545132711312717,4
0.8397506851333756,568128,140,1930,190822,0.7485710521114698,0.06763285024154589,0.2514289478885302,0.9323671497584541,0.9997536373682839,0.7485710521114698,0.856118587903419,4
0.8414540333790822,569995,141,1929,188955,0.7510310297121022,0.06811594202898551,0.24896897028789775,0.9318840579710145,0.9997526905861057,0.7510310297121022,0.8577247822939974,4
0.8431573816247889,571879,141,1929,187071,0.753513406680282,0.06811594202898551,0.24648659331971803,0.9318840579710145,0.9997535051221985,0.753513406680282,0.8593416831333539,4
0.8448607298704955,573741,141,1929,185209,0.7559667962316358,0.06811594202898551,0.24403320376836418,0.9318840579710145,0.9997543048919464,0.7559667962316358,0.8609352116395763,4
0.8465640781162022,575642,141,1929,183308,0.7584715725673628,0.06811594202898551,0.2415284274326372,0.9318840579710145,0.9997551160767164,0.7584715725673628,0.8625575302326383,4
0.8482674263619088,577470,141,1929,181480,0.7608801633836221,0.06811594202898551,0.2391198366163779,0.9318840579710145,0.9997558910754816,0.7608801633836221,0.8641131979759996,4
0.8499707746076155,579310,141,1929,179640,0.7633045655181501,0.06811594202898551,0.23669543448184993,0.9318840579710145,0.9997566662237186,0.7633045655181501,0.865674786555001,4
0.8516741228533221,581114,142,1928,177836,0.7656815336978721,0.06859903381642513,0.23431846630212794,0.9314009661835749,0.9997557014465227,0.7656815336978721,0.8672010123816786,4
0.8533774710990287,582876,143,1927,176074,0.7680031622636537,0.06908212560386473,0.23199683773634627,0.9309178743961353,0.9997547249746578,0.7680031622636537,0.8686877267656704,4
0.8550808193447353,584679,144,1926,174271,0.7703788128335199,0.06956521739130435,0.22962118716648,0.9304347826086956,0.9997537716539876,0.7703788128335199,0.8702050123049057,4
0.8567841675904421,586496,144,1926,172454,0.7727729099413664,0.06956521739130435,0.22722709005863365,0.9304347826086956,0.9997545342970136,0.7727729099413664,0.8717306163095743,4
0.8584875158361487,588311,144,1926,170639,0.7751643718295013,0.06956521739130435,0.2248356281704987,0.9304347826086956,0.9997552913986626,0.7751643718295013,0.8732504332401912,4
0.8601908640818553,590092,145,1925,168858,0.7775110349825417,0.07004830917874397,0.22248896501745832,0.9299516908212561,0.9997543359701273,0.7775110349825417,0.8747371565246331,4
0.8618942123275619,591841,145,1925,167109,0.7798155346201989,0.07004830917874397,0.22018446537980105,0.9299516908212561,0.9997550617751095,0.7798155346201989,0.8761939869838393,4
0.8635975605732686,593644,145,1925,165306,0.7821911851900653,0.07004830917874397,0.21780881480993478,0.9299516908212561,0.9997558055134063,0.7821911851900653,0.8776918533434758,4
0.8653009088189753,595418,145,1925,163532,0.7845286250741156,0.07004830917874397,0.21547137492588445,0.9299516908212561,0.9997565328940851,0.7845286250741156,0.8791617356201085,4
0.8670042570646819,597145,145,1925,161805,0.7868041372949469,0.07004830917874397,0.21319586270505303,0.9299516908212561,0.9997572368531199,0.7868041372949469,0.8805889813012446,4
0.8687076053103885,598847,146,1924,160103,0.7890467092693854,0.07053140096618357,0.21095329073061467,0.9294685990338164,0.9997562575856479,0.7890467092693854,0.8819913648805583,4
0.8704109535560952,600546,146,1924,158404,0.7912853284142566,0.07053140096618357,0.20871467158574347,0.9294685990338164,0.9997569469878074,0.7912853284142566,0.8833884213638591,4
0.8721143018018018,602239,146,1924,156711,0.7935160418999934,0.07053140096618357,0.20648395810000658,0.9294685990338164,0.9997576300870705,0.7935160418999934,0.8847770754443248,4
0.8738176500475084,603884,148,1922,155066,0.7956835101126556,0.07149758454106281,0.20431648988734435,0.9285024154589372,0.9997549798686163,0.7956835101126556,0.8861217536255065,4
0.8755209982932152,605552,149,1921,153398,0.7978812833519995,0.07198067632850241,0.20211871664800052,0.9280193236714975,0.9997540040382962,0.7978812833519995,0.887482587123008,4
0.8772243465389218,607214,149,1921,151736,0.8000711509322089,0.07198067632850241,0.19992884906779101,0.9280193236714975,0.9997546771864602,0.8000711509322089,0.8888358670377872,4
0.8789276947846284,608904,150,1920,150046,0.8022979115883787,0.07246376811594203,0.19770208841162132,0.927536231884058,0.9997537164192337,0.8022979115883787,0.8902079233686451,4
0.880631043030335,610527,151,1919,148423,0.804436392384215,0.07294685990338164,0.19556360761578498,0.9270531400966183,0.9997527338466425,0.804436392384215,0.8915223695777248,4
0.8823343912760417,612171,151,1919,146779,0.8066025429870215,0.07294685990338164,0.19339745701297845,0.9270531400966183,0.9997533977221136,0.8066025429870215,0.8928513088577613,4
0.8840377395217484,613762,151,1919,145188,0.8086988602674748,0.07294685990338164,0.1913011397325252,0.9270531400966183,0.9997540368097759,0.8086988602674748,0.8941343746608366,4
0.885741087767455,615395,151,1919,143555,0.8108505171618684,0.07294685990338164,0.18914948283813163,0.9270531400966183,0.9997546893327225,0.8108505171618684,0.8954482224757293,4
0.8874444360131616,617073,151,1919,141877,0.8130614664997694,0.07294685990338164,0.18693853350023057,0.9270531400966183,0.9997553562401981,0.8130614664997694,0.8967950273729921,4
0.8891477842588683,618637,151,1919,140313,0.8151222083141182,0.07294685990338164,0.1848777916858818,0.9270531400966183,0.999755974582571,0.8151222083141182,0.8980473791098162,4
0.8908511325045749,620160,151,1919,138790,0.8171289281243824,0.07294685990338164,0.18287107187561763,0.9270531400966183,0.9997565737186669,0.8171289281243824,0.8992641711757238,4
0.8925544807502815,621691,151,1919,137259,0.8191461888134923,0.07294685990338164,0.18085381118650767,0.9270531400966183,0.9997571730439565,0.8191461888134923,0.9004846493896257,4
0.8942578289959882,623120,151,1919,135830,0.8210290532973187,0.07294685990338164,0.17897094670268135,0.9270531400966183,0.9997577297836736,0.8210290532973187,0.9016213760317634,4
0.8959611772416949,624666,151,1919,134284,0.8230660781342645,0.07294685990338164,0.17693392186573556,0.9270531400966183,0.9997583292388011,0.8230660781342645,0.9028485286901624,4
0.8976645254874015,626149,151,1919,132801,0.8250200935502997,0.07294685990338164,0.17497990644970024,0.9270531400966183,0.9997589014849114,0.8250200935502997,0.9040231005233712,4
0.8993678737331081,627704,151,1919,131246,0.827068976875947,0.07294685990338164,0.17293102312405298,0.9270531400966183,0.999759498610348,0.827068976875947,0.9052520001009514,4
0.9010712219788147,629196,152,1918,129754,0.8290348507806838,0.07342995169082125,0.17096514921931616,0.9265700483091788,0.9997584802049104,0.8290348507806838,0.9064278706732993,4
0.9027745702245215,630595,152,1918,128355,0.8308781869688385,0.07342995169082125,0.16912181303116147,0.9265700483091788,0.9997590158970237,0.8308781869688385,0.9075287634642659,4
0.9044779184702281,632111,152,1918,126839,0.8328756835101127,0.07342995169082125,0.16712431648988735,0.9265700483091788,0.9997595937133756,0.8328756835101127,0.9087192255966555,4
0.9061812667159347,633520,152,1918,125430,0.8347321957968246,0.07342995169082125,0.16526780420317544,0.9265700483091788,0.9997601282682523,0.8347321957968246,0.9098233404326513,4
0.9078846149616413,634958,152,1918,123992,0.8366269187693524,0.07342995169082125,0.16337308123064762,0.9265700483091788,0.999760671379761,0.8366269187693524,0.9109478788574379,4
0.909587963207348,636414,152,1918,122536,0.8385453587192833,0.07342995169082125,0.1614546412807168,0.9265700483091788,0.9997612187895678,0.8385453587192833,0.9120841323209479,4
0.9112913114530546,637840,153,1917,121110,0.8404242703735424,0.07391304347826087,0.1595757296264576,0.9260869565217391,0.9997601854565803,0.8404242703735424,0.9131940243803791,4
0.9129946596987613,639212,153,1917,119738,0.8422320310955926,0.07391304347826087,0.15776796890440742,0.9260869565217391,0.9997607000696003,0.8422320310955926,0.914260377668837,4
0.914698007944468,640622,153,1917,118328,0.8440898609921602,0.07391304347826087,0.1559101390078398,0.9260869565217391,0.9997612266396161,0.8440898609921602,0.9153540874100269,4
0.9164013561901746,642005,153,1917,116945,0.8459121154226233,0.07391304347826087,0.15408788457737663,0.9260869565217391,0.9997617408799704,0.8459121154226233,0.9164247152967507,4
0.9181047044358812,643393,153,1917,115557,0.8477409579023651,0.07391304347826087,0.15225904209763488,0.9260869565217391,0.9997622547572357,0.8477409579023651,0.9174970909007941,4
0.9198080526815878,644792,154,1916,114158,0.8495842940905198,0.07439613526570048,0.1504157059094802,0.9256038647342996,0.9997612203192205,0.8495842940905198,0.9185751651119456,4
0.9215114009272946,646155,155,1915,112795,0.8513801963238685,0.0748792270531401,0.1486198036761315,0.9251207729468599,0.9997601770048429,0.8513801963238685,0.9196234148840783,4
0.9232147491730012,647495,157,1913,111455,0.8531457935305357,0.07584541062801932,0.1468542064694644,0.9241545893719807,0.9997575858640134,0.8531457935305357,0.9206513285207899,4
0.9249180974187078,648806,158,1912,110144,0.8548731800513868,0.07632850241545894,0.1451268199486132,0.923671497584541,0.999756535031219,0.8548731800513868,0.9216557261309994,4
0.9266214456644144,650125,159,1911,108825,0.8566111074510837,0.07681159420289856,0.14338889254891626,0.9231884057971015,0.999755491446814,0.8566111074510837,0.922664369437581,4
0.9283247939101211,651482,160,1910,107468,0.8583991040252981,0.07729468599033816,0.14160089597470188,0.9227053140096618,0.9997544664094702,0.8583991040252981,0.923700120233207,4
0.9300281421558277,652771,162,1908,106179,0.8600975031293234,0.0782608695652174,0.1399024968706766,0.9217391304347826,0.9997518887849136,0.8600975031293234,0.9246814360680028,4
0.9317314904015344,654083,162,1908,104867,0.8618262072600303,0.0782608695652174,0.1381737927399697,0.9217391304347826,0.9997523863384512,0.8618262072600303,0.9256797540325291,4
0.933434838647241,655353,164,1906,103597,0.8634995717767969,0.07922705314009662,0.1365004282232031,0.9207729468599034,0.9997498157942509,0.8634995717767969,0.9266430393922234,4
0.9351381868929477,656626,165,1905,102324,0.8651768891231306,0.07971014492753623,0.13482311087686935,0.9202898550724637,0.9997487785307655,0.8651768891231306,0.9276075214322393,4
0.9368415351386543,657895,165,1905,101055,0.8668489360300415,0.07971014492753623,0.1331510639699585,0.9202898550724637,0.9997492629851381,0.8668489360300415,0.92856790001482,4
0.9385448833843609,659113,166,1904,99837,0.8684537848343106,0.08019323671497584,0.13154621516568943,0.9198067632850242,0.9997482097867519,0.8684537848343106,0.9294874100021929,4
0.9402482316300675,660383,167,1903,98567,0.8701271493510772,0.08067632850241546,0.12987285064892284,0.9193236714975845,0.9997471803799863,0.8701271493510772,0.9304445227192673,4
0.9419515798757743,661643,169,1901,97307,0.8717873377692865,0.08164251207729468,0.12821266223071348,0.9183574879227053,0.9997446404719165,0.8717873377692865,0.9313917461193361,4
0.9436549281214809,662866,169,1901,96084,0.8733987746228342,0.08164251207729468,0.1266012253771658,0.9183574879227053,0.9997451114948683,0.8733987746228342,0.9323108190311431,4
0.9453582763671875,664062,169,1901,94888,0.8749746360102774,0.08164251207729468,0.12502536398972264,0.9183574879227053,0.9997455704416084,0.8749746360102774,0.9332080740257213,4
0.9470616246128942,665261,169,1901,93689,0.8765544502272877,0.08164251207729468,0.1234455497727123,0.9183574879227053,0.999746028883579,0.8765544502272877,0.9341060672011683,4
0.9487649728586008,666497,170,1900,92453,0.8781830160089598,0.0821256038647343,0.12181698399104025,0.9178743961352657,0.9997450001274999,0.8781830160089598,0.9350295345804659,4
0.9504683211043075,667677,170,1900,91273,0.8797377956387114,0.0821256038647343,0.12026220436128862,0.9178743961352657,0.9997454506795718,0.8797377956387114,0.9359102941763965,4
0.9521716693500141,668836,171,1899,90114,0.8812649054614928,0.08260869565217391,0.11873509453850715,0.9173913043478261,0.9997443972933019,0.8812649054614928,0.9367733061989961,4
0.9538750175957208,670023,171,1899,88927,0.8828289083602345,0.08260869565217391,0.11717109163976547,0.9173913043478261,0.9997448499986571,0.8828289083602345,0.9376563873199623,4
0.9555783658414274,671214,172,1898,87736,0.8843981816983991,0.08309178743961353,0.11560181830160089,0.9169082125603865,0.9997438135439226,0.8843981816983991,0.9385403150029085,4
0.957281714087134,672462,174,1896,86488,0.8860425587983398,0.08405797101449275,0.1139574412016602,0.9159420289855073,0.9997413162542593,0.8860425587983398,0.9394643423447839,4
0.9589850623328406,673573,176,1894,85377,0.8875064233480466,0.08502415458937199,0.11249357665195335,0.914975845410628,0.9997387751224862,0.8875064233480466,0.9402854332975732,4
0.9606884105785474,674734,179,1891,84216,0.8890361683905396,0.08647342995169083,0.11096383160946044,0.9135265700483092,0.999734780630985,0.8890361683905396,0.9411415177042716,4
0.962391758824254,675772,180,1890,83178,0.8904038474207787,0.08695652173913043,0.1095961525792213,0.9130434782608695,0.9997337089024073,0.8904038474207787,0.9419068340555663,4
0.9640951070699606,676888,181,1889,82062,0.8918743000197642,0.08743961352657005,0.10812569998023586,0.91256038647343,0.9997326712639332,0.8918743000197642,0.9427284736483291,4
0.9657984553156672,677984,183,1887,80966,0.8933184004216351,0.08840579710144927,0.10668159957836484,0.9115942028985508,0.9997301549618309,0.8933184004216351,0.9435334770933751,4
0.9675018035613739,679107,184,1886,79843,0.8947980762896106,0.08888888888888889,0.10520192371038935,0.9111111111111111,0.9997291293422113,0.8947980762896106,0.9443577258609648,4
0.9692051518070806,680218,187,1883,78732,0.8962619408393174,0.09033816425120773,0.10373805916068252,0.9096618357487922,0.9997251636892733,0.8962619408393174,0.9451705798777924,4
0.9709085000527872,681255,188,1882,77695,0.8976283022597009,0.09082125603864734,0.1023716977402991,0.9091787439613527,0.9997241148562682,0.8976283022597009,0.945929340117593,4
0.9726118482984938,682250,188,1882,76700,0.898939324066144,0.09082125603864734,0.10106067593385598,0.9091787439613527,0.9997245170989892,0.898939324066144,0.9466569723072483,4
0.9743151965442005,683288,188,1882,75662,0.9003070030963831,0.09082125603864734,0.09969299690361684,0.9091787439613527,0.9997249354768858,0.9003070030963831,0.9474149800405705,4
0.9760185447899071,684294,188,1882,74656,0.9016325186112392,0.09082125603864734,0.0983674813887608,0.9091787439613527,0.9997253397459684,0.9016325186112392,0.9481485792195268,4
0.9777218930356137,685354,189,1881,73596,0.9030291850583042,0.09130434782608696,0.09697081494169577,0.908695652173913,0.9997243061339697,0.9030291850583042,0.9489197940038476,4
0.9794252412813204,686388,189,1881,72562,0.9043915936491205,0.09130434782608696,0.0956084063508795,0.908695652173913,0.9997247213349705,0.9043915936491205,0.9496716422453542,4
0.9811285895270271,687392,190,1880,71558,0.9057144739442651,0.09178743961352658,0.0942855260557349,0.9082125603864735,0.9997236693223499,0.9057144739442651,0.95039999115125,4
0.9828319377727337,688377,190,1880,70573,0.907012319652151,0.09178743961352658,0.092987680347849,0.9082125603864735,0.9997240646153533,0.907012319652151,0.9511142183476946,4
0.9845352860184403,689358,190,1880,69592,0.9083048949206141,0.09178743961352658,0.091695105079386,0.9082125603864735,0.9997244571806458,0.9083048949206141,0.9518245796680423,4
0.986238634264147,690426,190,1880,68524,0.9097121022465248,0.09178743961352658,0.09028789775347519,0.9082125603864735,0.9997248832925968,0.9097121022465248,0.9525968462284573,4
0.9879419825098537,691382,190,1880,67568,0.9109717372685948,0.09178743961352658,0.08902826273140522,0.9082125603864735,0.9997252636023436,0.9109717372685948,0.9532871614494645,4
0.9896453307555603,692362,192,1878,66588,0.9122629949272021,0.0927536231884058,0.08773700507279794,0.9072463768115943,0.999722765300612,0.9122629949272021,0.9539925484187437,4
0.9913486790012669,693295,192,1878,65655,0.9134923249225905,0.0927536231884058,0.08650767507740958,0.9072463768115943,0.9997231382852166,0.9134923249225905,0.9546644708169787,4
0.9930520272469736,694169,192,1878,64781,0.9146439159364912,0.0927536231884058,0.0853560840635088,0.9072463768115943,0.9997234867741708,0.9146439159364912,0.9552931203300601,4
0.9947553754926802,695088,193,1877,63862,0.9158547993938995,0.09323671497584542,0.08414520060610053,0.9067632850241546,0.9997224143907284,0.9158547993938995,0.9559526650167683,4
0.9964587237383868,695972,194,1876,62978,0.9170195665063575,0.09371980676328502,0.08298043349364254,0.9062801932367149,0.9997213308320142,0.9170195665063575,0.9565862790320497,4
0.9981620719840935,696899,194,1876,62051,0.9182409908426115,0.09371980676328502,0.0817590091573885,0.9062801932367149,0.9997217014085639,0.9182409908426115,0.9572505757041516,4
0.9998654202298002,697806,196,1874,61144,0.9194360629817511,0.09468599033816426,0.08056393701824889,0.9053140096618357,0.9997191985123252,0.9194360629817511,0.9578984070854771,4
1.0015687684755068,698696,199,1871,60254,0.9206087357533435,0.09613526570048309,0.07939126424665656,0.9038647342995169,0.99971526481088,0.9206087357533435,0.958532628640219,4
1.0032721167212135,699564,199,1871,59386,0.9217524211081098,0.09613526570048309,0.07824757889189012,0.9038647342995169,0.999715618002095,0.9217524211081098,0.9591523486799665,4
1.00497546496692,700434,199,1871,58516,0.9228987416825878,0.09613526570048309,0.07710125831741221,0.9038647342995169,0.9997159711289648,0.9228987416825878,0.9597727570134756,4
1.0066788132126268,701309,201,1869,57641,0.9240516503063443,0.09710144927536232,0.07594834969365571,0.9028985507246376,0.9997134752177446,0.9240516503063443,0.9603946701724114,4
1.0083821614583333,702197,202,1868,56753,0.9252216878582252,0.09758454106280193,0.07477831214177481,0.9024154589371981,0.9997124141691546,0.9252216878582252,0.9610257371784563,4
1.01008550970404,703073,202,1868,55877,0.9263759140918374,0.09758454106280193,0.07362408590816259,0.9024154589371981,0.9997127723863354,0.9263759140918374,0.9616481731607652,4
1.0117888579497467,703891,202,1868,55059,0.9274537189538178,0.09758454106280193,0.07254628104618223,0.9024154589371981,0.9997131060811569,0.9274537189538178,0.962228724651292,4
1.0134922061954532,704671,202,1868,54279,0.9284814546412807,0.09758454106280193,0.07151854535871928,0.9024154589371981,0.9997134235528954,0.9284814546412807,0.962781702432603,4
1.01519555444116,705490,205,1865,53460,0.9295605771131168,0.09903381642512077,0.0704394228868832,0.9009661835748792,0.9997095062314456,0.9295605771131168,0.9633597219804116,4
1.0168989026868667,706294,206,1864,52656,0.9306199354371171,0.09951690821256039,0.06938006456288293,0.9004830917874396,0.9997084217975938,0.9306199354371171,0.9639278037462895,4
1.0186022509325732,707069,207,1863,51881,0.9316410830753014,0.1,0.0683589169246986,0.9,0.9997073278324162,0.9316410830753014,0.9644747808318772,4
1.02030559917828,707874,209,1861,51076,0.9327017590091574,0.10096618357487923,0.06729824099084261,0.8990338164251208,0.9997048368623452,0.9327017590091574,0.9650416861788386,4
1.0220089474239866,708644,210,1860,50306,0.9337163185980631,0.10144927536231885,0.06628368140193688,0.8985507246376812,0.9997037471750178,0.9337163185980631,0.9655839608013059,4
1.0237122956696931,709426,210,1860,49524,0.9347466895052375,0.10144927536231885,0.0652533104947625,0.8985507246376812,0.9997040736377523,0.9347466895052375,0.966134771814521,4
1.0254156439153999,710179,211,1859,48771,0.9357388497265959,0.10193236714975845,0.06426115027340404,0.8980676328502415,0.9997029800532102,0.9357388497265959,0.9666639443559694,4
1.0271189921611064,710890,211,1859,48060,0.9366756703340141,0.10193236714975845,0.0633243296659859,0.8980676328502415,0.9997032770309703,0.9366756703340141,0.9671637242517437,4
1.028822340406813,711668,213,1857,47282,0.9377007708017656,0.10289855072463767,0.062299229198234406,0.8971014492753623,0.9997007926886656,0.9377007708017656,0.9677087306427455,4
1.0305256886525198,712378,213,1857,46572,0.938636273799328,0.10289855072463767,0.06136372620067198,0.8971014492753623,0.9997010908080511,0.938636273799328,0.9682067981795954,4
1.0322290368982263,713129,213,1857,45821,0.9396257988009751,0.10289855072463767,0.060374201199024966,0.8971014492753623,0.9997014054969425,0.9396257988009751,0.9687331045743643,4
1.033932385143933,713877,214,1856,45073,0.9406113709730549,0.10338164251207729,0.05938862902694512,0.8966183574879227,0.9997003183067704,0.9406113709730549,0.9692561171073989,4
1.0356357333896398,714693,214,1856,44257,0.9416865406153238,0.10338164251207729,0.0583134593846762,0.8966183574879227,0.999700660365614,0.9416865406153238,0.9698267878091292,4
1.0373390816353463,715406,214,1856,43544,0.9426259964424534,0.10338164251207729,0.05737400355754661,0.8966183574879227,0.9997009586093178,0.9426259964424534,0.9703249082783455,4
1.039042429881053,716128,215,1855,42822,0.9435773107582844,0.10386473429951691,0.05642268924171553,0.8961352657004831,0.9996998644504099,0.9435773107582844,0.9708281676927906,4
1.0407457781267595,716853,216,1854,42097,0.9445325779036827,0.10434782608695652,0.05546742209631728,0.8956521739130435,0.999698773758174,0.9445325779036827,0.9713330248458861,4
1.0424491263724662,717563,218,1852,41387,0.9454680809012451,0.10531400966183575,0.05453191909875486,0.8946859903381642,0.9996962861931424,0.9454680809012451,0.9718262838661882,4
1.044152474618173,718271,219,1851,40679,0.9464009486790961,0.10579710144927536,0.05359905132090388,0.8942028985507247,0.9996951940876004,0.9464009486790961,0.9723183344162877,4
1.0458558228638795,718954,220,1850,39996,0.947300876210554,0.10628019323671498,0.05269912378944595,0.893719806763285,0.9996940935017117,0.947300876210554,0.9727925397327964,4
1.0475591711095862,719602,222,1848,39348,0.9481546873970618,0.1072463768115942,0.05184531260293827,0.8927536231884058,0.9996915912778679,0.9481546873970618,0.9732413472241195,4
1.049262519355293,720282,224,1846,38668,0.9490506620989525,0.10821256038647344,0.0509493379010475,0.8917874396135266,0.9996891073773154,0.9490506620989525,0.9737119589903317,4
1.0509658676009994,720919,225,1845,38031,0.9498899795770472,0.10869565217391304,0.05011002042295276,0.8913043478260869,0.9996879957401018,0.9498899795770472,0.9741529929855807,4
1.0526692158467061,721597,225,1845,37353,0.9507833190592265,0.10869565217391304,0.04921668094077344,0.8913043478260869,0.9996882888025026,0.9507833190592265,0.9746226968095021,4
1.0543725640924129,722235,226,1844,36715,0.951623954147177,0.10917874396135266,0.04837604585282298,0.8908212560386474,0.9996871803460671,0.951623954147177,0.9750636386526089,4
1.0560759123381194,722891,227,1843,36059,0.9524883062125304,0.10966183574879228,0.04751169378746953,0.8903381642512077,0.9996860816630204,0.9524883062125304,0.9755166429610517,4
1.057779260583826,723514,228,1842,35436,0.9533091771526451,0.11014492753623188,0.0466908228473549,0.8898550724637682,0.9996849706110741,0.9533091771526451,0.9759464541523121,4
1.0594826088295326,724153,231,1839,34797,0.9541511298504513,0.11159420289855072,0.04584887014954872,0.8884057971014493,0.9996811083624155,0.9541511298504513,0.9763856285907286,4
1.0611859570752393,724772,235,1835,34178,0.954966730351143,0.11352657004830918,0.045033269648856976,0.8864734299516909,0.9996758651985429,0.954966730351143,0.9768099749521044,4
1.062889305320946,725369,239,1831,33581,0.9557533434350088,0.11545893719806763,0.044246656564991105,0.8845410628019323,0.9996706210515871,0.9557533434350088,0.9772188085612014,4
1.0645926535666526,725984,241,1829,32966,0.9565636734962778,0.11642512077294687,0.04343632650372225,0.8835748792270531,0.9996681469241626,0.9565636734962778,0.977641018735166,4
1.0662960018123593,726570,241,1829,32380,0.9573357928717307,0.11642512077294687,0.04266420712826932,0.8835748792270531,0.9996684144846459,0.9573357928717307,0.9780442480318168,4
1.067999350058066,727138,242,1828,31812,0.9580841952697806,0.11690821256038647,0.04191580473021938,0.8830917874396135,0.9996672990733867,0.9580841952697806,0.9784341297020177,4
1.0697026983037725,727698,243,1827,31252,0.9588220567889848,0.11739130434782609,0.04117794321101522,0.8826086956521739,0.9996661817372562,0.9588220567889848,0.9788182186858351,4
1.0714060465494792,728302,244,1826,30648,0.9596178931418406,0.1178743961352657,0.0403821068581593,0.8821256038647343,0.9996650863500726,0.9596178931418406,0.9792322130614132,4
1.0731093947951857,728849,248,1822,30101,0.9603386257329205,0.11980676328502415,0.03966137426707952,0.8801932367149758,0.9996598532156901,0.9603386257329205,0.979604810869549,4
1.0748127430408925,729391,251,1819,29559,0.9610527702747217,0.121256038647343,0.038947229725278344,0.878743961352657,0.9996559956800732,0.9610527702747217,0.9799743650375656,4
1.0765160912865992,729945,253,1817,29005,0.9617827261347915,0.12222222222222222,0.03821727386520851,0.8777777777777778,0.9996535186346717,0.9617827261347915,0.9803525237249755,4
1.0782194395323057,730462,260,1810,28488,0.9624639304301996,0.12560386473429952,0.03753606956980038,0.8743961352657005,0.999644187529594,0.9624639304301996,0.9807017920723489,4
1.0799227877780124,730979,262,1808,27971,0.9631451347256077,0.12657004830917876,0.03685486527439225,0.8734299516908213,0.9996417049919247,0.9631451347256077,0.9810541064870207,4
1.0816261360237192,731497,264,1806,27453,0.9638276566308716,0.12753623188405797,0.036172343369128404,0.8724637681159421,0.9996392264687514,0.9638276566308716,0.9814068588747249,4
1.0833294842694257,732014,269,1801,26936,0.9645088609262797,0.12995169082125604,0.03549113907372027,0.870048309178744,0.9996326556809321,0.9645088609262797,0.9817567073690027,4
1.0850328325151324,732504,272,1798,26446,0.9651544897555834,0.13140096618357489,0.03484551024441663,0.8685990338164251,0.9996288088037818,0.9651544897555834,0.9820892040495373,4
1.0867361807608389,733007,272,1798,25943,0.9658172475130113,0.13140096618357489,0.034182752486988606,0.8685990338164251,0.999629063426063,0.9658172475130113,0.9824323210445581,4
1.0884395290065456,733501,273,1797,25449,0.966468146781738,0.1318840579710145,0.033531853218262075,0.8681159420289855,0.9996279508404495,0.966468146781738,0.982768415326611,4
1.0901428772522523,733985,273,1797,24965,0.9671058699519073,0.1318840579710145,0.03289413004809276,0.8681159420289855,0.9996281960836654,0.9671058699519073,0.9830981350220465,4
1.0918462254979588,734450,275,1795,24500,0.9677185585348178,0.13285024154589373,0.03228144146518216,0.8671497584541062,0.999625710299772,0.9677185585348178,0.9834133931410781,4
1.0935495737436656,734899,277,1793,24051,0.9683101653600369,0.13381642512077294,0.03168983463996311,0.866183574879227,0.9996232194739763,0.9683101653600369,0.9837175713427114,4
1.0952529219893723,735375,278,1792,23575,0.9689373476513604,0.13429951690821257,0.031062652348639568,0.8657004830917875,0.9996221044432634,0.9689373476513604,0.9840405779996427,4
1.0969562702350788,735809,281,1789,23141,0.9695091903287436,0.1357487922705314,0.03049080967125634,0.8642512077294686,0.9996182532027333,0.9695091903287436,0.9843335295376712,4
1.0986596184807855,736261,283,1787,22689,0.9701047499835299,0.13671497584541062,0.029895250016470122,0.8632850241545894,0.9996157731242126,0.9701047499835299,0.9846391894584665,4
1.1003629667264923,736696,285,1785,22254,0.9706779102707688,0.13768115942028986,0.029322089729231175,0.8623188405797102,0.9996132871810807,0.9706779102707688,0.9849331286001827,4
1.1020663149721988,737111,286,1784,21839,0.9712247183608933,0.13816425120772946,0.02877528163910666,0.8618357487922705,0.9996121492221964,0.9712247183608933,0.9852139911397557,4
1.1037696632179055,737548,288,1782,21402,0.9718005138678437,0.1391304347826087,0.028199486132156268,0.8608695652173913,0.9996096693574181,0.9718005138678437,0.9855089505112955,4
1.105473011463612,737965,289,1781,20985,0.9723499571776797,0.1396135265700483,0.027650042822320312,0.8603864734299517,0.9996085358155865,0.9723499571776797,0.9857908474730231,4
1.1071763597093187,738356,291,1779,20594,0.9728651426312669,0.14057971014492754,0.02713485736873312,0.8594202898550725,0.999606036442306,0.9728651426312669,0.9860543256964323,4
1.1088797079550254,738737,292,1778,20213,0.9733671519862969,0.14106280193236714,0.026632848013703143,0.8589371980676328,0.9996048869530154,0.9733671519862969,0.9863115571046057,4
1.110583056200732,739158,294,1776,19792,0.9739218657355557,0.14202898550724638,0.0260781342644443,0.8579710144927536,0.999602408269908,0.9739218657355557,0.9865950525960324,4
1.1122864044464387,739566,297,1773,19384,0.9744594505566901,0.14347826086956522,0.025540549443309836,0.8565217391304348,0.9995985743306531,0.9744594505566901,0.9868689422896654,4
1.1139897526921454,739929,297,1773,19021,0.9749377429343171,0.14347826086956522,0.025062257065682852,0.8565217391304348,0.9995987711860972,0.9749377429343171,0.9871142547639503,4
1.115693100937852,740335,300,1770,18615,0.9754726925357402,0.14492753623188406,0.024527307464259834,0.855072463768116,0.9995949421779959,0.9754726925357402,0.9873865102678407,4
1.1173964491835586,740741,305,1765,18209,0.9760076421371632,0.1473429951690821,0.023992357862836815,0.8526570048309179,0.9995884196122777,0.9760076421371632,0.9876573004194676,4
1.1190997974292651,741109,306,1764,17841,0.9764925225640688,0.14782608695652175,0.02350747743593122,0.8521739130434782,0.9995872756823102,0.9764925225640688,0.9879049431305049,4
1.1208031456749719,741467,307,1763,17483,0.9769642268924171,0.14830917874396135,0.023035773107582844,0.8516908212560387,0.9995861273110138,0.9769642268924171,0.9881457216650096,4
1.1225064939206786,741801,309,1761,17149,0.9774043085842282,0.1492753623188406,0.02259569141577179,0.8507246376811595,0.9995836196790233,0.9774043085842282,0.9883695521831241,4
1.124209842166385,742132,314,1756,16818,0.9778404374464721,0.15169082125603864,0.0221595625535279,0.8483091787439614,0.9995770736188221,0.9778404374464721,0.9885892862376082,4
1.1259131904120918,742450,317,1753,16500,0.9782594373805916,0.15314009661835748,0.021740562619408394,0.8468599033816425,0.9995732174423473,0.9782594373805916,0.9888014852332364,4
1.1276165386577985,742799,321,1749,16151,0.9787192832202385,0.15507246376811595,0.021280716779761514,0.8449275362318841,0.9995680374636667,0.9787192832202385,0.9890338000226355,4
1.129319886903505,743147,325,1745,15803,0.9791778114500297,0.1570048309178744,0.020822188549970352,0.8429951690821256,0.9995628618159124,0.9791778114500297,0.9892653329091293,4
1.1310232351492118,743502,328,1742,15448,0.9796455629488109,0.15845410628019324,0.020354437051189143,0.8415458937198068,0.9995590390277348,0.9796455629488109,0.9895021227325357,4
1.1327265833949185,743843,329,1741,15107,0.980094867909612,0.15893719806763285,0.019905132090388036,0.8410628019323672,0.999557897905323,0.980094867909612,0.9897307071548418,4
1.134429931640625,744136,331,1739,14814,0.9804809275973384,0.15990338164251208,0.019519072402661573,0.840096618357488,0.9995553866054506,0.9804809275973384,0.9899262812646125,4
1.1361332798863317,744455,334,1736,14495,0.9809012451413136,0.16135265700483092,0.019098754858686343,0.8386473429951691,0.9995515508419163,0.9809012451413136,0.9901385812298543,4
1.1378366281320382,744742,335,1735,14208,0.9812793991699058,0.16183574879227053,0.01872060083009421,0.8381642512077294,0.9995503820410508,0.9812793991699058,0.9903306257135012,4
1.139539976377745,745022,340,1730,13928,0.9816483299295079,0.1642512077294686,0.018351670070492127,0.8357487922705314,0.9995438458091505,0.9816483299295079,0.9905152654502524,4
1.1412433246234517,745327,343,1727,13623,0.982050200935503,0.16570048309178745,0.017949799064497004,0.8342995169082126,0.9995400109968217,0.982050200935503,0.9907179221331631,4
1.1429466728691582,745626,345,1725,13324,0.9824441662823638,0.16666666666666666,0.017555833717636207,0.8333333333333334,0.9995375155334457,0.9824441662823638,0.990917131198249,4
1.144650021114865,745930,352,1718,13020,0.9828447196785032,0.17004830917874397,0.017155280321496803,0.8299516908212561,0.9995283284334876,0.9828447196785032,0.9911163196105318,4
1.1463533693605716,746214,355,1715,12736,0.9832189208775282,0.17149758454106281,0.016781079122471836,0.8285024154589372,0.999524491373202,0.9832189208775282,0.9913046597219962,4
1.1480567176062781,746490,360,1710,12460,0.9835825811977074,0.17391304347826086,0.01641741880229264,0.8260869565217391,0.9995179754970878,0.9835825811977074,0.9914862531544694,4
1.1497600658519849,746766,365,1705,12184,0.9839462415178866,0.17632850241545894,0.016053758482113448,0.8236714975845411,0.9995114645222859,0.9839462415178866,0.9916677788246449,4
1.1514634140976914,747055,369,1701,11895,0.9843270307661901,0.1782608695652174,0.01567296923380987,0.8217391304347826,0.9995063043199041,0.9843270307661901,0.9918585955413463,4
1.153166762343398,747313,371,1699,11637,0.9846669741089663,0.17922705314009663,0.015333025891033665,0.8207729468599034,0.9995038010710408,0.9846669741089663,0.9920299156928624,4
1.1548701105891048,747585,375,1695,11365,0.9850253639897226,0.18115942028985507,0.014974636010277357,0.8188405797101449,0.9994986362907108,0.9850253639897226,0.9922092228467526,4
1.1565734588348113,747840,380,1690,11110,0.9853613545029317,0.18357487922705315,0.014638645497068318,0.8164251207729468,0.9994921279837481,0.9853613545029317,0.9923764406138658,4
1.158276807080518,748071,384,1686,10879,0.9856657223796034,0.1855072463768116,0.0143342776203966,0.8144927536231884,0.9994869431027917,0.9856657223796034,0.9925282190254111,4
1.1599801553262248,748333,391,1679,10617,0.9860109361618025,0.18888888888888888,0.01398906383819751,0.8111111111111111,0.9994777781932995,0.9860109361618025,0.9926986868514015,4
1.1616835035719313,748551,395,1675,10399,0.9862981751103498,0.19082125603864733,0.013701824889650174,0.8091787439613527,0.9994725921495008,0.9862981751103498,0.9928416813891674,4
1.163386851817638,748795,404,1666,10155,0.9866196719151459,0.19516908212560385,0.013380328084854076,0.8048309178743961,0.9994607574222603,0.9866196719151459,0.9929987023828547,4
1.1650902000633447,749037,414,1656,9913,0.9869385335002305,0.2,0.013061466499769418,0.8,0.9994475956400085,0.9869385335002305,0.9931536773046425,4
1.1667935483090512,749248,419,1651,9702,0.9872165491797879,0.20241545893719806,0.012783450820212134,0.797584541062802,0.9994410851751511,0.9872165491797879,0.9932912064493506,4
1.168496896554758,749458,429,1641,9492,0.9874932472494894,0.2072463768115942,0.012506752750510573,0.7927536231884058,0.9994279138056801,0.9874932472494894,0.9934247370657003,4
1.1702002448004645,749677,440,1630,9273,0.9877818038078925,0.21256038647342995,0.012218196192107516,0.7874396135265701,0.9994134248390585,0.9877818038078925,0.9935635727240739,4
1.1719035930461712,749887,453,1617,9063,0.988058501877594,0.21884057971014492,0.011941498122405955,0.7811594202898551,0.9993962736892609,0.988058501877594,0.9936950486652665,4
1.173606941291878,750074,461,1609,8876,0.988304894920614,0.22270531400966184,0.011695105079385993,0.7772946859903381,0.9993857714830088,0.988304894920614,0.9938144466490227,4
1.1753102895375844,750267,474,1596,8683,0.9885591936227683,0.2289855072463768,0.011440806377231702,0.7710144927536232,0.9993686237996859,0.9885591936227683,0.9939345203753617,4
1.1770136377832912,750482,485,1585,8468,0.9888424797417484,0.23429951690821257,0.011157520258251532,0.7657004830917874,0.9993541660286005,0.9888424797417484,0.9940705350029173,4
1.1787169860289979,750719,494,1576,8231,0.9891547532775545,0.23864734299516907,0.010845246722445485,0.7613526570048309,0.9993423968967523,0.9891547532775545,0.9942224779709209,4
1.1804203342747044,750906,504,1566,8044,0.9894011463205745,0.24347826086956523,0.010598853679425523,0.7565217391304347,0.99932926098934,0.9894011463205745,0.9943404221510104,4
1.1821236825204111,751094,521,1549,7856,0.9896488569734502,0.25169082125603864,0.010351143026549839,0.7483091787439613,0.9993068259680821,0.9896488569734502,0.9944543928927255,4
1.1838270307661176,751311,525,1545,7639,0.9899347783121418,0.2536231884057971,0.010065221687858224,0.7463768115942029,0.9993017094153512,0.9899347783121418,0.994596190327419,4
1.1855303790118243,751488,531,1539,7462,0.9901679952566045,0.2565217391304348,0.00983200474339548,0.7434782608695653,0.9992939008189953,0.9901679952566045,0.9947100172141188,4
1.187233727257531,751667,536,1534,7283,0.9904038474207787,0.2589371980676328,0.009596152579221293,0.7410628019323672,0.9992874263995225,0.9904038474207787,0.9948258051964295,4
1.1889370755032376,751831,544,1526,7119,0.990619935437117,0.26280193236714977,0.00938006456288293,0.7371980676328502,0.9992769563050341,0.990619935437117,0.994929614742031,4
1.1906404237489443,752009,550,1520,6941,0.9908544699914356,0.26570048309178745,0.009145530008564464,0.7342995169082126,0.9992691602917512,0.9908544699914356,0.9950440255400399,4
1.192343771994651,752160,560,1510,6790,0.9910534290796496,0.27053140096618356,0.008946570920350484,0.7294685990338164,0.9992560314592411,0.9910534290796496,0.9951378277004902,4
1.1940471202403575,752329,568,1502,6621,0.9912761051452665,0.2743961352657005,0.008723894854733514,0.7256038647342995,0.9992455807368072,0.9912761051452665,0.9952448891984441,4
1.1957504684860643,752477,578,1492,6473,0.9914711114039133,0.2792270531400966,0.0085288885960867,0.7207729468599033,0.9992324597804941,0.9914711114039133,0.9953366556327525,4
1.1974538167317708,752651,586,1484,6299,0.9917003755188089,0.28309178743961355,0.00829962448119112,0.7169082125603865,0.9992220244093161,0.9917003755188089,0.9954469916749714,4
1.1991571649774775,752805,595,1475,6145,0.9919032874365901,0.28743961352657005,0.008096712563409974,0.7125603864734299,0.9992102468808071,0.9919032874365901,0.9955433596720337,4
1.2008605132231842,752956,603,1467,5994,0.992102246524804,0.29130434782608694,0.007897753475195994,0.7086956521739131,0.9991997972288832,0.992102246524804,0.9956383730609207,4
1.2025638614688907,753114,613,1457,5836,0.992310428882008,0.2961352657004831,0.007689571117991963,0.7038647342995169,0.9991867081847937,0.992310428882008,0.9957366972592298,4
1.2042672097145974,753256,623,1447,5694,0.9924975294815205,0.30096618357487925,0.007502470518479478,0.6990338164251207,0.9991736074356761,0.9924975294815205,0.9958243793581429,4
1.2059705579603042,753401,630,1440,5549,0.9926885829106001,0.30434782608695654,0.007311417089399828,0.6956521739130435,0.9991644905846047,0.9926885829106001,0.995916009520278,4
1.2076739062060107,753545,633,1437,5405,0.9928783187298241,0.30579710144927535,0.007121681270175901,0.6942028985507246,0.9991606755964773,0.9928783187298241,0.99600959072861,4
1.2093772544517174,753690,642,1428,5260,0.9930693721589038,0.3101449275362319,0.006930627841096252,0.6898550724637681,0.9991489158619812,0.9930693721589038,0.9960998677047636,4
1.2110806026974241,753822,648,1422,5128,0.993243296659859,0.3130434782608696,0.006756703340140984,0.6869565217391305,0.9991411189311702,0.993243296659859,0.9961834784792061,4
1.2127839509431306,753963,658,1412,4987,0.9934290796495158,0.3178743961352657,0.0065709203504842216,0.6821256038647343,0.9991280391083736,0.9934290796495158,0.9962704095149815,4
1.2144872991888374,754088,665,1405,4862,0.993593780881481,0.321256038647343,0.0064062191185190066,0.678743961352657,0.9991189170496838,0.993593780881481,0.9963486892739195,4
1.2161906474345439,754192,668,1402,4758,0.9937308123064761,0.32270531400966185,0.006269187693523947,0.6772946859903382,0.9991150676946718,0.9937308123064761,0.9964156664310581,4
1.2178939956802506,754315,673,1397,4635,0.9938928783187299,0.3251207729468599,0.006107121681270176,0.6748792270531401,0.9991085951034984,0.9938928783187299,0.9964939119039222,4
1.2195973439259573,754435,675,1395,4515,0.9940509915014164,0.32608695652173914,0.00594900849858357,0.6739130434782609,0.9991060905033704,0.9940509915014164,0.9965721305628575,4
1.2213006921716638,754560,680,1390,4390,0.9942156927333816,0.3285024154589372,0.005784307266618354,0.6714975845410628,0.9990996239605953,0.9942156927333816,0.9966516751530521,4
1.2230040404173705,754651,686,1384,4299,0.9943355952302523,0.3314009661835749,0.0056644047697476775,0.6685990338164252,0.9990917961121989,0.9943355952302523,0.9967080216630004,4
1.2247073886630773,754764,689,1381,4186,0.9944844851439488,0.3328502415458937,0.005515514856051123,0.6671497584541063,0.9990879644398791,0.9944844851439488,0.9967809097050125,4
1.2264107369087838,754855,696,1374,4095,0.9946043876408196,0.336231884057971,0.005395612359180447,0.663768115942029,0.999078817975226,0.9946043876408196,0.9968365818180378,4
1.2281140851544905,754943,701,1369,4007,0.994720337308123,0.3386473429951691,0.005279662691876935,0.6613526570048309,0.999072314476129,0.994720337308123,0.9968915762243875,4
1.229817433400197,755051,704,1366,3899,0.994862639172541,0.34009661835748795,0.005137360827458989,0.659903381642512,0.9990684811876864,0.994862639172541,0.9969611244433735,4
1.2315207816459037,755141,708,1362,3809,0.9949812240595559,0.34202898550724636,0.005018775940444035,0.6579710144927536,0.9990633049722895,0.9949812240595559,0.9970180862279419,4
1.2332241298916105,755245,712,1358,3705,0.995118255484551,0.34396135265700484,0.0048817445154489755,0.6560386473429952,0.9990581474872248,0.995118255484551,0.9970843094658616,4
1.234927478137317,755353,717,1353,3597,0.995260557348969,0.3463768115942029,0.004739442651031029,0.6536231884057971,0.9990516751094476,0.995260557348969,0.9971525128381145,4
1.2366308263830237,755440,725,1345,3510,0.9953751894064168,0.3502415458937198,0.00462481059358324,0.6497584541062802,0.9990412145497345,0.9953751894064168,0.9972048326364665,4
1.2383341746287304,755539,731,1339,3411,0.9955056327821332,0.3531400966183575,0.00449436721786679,0.6468599033816426,0.9990334139923572,0.9955056327821332,0.9972664035585591,4
1.240037522874437,755625,737,1333,3325,0.9956189472297253,0.3560386473429952,0.0043810527702747215,0.6439613526570048,0.9990255988534591,0.9956189472297253,0.9973193639329723,4
1.2417408711201436,755707,747,1323,3243,0.9957269912378944,0.36086956521739133,0.00427300876210554,0.6391304347826087,0.9990124977857213,0.9957269912378944,0.9973670387566616,4
1.2434442193658504,755786,751,1319,3164,0.9958310824164964,0.36280193236714975,0.004168917583503524,0.6371980676328503,0.9990073188753491,0.9958310824164964,0.9974166720004856,4
1.2451475676115569,755873,758,1312,3077,0.9959457144739443,0.36618357487922704,0.004054285526055735,0.633816425120773,0.9989981906636127,0.9959457144739443,0.9974696172622908,4
1.2468509158572636,755945,764,1306,3005,0.9960405823835562,0.3690821256038647,0.003959417616443771,0.6309178743961352,0.9989903648562393,0.9960405823835562,0.9975132928976769,4
1.24855426410297,756022,769,1301,2928,0.9961420383424469,0.3714975845410628,0.0038579616575531986,0.6285024154589371,0.9989838674085711,0.9961420383424469,0.9975609289449847,4
1.2502576123486768,756103,771,1299,2847,0.9962487647407603,0.372463768115942,0.003751235259239739,0.6275362318840579,0.9989813363915262,0.9962487647407603,0.9976131793664701,4
1.2519609605943836,756188,776,1294,2762,0.9963607615784966,0.3748792270531401,0.003639238421503393,0.6251207729468599,0.9989748521726265,0.9963607615784966,0.9976660945145965,4
1.25366430884009,756263,779,1291,2687,0.9964595823176757,0.37632850241545895,0.0035404176823242636,0.6236714975845411,0.9989709950042401,0.9964595823176757,0.9977137082517586,4
1.2553676570857968,756331,788,1282,2619,0.9965491797878648,0.38067632850241545,0.003450820212135187,0.6193236714975845,0.9989592124883935,0.9965491797878648,0.9977527408053328,4
1.2570710053315035,756416,798,1272,2534,0.9966611766256012,0.3855072463768116,0.0033388233743988404,0.6144927536231884,0.9989461367592253,0.9966611766256012,0.9978023485585992,4
1.25877435357721,756469,804,1266,2481,0.9967310099479544,0.3884057971014493,0.0032689900520455895,0.6115942028985507,0.9989382957004938,0.9967310099479544,0.9978334321534497,4
1.2604777018229167,756530,809,1261,2420,0.9968113841491535,0.39082125603864737,0.0031886158508465643,0.6091787439613526,0.9989317861618113,0.9968113841491535,0.9978704587318117,4
1.2621810500686232,756597,817,1253,2353,0.9968996640094868,0.39468599033816426,0.003100335990513209,0.6053140096618358,0.9989213296823137,0.9968996640094868,0.9979094729233878,4
1.26388439831433,756656,827,1243,2294,0.9969774029909744,0.39951690821256036,0.0030225970090256276,0.6004830917874396,0.9989082263232311,0.9969774029909744,0.9979418807161279,4
1.2655877465600367,756737,831,1239,2213,0.9970841293892878,0.40144927536231884,0.002915870610712168,0.5985507246376811,0.9989030687674242,0.9970841293892878,0.9979927702803396,4
1.2672910948057432,756800,838,1232,2150,0.9971671388101983,0.4048309178743961,0.0028328611898017,0.5951690821256038,0.9988939308746393,0.9971671388101983,0.99802978791867,4
1.26899444305145,756866,847,1223,2084,0.9972541010606759,0.4091787439613527,0.002745898939324066,0.5908212560386473,0.9988821625074401,0.9972541010606759,0.9980674678554167,4
1.2706977912971567,756923,853,1217,2027,0.997329204822452,0.41207729468599036,0.002670795177547928,0.5879227053140097,0.9988743375351027,0.997329204822452,0.9981011731848731,4
1.2724011395428632,756987,859,1211,1963,0.9974135318532182,0.41497584541062804,0.002586468146781738,0.585024154589372,0.9988665243334398,0.9974135318532182,0.9981394993130256,4
1.2741044877885699,757041,864,1206,1909,0.9974846827854272,0.41739130434782606,0.002515317214572765,0.5826086956521739,0.998860015437291,0.9974846827854272,0.9981718753605322,4
1.2758078360342766,757098,872,1198,1852,0.9975597865472033,0.421256038647343,0.002440213452796627,0.578743961352657,0.9988495586896579,0.9975597865472033,0.9982042559924056,4
1.2775111842799831,757162,881,1189,1788,0.9976441135779696,0.4256038647342995,0.002355886422030437,0.5743961352657004,0.9988377968004454,0.9976441135779696,0.9982405983415876,4
1.2792145325256898,757213,890,1180,1737,0.9977113116806113,0.42995169082125606,0.002288688319388629,0.5700483091787439,0.9988260170451773,0.9977113116806113,0.9982683531821235,4
1.2809178807713963,757273,899,1171,1677,0.9977903682719547,0.43429951690821256,0.002209631728045326,0.5657004830917874,0.9988142532301377,0.9977903682719547,0.9983020482202485,4
1.282621229017103,757328,905,1165,1622,0.9978628368140193,0.43719806763285024,0.002137163185980631,0.5628019323671497,0.9988064354888273,0.9978628368140193,0.9983344131854891,4
1.2843245772628098,757385,913,1157,1565,0.9979379405757955,0.44106280193236713,0.002062059424204493,0.5589371980676329,0.9987959878570166,0.9979379405757955,0.9983667798540514,4
1.2860279255085163,757429,923,1147,1521,0.9979959154094472,0.4458937198067633,0.0020040845905527375,0.5541062801932367,0.9987828871025592,0.9979959154094472,0.9983892461751187,4
1.287731273754223,757487,925,1145,1463,0.9980723367810791,0.4468599033816425,0.0019276632189208776,0.5531400966183575,0.9987803463025374,0.9980723367810791,0.998426216024917,4
1.2894346219999298,757518,932,1138,1432,0.9981131826866065,0.4502415458937198,0.0018868173133935041,0.5497584541062802,0.9987711780605182,0.9981131826866065,0.9984420719652037,4
1.2911379702456363,757559,937,1133,1391,0.9981672046906911,0.45265700483091786,0.0018327953093089137,0.5473429951690821,0.9987646605914863,0.9981672046906911,0.9984658432655922,4
1.292841318491343,757597,945,1125,1353,0.9982172738652085,0.45652173913043476,0.0017827261347914882,0.5434782608695652,0.9987541889572363,0.9982172738652085,0.9984856592324705,4
1.2945446667370495,757646,953,1117,1304,0.9982818367481389,0.4603864734299517,0.001718163251861124,0.5396135265700484,0.9987437368095661,0.9982818367481389,0.9985127333614927,4
1.2962480149827562,757684,962,1108,1266,0.9983319059226563,0.4647342995169082,0.0016680940773436985,0.5352657004830917,0.9987319513976215,0.9983319059226563,0.9985318885922209,4
1.297951363228463,757706,972,1098,1244,0.9983608933394822,0.46956521739130436,0.0016391066605178208,0.5304347826086957,0.998718824059746,0.9983608933394822,0.9985398266241793,4
1.2996547114741694,757733,979,1091,1217,0.9983964688055866,0.47294685990338164,0.0016035311944133342,0.5270531400966184,0.998709655310579,0.9983964688055866,0.9985530375011037,4
1.3013580597198762,757771,987,1083,1179,0.9984465379801041,0.47681159420289854,0.0015534620198959087,0.5231884057971015,0.998699189992066,0.9984465379801041,0.9985728480050181,4
1.303061407965583,757803,993,1077,1147,0.9984887014954872,0.4797101449275362,0.0015112985045128138,0.5202898550724637,0.9986913478721554,0.9984887014954872,0.998590014402937,4
1.3047647562112894,757840,1000,1070,1110,0.9985374530601488,0.4830917874396135,0.00146254693985111,0.5169082125603864,0.998682199146065,0.9985374530601488,0.9986098208579579,4
1.3064681044569961,757874,1007,1063,1076,0.9985822517952434,0.4864734299516908,0.0014177482047565716,0.5135265700483091,0.9986730462351805,0.9985822517952434,0.9986276469514722,4
1.3081714527027026,757902,1013,1057,1048,0.9986191448712036,0.4893719806763285,0.0013808551287963634,0.5106280193236715,0.998665199660041,0.9986191448712036,0.9986421717346404,4
1.3098748009484094,757938,1021,1049,1012,0.9986665788260096,0.4932367149758454,0.0013334211739903813,0.5067632850241546,0.9986547362901026,0.9986665788260096,0.9986606575229476,4
1.311578149194116,757957,1025,1045,993,0.9986916134132683,0.49516908212560384,0.0013083865867316688,0.5048309178743962,0.9986495068394244,0.9986916134132683,0.9986705596825154,4
1.3132814974398226,757989,1032,1038,961,0.9987337769286514,0.4985507246376812,0.0012662230713485737,0.5014492753623189,0.9986403538242025,0.9987337769286514,0.9986870631915893,4
1.3149848456855293,758011,1036,1034,939,0.9987627643454773,0.5004830917874397,0.0012372356545226957,0.4995169082125604,0.9986351306309096,0.9987627643454773,0.9986989434102966,4
1.316688193931236,758034,1040,1030,916,0.998793069372159,0.5024154589371981,0.0012069306278410963,0.4975845410628019,0.9986299096003816,0.998793069372159,0.998711482822406,4
1.3183915421769425,758069,1047,1023,881,0.9988391857171092,0.5057971014492754,0.001160814282890836,0.49420289855072463,0.9986207641519873,0.9988391857171092,0.9987299629923864,4
1.3200948904226493,758092,1051,1019,858,0.9988694907437907,0.5077294685990338,0.0011305092562092364,0.49227053140096616,0.9986155441069733,0.9988694907437907,0.9987425012828595,4
1.321798238668356,758113,1060,1010,837,0.9988971605507609,0.5120772946859904,0.0011028394492390804,0.48792270531400966,0.9986037438106993,0.9988971605507609,0.9987504306304562,4
1.3235015869140625,758132,1068,1002,818,0.9989221951380196,0.5159420289855072,0.0010778048619803676,0.48405797101449277,0.9985932560590095,0.9989221951380196,0.9987576985146396,4
1.3252049351597692,758161,1075,995,789,0.9989604058238356,0.5193236714975845,0.0010395941761644377,0.4806763285024155,0.9985841029666664,0.9989604058238356,0.9987722189507741,4
1.3269082834054757,758186,1082,988,764,0.9989933460702286,0.5227053140096618,0.0010066539297713948,0.47729468599033814,0.9985749432347998,0.9989933460702286,0.998784100834004,4
1.3286116316511825,758207,1089,981,743,0.9990210158771987,0.5260869565217391,0.0009789841228012386,0.47391304347826085,0.9985657767194875,0.9990210158771987,0.99879334442508,4
1.3303149798968892,758229,1093,977,721,0.9990500032940246,0.5280193236714976,0.0009499967059753607,0.47198067632850244,0.9985605579714535,0.9990500032940246,0.9988052206719218,4
1.3320183281425957,758254,1096,974,696,0.9990829435404177,0.5294685990338164,0.0009170564595823177,0.47053140096618357,0.9985566603015738,0.9990829435404177,0.9988197325956663,4
1.3337216763883024,758278,1104,966,672,0.999114566176955,0.5333333333333333,0.0008854338230449963,0.4666666666666667,0.998546186240917,0.999114566176955,0.998830295350424,4
1.3354250246340091,758297,1115,955,653,0.9991396007642137,0.538647342995169,0.0008603992357862837,0.4613526570048309,0.9985317587817943,0.9991396007642137,0.9988355872973638,4
1.3371283728797156,758318,1120,950,632,0.9991672705711838,0.5410628019323671,0.0008327294288161275,0.45893719806763283,0.9985252252323429,0.9991672705711838,0.9988461447271711,4
1.3388317211254224,758336,1125,945,614,0.9991909875485868,0.5434782608695652,0.0008090124514131366,0.45652173913043476,0.9985186862788215,0.9991909875485868,0.9988547237869062,4
1.3405350693711289,758348,1132,938,602,0.9992067988668555,0.5468599033816425,0.0007932011331444759,0.45314009661835747,0.9985095065044504,0.9992067988668555,0.9988580309925383,4
1.3422384176168356,758365,1136,934,585,0.9992291982344028,0.548792270531401,0.0007708017655972067,0.45120772946859905,0.998504281100354,0.9992291982344028,0.9988666081421133,4
1.3439417658625423,758384,1147,923,566,0.9992542328216615,0.5541062801932367,0.000745767178338494,0.4458937198067633,0.9984898575568344,0.9992542328216615,0.9988718989569182,4
1.3456451141082488,758397,1156,914,553,0.9992713617497859,0.5584541062801932,0.0007286382502141116,0.44154589371980674,0.9984780522228205,0.9992713617497859,0.9988745494740544,4
1.3473484623539556,758408,1159,911,542,0.9992858554581988,0.5599033816425121,0.0007141445418011727,0.4400966183574879,0.9984741306560185,0.9992858554581988,0.9988798281481209,4
1.3490518105996623,758426,1161,909,524,0.9993095724356018,0.5608695652173913,0.0006904275643981817,0.4391304347826087,0.9984715378225273,0.9993095724356018,0.9988903793585536,4
1.3507551588453688,758438,1170,900,512,0.9993253837538705,0.5652173913043478,0.000674616246129521,0.43478260869565216,0.9984597318616971,0.9993253837538705,0.9988923702617878,4
1.3524585070910755,758453,1184,886,497,0.9993451479017063,0.5719806763285025,0.0006548520982936953,0.4280193236714976,0.9984413608078595,0.9993451479017063,0.9988930499207487,4
1.3541618553367822,758470,1198,872,480,0.9993675472692536,0.578743961352657,0.000632452730746426,0.421256038647343,0.9984229953084769,0.9993675472692536,0.9988950479975872,4
1.3558652035824887,758480,1207,863,470,0.9993807233678108,0.5830917874396135,0.0006192766321892087,0.41690821256038646,0.9984111877654877,0.9993807233678108,0.9988957203070913,4
1.3575685518281955,758491,1211,859,459,0.9993952170762237,0.585024154589372,0.0006047829237762699,0.41497584541062804,0.9984059539135082,0.9993952170762237,0.9989003405651854,4
1.359271900073902,758499,1216,854,451,0.9994057579550695,0.58743961352657,0.0005942420449304961,0.41256038647342996,0.9983993997749155,0.9994057579550695,0.9989023253976352,4
1.3609752483196087,758510,1223,847,440,0.9994202516634825,0.5908212560386473,0.0005797483365175571,0.4091787439613527,0.9983902239339347,0.9994202516634825,0.9989049722687355,4
1.3626785965653154,758525,1234,836,425,0.9994400158113182,0.5961352657004831,0.0005599841886817313,0.4038647342995169,0.9983758007473422,0.9994400158113182,0.9989076248313534,4
1.364381944811022,758537,1239,831,413,0.9994558271295869,0.5985507246376811,0.0005441728704130707,0.40144927536231884,0.9983692562018279,0.9994558271295869,0.9989122461852895,4
1.3660852930567287,758548,1249,821,402,0.9994703208379999,0.6033816425120773,0.0005296791620001318,0.3966183574879227,0.9983561398636741,0.9994703208379999,0.9989129196633804,4
1.3677886413024354,758561,1258,812,389,0.9994874497661242,0.6077294685990338,0.0005125502338757494,0.3922705314009662,0.9983443425342088,0.9994874497661242,0.9989155691220982,4
1.3694919895481419,758569,1266,804,381,0.99949799064497,0.6115942028985507,0.0005020093550299757,0.3884057971014493,0.9983338487961202,0.99949799064497,0.998915580546292,4
1.3711953377938486,758585,1273,797,365,0.9995190724026616,0.614975845410628,0.0004809275973384281,0.385024154589372,0.9983246869809885,0.9995190724026616,0.9989215226677762,4
1.3728986860395551,758593,1279,791,357,0.9995296132815074,0.6178743961352657,0.0004703867184926543,0.3821256038647343,0.9983168217805104,0.9995296132815074,0.9989228494188259,4
1.3746020342852618,758606,1287,783,344,0.9995467422096317,0.6217391304347826,0.00045325779036827196,0.3782608695652174,0.9983063404979385,0.9995467422096317,0.9989261562913349,4
1.3763053825309686,758611,1297,773,339,0.9995533302589104,0.6265700483091787,0.00044666974108966334,0.37342995169082127,0.9982932144417482,0.9995533302589104,0.9989228749494686,4
1.378008730776675,758619,1307,763,331,0.9995638711377561,0.6314009661835749,0.0004361288622438896,0.3685990338164251,0.998280095693528,0.9995638711377561,0.9989215709511506,4
1.3797120790223818,758632,1320,750,318,0.9995810000658805,0.6376811594202898,0.0004189999341195072,0.36231884057971014,0.9982630481925174,0.9995810000658805,0.9989215894112984,4
1.3814154272680885,758640,1331,739,310,0.9995915409447262,0.6429951690821256,0.00040845905527373347,0.3570048309178744,0.9982486173814528,0.9995915409447262,0.9989196278147449,4
1.383118775513795,758645,1338,732,305,0.9995981289940049,0.6463768115942029,0.00040187100599512485,0.3536231884057971,0.9982394343031358,0.9995981289940049,0.9989183196362184,4
1.3848221237595018,758656,1345,725,294,0.9996126227024178,0.6497584541062802,0.0003873772975821859,0.3502415458937198,0.9982302654864927,0.9996126227024178,0.9989209658507746,4
1.3865254720052085,758663,1353,717,287,0.9996218459714079,0.6536231884057971,0.0003781540285921339,0.3463768115942029,0.9982197743205407,0.9996218459714079,0.9989203181638034,4
1.388228820250915,758668,1362,708,282,0.9996284340206865,0.6579710144927536,0.00037156597931352526,0.34202898550724636,0.9982079654750471,0.9996284340206865,0.998917694768858,4
1.3899321684966217,758674,1372,698,276,0.9996363396798208,0.6628019323671498,0.0003636603201791949,0.33719806763285026,0.9981948461014202,0.9996363396798208,0.9989150728507514,4
1.3916355167423282,758684,1383,687,266,0.999649515778378,0.6681159420289855,0.00035048422162197774,0.3318840579710145,0.9981804235679222,0.999649515778378,0.9989144295290968,4
1.393338864988035,758691,1389,681,259,0.9996587390473681,0.6710144927536232,0.0003412609526319257,0.3289855072463768,0.9981725607830755,0.9996587390473681,0.9989150971343554,4
1.3950422132337417,758698,1397,673,252,0.9996679623163581,0.6748792270531401,0.00033203768364187367,0.3251207729468599,0.9981620718462824,0.9996679623163581,0.9989144495390195,4
1.3967455614794482,758709,1413,657,241,0.999682456024771,0.6826086956521739,0.0003175439752289347,0.3173913043478261,0.9981410878779985,0.999682456024771,0.9989111773503824,4
1.398448909725155,758718,1428,642,232,0.9996943145134726,0.6898550724637681,0.00030568548652743925,0.3101449275362319,0.9981214135179295,0.9996943145134726,0.9989072448350863,4
1.4001522579708616,758727,1440,630,223,0.999706173002174,0.6956521739130435,0.00029382699782594374,0.30434782608695654,0.9981056794099191,0.999706173002174,0.9989052851097052,4
1.4018556062165681,758734,1456,614,216,0.9997153962711641,0.7033816425120772,0.0002846037288358917,0.2966183574879227,0.9980846893539773,0.9997153962711641,0.9988993772792502,4
1.4035589544622749,758735,1468,602,215,0.9997167138810198,0.7091787439613526,0.00028328611898016995,0.29082125603864734,0.9980689368497625,0.9997167138810198,0.9988921458207304,4
1.4052623027079814,758738,1483,587,212,0.999720666710587,0.7164251207729468,0.00027933328941300484,0.28357487922705316,0.9980492514676653,0.999720666710587,0.9988842599022756,4
1.406965650953688,758752,1490,580,198,0.9997391132485671,0.7198067632850241,0.0002608867514329007,0.28019323671497587,0.9980400977583453,0.9997391132485671,0.9988888830378254,4
1.4086689991993948,758766,1501,569,184,0.9997575597865472,0.72512077294686,0.00024244021345279663,0.2748792270531401,0.9980256936050098,0.9997575597865472,0.9988908760236358,4
1.4103723474451013,758773,1511,559,177,0.9997667830555372,0.729951690821256,0.00023321694446274457,0.27004830917874395,0.998012584770954,0.9997667830555372,0.9988889137552214,4
1.412075695690808,758777,1525,545,173,0.9997720534949601,0.7367149758454107,0.0002279465050398577,0.2632850241545894,0.9979942180870233,0.9997720534949601,0.9988823447328027,4
1.4137790439365148,758782,1541,529,168,0.9997786415442388,0.7444444444444445,0.00022135845576124908,0.25555555555555554,0.9979732297983883,0.9997786415442388,0.9988751198764146,4
1.4154823921822213,758788,1559,511,162,0.9997865472033731,0.7531400966183575,0.00021345279662691877,0.24685990338164251,0.9979496203706991,0.9997865472033731,0.9988672392560507,4
1.417185740427928,758795,1569,501,155,0.9997957704723631,0.7579710144927536,0.00020422952763686673,0.24202898550724639,0.9979365146166835,0.9997957704723631,0.998865277355438,4
1.4188890886736347,758798,1576,494,152,0.9997997233019303,0.7613526570048309,0.00020027669806970156,0.23864734299516907,0.9979273357584557,0.9997997233019303,0.998862652074212,4
1.4205924369193412,758804,1589,481,146,0.9998076289610647,0.7676328502415459,0.00019237103893537125,0.2323671497584541,0.9979102911257731,0.9998076289610647,0.9988580590426256,4
1.422295785165048,758812,1598,472,138,0.9998181698399105,0.7719806763285024,0.00018183016008959746,0.22801932367149758,0.9978985021238542,0.9998181698399105,0.9988574136478517,4
1.4239991334107545,758815,1610,460,135,0.9998221226694776,0.7777777777777778,0.00017787733052243232,0.2222222222222222,0.9978827629286254,0.9998221226694776,0.9988515014397367,4
1.4257024816564612,758819,1620,450,131,0.9998273931089005,0.782608695652174,0.00017260689109954542,0.21739130434782608,0.9978696516091363,0.9998273931089005,0.9988475630664695,4
1.427405829902168,758823,1626,444,127,0.9998326635483233,0.7855072463768116,0.00016733645167665853,0.2144927536231884,0.9978617895480171,0.9998326635483233,0.9988462543413547,4
1.4291091781478744,758833,1637,433,117,0.9998458396468806,0.7908212560386474,0.00015416035311944132,0.20917874396135266,0.9978473838547214,0.9998458396468806,0.998845612141475,4
1.4308125263935811,758833,1648,422,117,0.9998458396468806,0.7961352657004831,0.00015416035311944132,0.2038647342995169,0.9978329504616157,0.9998458396468806,0.9988383809465516,4
1.4325158746392879,758835,1657,413,115,0.999848474866592,0.8004830917874396,0.0001515251334079979,0.19951690821256038,0.9978211473624969,0.999848474866592,0.9988337824016975,4
1.4342192228849944,758841,1679,391,109,0.9998563805257263,0.8111111111111111,0.00014361947427366756,0.18888888888888888,0.9977923000052595,0.9998563805257263,0.9988232739047168,4
1.435922571130701,758844,1694,376,106,0.9998603333552935,0.8183574879227054,0.00013966664470650242,0.18164251207729468,0.997772629375521,0.9998603333552935,0.9988153904473085,4
1.4376259193764076,758845,1707,363,105,0.9998616509651492,0.8246376811594203,0.0001383490348507807,0.1753623188405797,0.9977555775279008,0.9998616509651492,0.998807504037507,4
1.4393292676221143,758847,1719,351,103,0.9998642861848607,0.8304347826086956,0.00013571381513933725,0.16956521739130434,0.997739841118325,0.9998642861848607,0.99880093398161,4
1.441032615867821,758848,1727,343,102,0.9998656037947163,0.8342995169082126,0.00013439620528361552,0.16570048309178745,0.9977293495053084,0.9998656037947163,0.9987963343808098,4
1.4427359641135276,758851,1742,328,99,0.9998695566242836,0.8415458937198068,0.00013044337571645035,0.15845410628019324,0.997709681787763,0.9998695566242836,0.9987884515278607,4
1.4444393123592343,758861,1751,319,89,0.9998827327228408,0.8458937198067633,0.00011726727715923315,0.15410628019323672,0.9976979064227227,0.9998827327228408,0.9987891247609508,4
1.446142660604941,758861,1762,308,89,0.9998827327228408,0.851207729468599,0.00011726727715923315,0.14879227053140096,0.997683477885891,0.9998827327228408,0.9987818946506684,4
1.4478460088506475,758864,1771,299,86,0.9998866855524079,0.8555555555555555,0.00011331444759206799,0.14444444444444443,0.9976716822128879,0.9998866855524079,0.9987779558234651,4
1.4495493570963542,758868,1784,286,82,0.9998919559918308,0.8618357487922705,0.00010804400816918111,0.13816425120772946,0.997654643647818,0.9998919559918308,0.9987720468912253,4
1.4512527053420607,758873,1795,275,77,0.9998985440411094,0.8671497584541062,0.0001014559588905725,0.13285024154589373,0.9976402320066047,0.9998985440411094,0.9987681114595905,4
1.4529560535877675,758876,1805,265,74,0.9999024968706766,0.8719806763285024,9.750312932340733e-05,0.1280193236714976,0.9976271262197951,0.9999024968706766,0.99876351561662,4
1.4546594018334742,758879,1814,256,71,0.9999064497002438,0.8763285024154589,9.355029975624218e-05,0.12367149758454106,0.9976153323351208,0.9999064497002438,0.9987595770848811,4
1.4563627500791807,758883,1821,249,67,0.9999117201396667,0.8797101449275362,8.82798603333553e-05,0.12028985507246377,0.9976061648157496,0.9999117201396667,0.9987576119300842,4
1.4580660983248874,758883,1831,239,67,0.9999117201396667,0.8845410628019323,8.82798603333553e-05,0.11545893719806763,0.997593050739174,0.9999117201396667,0.9987510397035134,4
1.4597694465705942,758885,1837,233,65,0.9999143553593781,0.8874396135265701,8.564464062191185e-05,0.11256038647342995,0.997585188807475,0.9999143553593781,0.9987484141314704,4
1.4614727948163007,758887,1845,225,63,0.9999169905790896,0.8913043478260869,8.300942091046842e-05,0.10869565217391304,0.9975747043636918,0.9999169905790896,0.9987444741728863,4
1.4631761430620074,758887,1850,220,63,0.9999169905790896,0.893719806763285,8.300942091046842e-05,0.10628019323671498,0.9975681477304246,0.9999169905790896,0.9987411881525603,4
1.464879491307714,758892,1855,215,58,0.9999235786283681,0.8961352657004831,7.642137163185981e-05,0.10386473429951691,0.9975616072097557,0.9999235786283681,0.9987411964358686,4
1.4665828395534206,758896,1860,210,54,0.999928849067791,0.8985507246376812,7.115093220897292e-05,0.10144927536231885,0.9975550636472141,0.999928849067791,0.9987405458687404,4
1.4682861877991273,758896,1865,205,54,0.999928849067791,0.9009661835748792,7.115093220897292e-05,0.09903381642512077,0.9975485073498773,0.999928849067791,0.9987372599132335,4
1.4699895360448338,758900,1871,199,50,0.9999341195072139,0.9038647342995169,6.588049278608604e-05,0.09613526570048309,0.9975406528377133,0.9999341195072139,0.9987359521912247,4
1.4716928842905406,758900,1879,191,50,0.9999341195072139,0.9077294685990338,6.588049278608604e-05,0.09227053140096618,0.9975301631617066,0.9999341195072139,0.9987306947488663,4
1.4733962325362473,758906,1883,187,44,0.9999420251663482,0.9096618357487922,5.797483365175572e-05,0.09033816425120773,0.9975249379262844,0.9999420251663482,0.9987320191164405,4
1.4750995807819538,758909,1890,180,41,0.9999459779959154,0.9130434782608695,5.4022004084590554e-05,0.08695652173913043,0.9975157696053754,0.9999459779959154,0.9987293954462217,4
1.4768029290276605,758913,1897,173,37,0.9999512484353383,0.9164251207729469,4.875156466170367e-05,0.08357487922705314,0.997506604802776,0.9999512484353383,0.9987274306469444,4
1.4785062772733673,758913,1906,164,37,0.9999512484353383,0.9207729468599034,4.875156466170367e-05,0.07922705314009662,0.9974948049404655,0.9999512484353383,0.9987215162304272,4
1.4802096255190738,758915,1916,154,35,0.9999538836550498,0.9256038647342996,4.611634495026023e-05,0.07439613526570048,0.9974817009296414,0.9999538836550498,0.9987162624088602,4
1.4819129737647805,758915,1922,148,35,0.9999538836550498,0.9285024154589372,4.611634495026023e-05,0.07149758454106281,0.9974738347372696,0.9999538836550498,0.998712319555306,4
1.483616322010487,758915,1930,140,35,0.9999538836550498,0.9323671497584541,4.611634495026023e-05,0.06763285024154589,0.997463346673764,0.9999538836550498,0.9987070624656615,4
1.4853196702561937,758916,1940,130,34,0.9999552012649054,0.9371980676328503,4.479873509453851e-05,0.06280193236714976,0.9974502402557119,0.9999552012649054,0.9987011500151992,4
1.4870230185019004,758917,1942,128,33,0.9999565188747612,0.9381642512077295,4.348112523881679e-05,0.06183574879227053,0.9974476217012613,0.9999565188747612,0.9987004946016242,4
1.488726366747607,758918,1948,122,32,0.9999578364846169,0.9410628019323671,4.216351538309506e-05,0.05893719806763285,0.9974397594320156,0.9999578364846169,0.9986972107149813,4
1.4904297149933137,758918,1950,120,32,0.9999578364846169,0.9420289855072463,4.216351538309506e-05,0.057971014492753624,0.9974371375849688,0.9999578364846169,0.9986958964823419,4
1.4921330632390204,758920,1952,118,30,0.9999604717043283,0.9429951690821256,3.952829567165162e-05,0.057004830917874394,0.9974345224952423,0.9999604717043283,0.9986958999145953,4
1.493836411484727,758920,1957,113,30,0.9999604717043283,0.9454106280193236,3.952829567165162e-05,0.05458937198067633,0.9974279679895699,0.9999604717043283,0.9986926143567656,4
1.4955397597304336,758922,1963,107,28,0.9999631069240398,0.9483091787439614,3.689307596020818e-05,0.051690821256038647,0.9974201094777791,0.9999631069240398,0.9986899893738466,4
1.4972431079761404,758922,1968,102,28,0.9999631069240398,0.9507246376811594,3.689307596020818e-05,0.04927536231884058,0.9974135551788038,0.9999631069240398,0.9986867038635645,4
1.4989464562218469,758924,1970,100,26,0.9999657421437512,0.9516908212560387,3.425785624876474e-05,0.04830917874396135,0.9974109402886604,0.9999657421437512,0.9986867073199618,4
1.5006498044675536,758925,1973,97,25,0.999967059753607,0.9531400966183575,3.294024639304302e-05,0.04685990338164251,0.9974070111894104,0.999967059753607,0.9986853948552751,4
1.50235315271326,758925,1978,92,25,0.999967059753607,0.9555555555555556,3.294024639304302e-05,0.044444444444444446,0.9974004570884857,0.999967059753607,0.9986821093882106,4
1.5040565009589668,758927,1981,89,23,0.9999696949733184,0.9570048309178744,3.030502668159958e-05,0.042995169082125605,0.9973965315123511,0.9999696949733184,0.9986814557675784,4
1.5057598492046735,758927,1985,85,23,0.9999696949733184,0.9589371980676329,3.030502668159958e-05,0.04106280193236715,0.9973912883487184,0.9999696949733184,0.9986788274198579,4
1.50746319745038,758927,1987,83,23,0.9999696949733184,0.9599033816425121,3.030502668159958e-05,0.04009661835748792,0.9973886667875739,0.9999696949733184,0.9986775132511856,4
1.5091665456960868,758928,1989,81,22,0.9999710125831741,0.9608695652173913,2.898741682587786e-05,0.0391304347826087,0.9973860486754798,0.9999710125831741,0.9986768579092776,4
1.5108698939417935,758928,1992,78,22,0.9999710125831741,0.9623188405797102,2.898741682587786e-05,0.03768115942028986,0.9973821163854282,0.9999710125831741,0.9986748866679386,4
1.5125732421875,758928,1996,74,22,0.9999710125831741,0.9642512077294686,2.898741682587786e-05,0.035748792270531404,0.9973768733802587,0.9999710125831741,0.9986722583582587,4
1.5142765904332067,758929,1997,73,21,0.9999723301930299,0.9647342995169083,2.7669806970156136e-05,0.035265700483091786,0.997375566086584,0.9999723301930299,0.9986722601054298,4
1.5159799386789132,758930,1997,73,20,0.9999736478028856,0.9647342995169083,2.6352197114434415e-05,0.035265700483091786,0.9973755695355796,0.9999736478028856,0.9986729189269921,4
1.51768328692462,758931,1999,71,19,0.9999749654127413,0.9657004830917875,2.5034587258712695e-05,0.03429951690821256,0.9973729515198507,0.9999749654127413,0.9986722635997579,4
1.5193866351703267,758932,1999,71,18,0.999976283022597,0.9657004830917875,2.3716977402990975e-05,0.03429951690821256,0.9973729549722642,0.999976283022597,0.9986729224195842,4
1.5210899834160332,758934,2000,70,16,0.9999789182423084,0.966183574879227,2.108175769154753e-05,0.033816425120772944,0.9973716511550279,0.9999789182423084,0.9986735829839646,4
1.52279333166174,758935,2000,70,15,0.9999802358521642,0.966183574879227,1.976414783582581e-05,0.033816425120772944,0.9973716546091322,0.9999802358521642,0.998674241801189,4
1.5244966799074466,758937,2002,68,13,0.9999828710718757,0.9671497584541063,1.712892812438237e-05,0.03285024154589372,0.997369040093884,0.9999828710718757,0.998674245290281,4
1.5262000281531531,758937,2004,66,13,0.9999828710718757,0.9681159420289855,1.712892812438237e-05,0.03188405797101449,0.9973664186842344,0.9999828710718757,0.9986729311509839,4
1.5279033763988599,758939,2005,65,11,0.9999855062915871,0.9685990338164251,1.449370841293893e-05,0.03140096618357488,0.9973651149099014,0.9999855062915871,0.998673591711001,4
1.5296067246445666,758939,2007,63,11,0.9999855062915871,0.9695652173913043,1.449370841293893e-05,0.030434782608695653,0.997362493527793,0.9999855062915871,0.9986722775768868,4
1.531310072890273,758941,2009,61,9,0.9999881415112986,0.9705314009661836,1.1858488701495488e-05,0.029468599033816423,0.9973598790984953,0.9999881415112986,0.998672281071123,4
1.5330134211359798,758942,2009,61,8,0.9999894591211542,0.9705314009661836,1.0540878845773766e-05,0.029468599033816423,0.9973598825679971,0.9999894591211542,0.9986729398822686,4
1.5347167693816863,758943,2010,60,7,0.99999077673101,0.9710144927536232,9.223268990052046e-06,0.028985507246376812,0.9973585753653642,0.99999077673101,0.998672941628512,4
1.536420117627393,758943,2011,59,7,0.99999077673101,0.9714975845410628,9.223268990052046e-06,0.028502415458937197,0.9973572646966834,0.99999077673101,0.9986722845653411,4
1.5381234658730998,758943,2012,58,7,0.99999077673101,0.9719806763285024,9.223268990052046e-06,0.028019323671497585,0.9973559540314473,0.99999077673101,0.9986716275030347,4
1.5398268141188063,758943,2012,58,7,0.99999077673101,0.9719806763285024,9.223268990052046e-06,0.028019323671497585,0.9973559540314473,0.99999077673101,0.9986716275030347,4
1.541530162364513,758943,2015,55,7,0.99999077673101,0.9734299516908212,9.223268990052046e-06,0.026570048309178744,0.9973520220564078,0.99999077673101,0.9986696563213037,4
1.5432335106102197,758944,2017,53,6,0.9999920943408657,0.9743961352657005,7.905659134330324e-06,0.025603864734299518,0.9973494042401647,0.9999920943408657,0.9986690010138751,4
1.5449368588559262,758944,2017,53,6,0.9999920943408657,0.9743961352657005,7.905659134330324e-06,0.025603864734299518,0.9973494042401647,0.9999920943408657,0.9986690010138751,4
1.546640207101633,758945,2020,50,5,0.9999934119507214,0.9758454106280193,6.588049278608604e-06,0.024154589371980676,0.9973454758103197,0.9999934119507214,0.9986676886536417,4
1.5483435553473395,758945,2021,49,5,0.9999934119507214,0.976328502415459,6.588049278608604e-06,0.023671497584541065,0.9973441651795218,0.9999934119507214,0.9986670315991147,4
1.5500469035930462,758945,2024,46,5,0.9999934119507214,0.9777777777777777,6.588049278608604e-06,0.022222222222222223,0.9973402333077958,0.9999934119507214,0.998665060440721,4
1.551750251838753,758945,2025,45,5,0.9999934119507214,0.9782608695652174,6.588049278608604e-06,0.021739130434782608,0.9973389226907763,0.9999934119507214,0.9986644033896521,4
1.5534536000844594,758945,2026,44,5,0.9999934119507214,0.978743961352657,6.588049278608604e-06,0.021256038647342997,0.9973376120772014,0.9999934119507214,0.998663746339448,4
1.5551569483301662,758946,2026,44,4,0.9999947295605771,0.978743961352657,5.270439422886883e-06,0.021256038647342997,0.9973376155758688,0.9999947295605771,0.9986644051471063,4
1.5568602965758729,758946,2026,44,4,0.9999947295605771,0.978743961352657,5.270439422886883e-06,0.021256038647342997,0.9973376155758688,0.9999947295605771,0.9986644051471063,4
1.5585636448215794,758946,2027,43,4,0.9999947295605771,0.9792270531400966,5.270439422886883e-06,0.02077294685990338,0.9973363049674562,0.9999947295605771,0.9986637480977655,4
1.5602669930672861,758946,2029,41,4,0.9999947295605771,0.9801932367149758,5.270439422886883e-06,0.019806763285024155,0.9973336837609645,0.9999947295605771,0.9986624340016778,4
1.5619703413129926,758946,2030,40,4,0.9999947295605771,0.9806763285024155,5.270439422886883e-06,0.01932367149758454,0.9973323731628856,0.9999947295605771,0.9986617769549306,4
1.5636736895586993,758946,2032,38,4,0.9999947295605771,0.9816425120772947,5.270439422886883e-06,0.018357487922705314,0.9973297519770611,0.9999947295605771,0.9986604628640304,4
1.565377037804406,758946,2032,38,4,0.9999947295605771,0.9816425120772947,5.270439422886883e-06,0.018357487922705314,0.9973297519770611,0.9999947295605771,0.9986604628640304,4
1.5670803860501126,758946,2034,36,4,0.9999947295605771,0.9826086956521739,5.270439422886883e-06,0.017391304347826087,0.9973271308050146,0.9999947295605771,0.9986591487765885,4
1.5687837342958193,758946,2037,33,4,0.9999947295605771,0.9840579710144928,5.270439422886883e-06,0.015942028985507246,0.9973231990727782,0.9999947295605771,0.9986571776519096,4
1.570487082541526,758946,2038,32,4,0.9999947295605771,0.9845410628019323,5.270439422886883e-06,0.015458937198067632,0.997321888502255,0.9999947295605771,0.9986565206120792,4
1.5721904307872325,758946,2042,28,4,0.9999947295605771,0.9864734299516909,5.270439422886883e-06,0.01352657004830918,0.9973166462546058,0.9999947295605771,0.998653892461403,4
1.5738937790329393,758947,2047,23,3,0.9999960471704329,0.9888888888888889,3.952829567165162e-06,0.011111111111111112,0.9973100970572698,0.9999960471704329,0.9986512660992773,4
1.575597127278646,758947,2048,22,3,0.9999960471704329,0.9893719806763285,3.952829567165162e-06,0.010628019323671498,0.9973087865229076,0.9999960471704329,0.9986506090680914,4
1.5773004755243525,758947,2050,20,3,0.9999960471704329,0.9903381642512077,3.952829567165162e-06,0.00966183574879227,0.9973061654645157,0.9999960471704329,0.9986492950083128,4
1.5790038237700592,758948,2051,19,2,0.9999973647802886,0.9908212560386473,2.6352197114434415e-06,0.009178743961352657,0.9973048584820742,0.9999973647802886,0.9986492967856159,4
1.5807071720157657,758948,2055,15,2,0.9999973647802886,0.9927536231884058,2.6352197114434415e-06,0.007246376811594203,0.9972996164272677,0.9999973647802886,0.9986466686798868,4
1.5824105202614724,758949,2059,11,1,0.9999986823901443,0.9946859903381643,1.3176098557217207e-06,0.005314009661835749,0.9972943779828859,0.9999986823901443,0.9986446993930096,4
1.5841138685071792,758949,2061,9,1,0.9999986823901443,0.9956521739130435,1.3176098557217207e-06,0.004347826086956522,0.9972917570071352,0.9999986823901443,0.9986433853522462,4
1.5858172167528857,758949,2062,8,1,0.9999986823901443,0.996135265700483,1.3176098557217207e-06,0.003864734299516908,0.9972904465244261,0.9999986823901443,0.9986427283331613,4
1.5875205649985924,758949,2063,7,1,0.9999986823901443,0.9966183574879227,1.3176098557217207e-06,0.003381642512077295,0.9972891360451609,0.9999986823901443,0.9986420713149406,4
1.5892239132442991,758950,2064,6,0,1.0,0.9971014492753624,0.0,0.002898550724637681,0.9972878291332354,1.0,0.9986420731017314,4
1.5909272614900056,758950,2065,5,0,1.0,0.9975845410628019,0.0,0.0024154589371980675,0.9972865186625757,1.0,0.9986414160852388,4
1.5926306097357124,758950,2065,5,0,1.0,0.9975845410628019,0.0,0.0024154589371980675,0.9972865186625757,1.0,0.9986414160852388,4
1.5943339579814189,758950,2066,4,0,1.0,0.9980676328502416,0.0,0.001932367149758454,0.9972852081953599,1.0,0.9986407590696108,4
1.5960373062271256,758950,2067,3,0,1.0,0.9985507246376811,0.0,0.0014492753623188406,0.9972838977315881,1.0,0.9986401020548472,4
1.5977406544728323,758950,2067,3,0,1.0,0.9985507246376811,0.0,0.0014492753623188406,0.9972838977315881,1.0,0.9986401020548472,4
1.5994440027185388,758950,2067,3,0,1.0,0.9985507246376811,0.0,0.0014492753623188406,0.9972838977315881,1.0,0.9986401020548472,4
1.6011473509642455,758950,2068,2,0,1.0,0.9990338164251208,0.0,0.000966183574879227,0.9972825872712603,1.0,0.9986394450409483,4
1.6028506992099523,758950,2068,2,0,1.0,0.9990338164251208,0.0,0.000966183574879227,0.9972825872712603,1.0,0.9986394450409483,4
1.6045540474556588,758950,2068,2,0,1.0,0.9990338164251208,0.0,0.000966183574879227,0.9972825872712603,1.0,0.9986394450409483,4
1.6062573957013655,758950,2068,2,0,1.0,0.9990338164251208,0.0,0.000966183574879227,0.9972825872712603,1.0,0.9986394450409483,4
1.6079607439470722,758950,2068,2,0,1.0,0.9990338164251208,0.0,0.000966183574879227,0.9972825872712603,1.0,0.9986394450409483,4
1.6096640921927787,758950,2068,2,0,1.0,0.9990338164251208,0.0,0.000966183574879227,0.9972825872712603,1.0,0.9986394450409483,4
1.6113674404384855,758950,2068,2,0,1.0,0.9990338164251208,0.0,0.000966183574879227,0.9972825872712603,1.0,0.9986394450409483,4
1.613070788684192,758950,2069,1,0,1.0,0.9995169082125603,0.0,0.0004830917874396135,0.9972812768143765,1.0,0.9986387880279137,4
1.6147741369298987,758950,2069,1,0,1.0,0.9995169082125603,0.0,0.0004830917874396135,0.9972812768143765,1.0,0.9986387880279137,4
1.6164774851756054,758950,2069,1,0,1.0,0.9995169082125603,0.0,0.0004830917874396135,0.9972812768143765,1.0,0.9986387880279137,4
1.618180833421312,758950,2069,1,0,1.0,0.9995169082125603,0.0,0.0004830917874396135,0.9972812768143765,1.0,0.9986387880279137,4
1.6198841816670186,758950,2069,1,0,1.0,0.9995169082125603,0.0,0.0004830917874396135,0.9972812768143765,1.0,0.9986387880279137,4
1.6215875299127254,758950,2069,1,0,1.0,0.9995169082125603,0.0,0.0004830917874396135,0.9972812768143765,1.0,0.9986387880279137,4
1.6232908781584319,758950,2069,1,0,1.0,0.9995169082125603,0.0,0.0004830917874396135,0.9972812768143765,1.0,0.9986387880279137,4
1.6249942264041386,758950,2069,1,0,1.0,0.9995169082125603,0.0,0.0004830917874396135,0.9972812768143765,1.0,0.9986387880279137,4
1.626697574649845,758950,2069,1,0,1.0,0.9995169082125603,0.0,0.0004830917874396135,0.9972812768143765,1.0,0.9986387880279137,4
1.6284009228955518,758950,2069,1,0,1.0,0.9995169082125603,0.0,0.0004830917874396135,0.9972812768143765,1.0,0.9986387880279137,4
1.6301042711412586,758950,2069,1,0,1.0,0.9995169082125603,0.0,0.0004830917874396135,0.9972812768143765,1.0,0.9986387880279137,4
1.631807619386965,758950,2069,1,0,1.0,0.9995169082125603,0.0,0.0004830917874396135,0.9972812768143765,1.0,0.9986387880279137,4
1.6335109676326718,758950,2069,1,0,1.0,0.9995169082125603,0.0,0.0004830917874396135,0.9972812768143765,1.0,0.9986387880279137,4
1.6352143158783785,758950,2069,1,0,1.0,0.9995169082125603,0.0,0.0004830917874396135,0.9972812768143765,1.0,0.9986387880279137,4
1.636917664124085,758950,2069,1,0,1.0,0.9995169082125603,0.0,0.0004830917874396135,0.9972812768143765,1.0,0.9986387880279137,4
1.6386210123697917,758950,2069,1,0,1.0,0.9995169082125603,0.0,0.0004830917874396135,0.9972812768143765,1.0,0.9986387880279137,4
1.6403243606154985,758950,2069,1,0,1.0,0.9995169082125603,0.0,0.0004830917874396135,0.9972812768143765,1.0,0.9986387880279137,4
1.642027708861205,758950,2069,1,0,1.0,0.9995169082125603,0.0,0.0004830917874396135,0.9972812768143765,1.0,0.9986387880279137,4
1.6437310571069117,758950,2069,1,0,1.0,0.9995169082125603,0.0,0.0004830917874396135,0.9972812768143765,1.0,0.9986387880279137,4
1.6454344053526182,758950,2069,1,0,1.0,0.9995169082125603,0.0,0.0004830917874396135,0.9972812768143765,1.0,0.9986387880279137,4
1.647137753598325,758950,2069,1,0,1.0,0.9995169082125603,0.0,0.0004830917874396135,0.9972812768143765,1.0,0.9986387880279137,4
1.6488411018440317,758950,2069,1,0,1.0,0.9995169082125603,0.0,0.0004830917874396135,0.9972812768143765,1.0,0.9986387880279137,4
1.6505444500897382,758950,2069,1,0,1.0,0.9995169082125603,0.0,0.0004830917874396135,0.9972812768143765,1.0,0.9986387880279137,4
1.6522477983354449,758950,2069,1,0,1.0,0.9995169082125603,0.0,0.0004830917874396135,0.9972812768143765,1.0,0.9986387880279137,4
1.6539511465811516,758950,2069,1,0,1.0,0.9995169082125603,0.0,0.0004830917874396135,0.9972812768143765,1.0,0.9986387880279137,4
1.6556544948268581,758950,2069,1,0,1.0,0.9995169082125603,0.0,0.0004830917874396135,0.9972812768143765,1.0,0.9986387880279137,4
1.6573578430725648,758950,2069,1,0,1.0,0.9995169082125603,0.0,0.0004830917874396135,0.9972812768143765,1.0,0.9986387880279137,4
1.6590611913182713,758950,2069,1,0,1.0,0.9995169082125603,0.0,0.0004830917874396135,0.9972812768143765,1.0,0.9986387880279137,4
1.660764539563978,758950,2069,1,0,1.0,0.9995169082125603,0.0,0.0004830917874396135,0.9972812768143765,1.0,0.9986387880279137,4
1.6624678878096848,758950,2069,1,0,1.0,0.9995169082125603,0.0,0.0004830917874396135,0.9972812768143765,1.0,0.9986387880279137,4
1.6641712360553913,758950,2069,1,0,1.0,0.9995169082125603,0.0,0.0004830917874396135,0.9972812768143765,1.0,0.9986387880279137,4
1.665874584301098,758950,2069,1,0,1.0,0.9995169082125603,0.0,0.0004830917874396135,0.9972812768143765,1.0,0.9986387880279137,4
1.6675779325468048,758950,2069,1,0,1.0,0.9995169082125603,0.0,0.0004830917874396135,0.9972812768143765,1.0,0.9986387880279137,4
1.6692812807925113,758950,2069,1,0,1.0,0.9995169082125603,0.0,0.0004830917874396135,0.9972812768143765,1.0,0.9986387880279137,4
1.670984629038218,758950,2069,1,0,1.0,0.9995169082125603,0.0,0.0004830917874396135,0.9972812768143765,1.0,0.9986387880279137,4
1.6726879772839247,758950,2069,1,0,1.0,0.9995169082125603,0.0,0.0004830917874396135,0.9972812768143765,1.0,0.9986387880279137,4
1.6743913255296312,758950,2069,1,0,1.0,0.9995169082125603,0.0,0.0004830917874396135,0.9972812768143765,1.0,0.9986387880279137,4
1.676094673775338,758950,2069,1,0,1.0,0.9995169082125603,0.0,0.0004830917874396135,0.9972812768143765,1.0,0.9986387880279137,4
1.6777980220210444,758950,2069,1,0,1.0,0.9995169082125603,0.0,0.0004830917874396135,0.9972812768143765,1.0,0.9986387880279137,4
1.6795013702667512,758950,2069,1,0,1.0,0.9995169082125603,0.0,0.0004830917874396135,0.9972812768143765,1.0,0.9986387880279137,4
1.681204718512458,758950,2069,1,0,1.0,0.9995169082125603,0.0,0.0004830917874396135,0.9972812768143765,1.0,0.9986387880279137,4
1.6829080667581644,758950,2069,1,0,1.0,0.9995169082125603,0.0,0.0004830917874396135,0.9972812768143765,1.0,0.9986387880279137,4
1.6846114150038711,758950,2069,1,0,1.0,0.9995169082125603,0.0,0.0004830917874396135,0.9972812768143765,1.0,0.9986387880279137,4
1.6863147632495779,758950,2069,1,0,1.0,0.9995169082125603,0.0,0.0004830917874396135,0.9972812768143765,1.0,0.9986387880279137,4
1.6880181114952844,758950,2069,1,0,1.0,0.9995169082125603,0.0,0.0004830917874396135,0.9972812768143765,1.0,0.9986387880279137,4
1.689721459740991,758950,2069,1,0,1.0,0.9995169082125603,0.0,0.0004830917874396135,0.9972812768143765,1.0,0.9986387880279137,4
1.6914248079866976,758950,2069,1,0,1.0,0.9995169082125603,0.0,0.0004830917874396135,0.9972812768143765,1.0,0.9986387880279137,4
1.6931281562324043,758950,2069,1,0,1.0,0.9995169082125603,0.0,0.0004830917874396135,0.9972812768143765,1.0,0.9986387880279137,4
1.694831504478111,758950,2069,1,0,1.0,0.9995169082125603,0.0,0.0004830917874396135,0.9972812768143765,1.0,0.9986387880279137,4
1.6965348527238175,758950,2069,1,0,1.0,0.9995169082125603,0.0,0.0004830917874396135,0.9972812768143765,1.0,0.9986387880279137,4
1.6982382009695243,758950,2069,1,0,1.0,0.9995169082125603,0.0,0.0004830917874396135,0.9972812768143765,1.0,0.9986387880279137,4
1.699941549215231,758950,2069,1,0,1.0,0.9995169082125603,0.0,0.0004830917874396135,0.9972812768143765,1.0,0.9986387880279137,4
1.7016448974609375,758950,2069,1,0,1.0,0.9995169082125603,0.0,0.0004830917874396135,0.9972812768143765,1.0,0.9986387880279137,4
0.0,0,0,2070,724990,0.0,0.0,1.0,1.0,,0.0,,8
0.0016178872372891691,0,0,2070,724990,0.0,0.0,1.0,1.0,,0.0,,8
0.0032357744745783383,0,0,2070,724990,0.0,0.0,1.0,1.0,,0.0,,8
0.004853661711867507,0,0,2070,724990,0.0,0.0,1.0,1.0,,0.0,,8
0.006471548949156677,0,0,2070,724990,0.0,0.0,1.0,1.0,,0.0,,8
0.008089436186445845,0,0,2070,724990,0.0,0.0,1.0,1.0,,0.0,,8
0.009707323423735014,0,0,2070,724990,0.0,0.0,1.0,1.0,,0.0,,8
0.011325210661024184,0,0,2070,724990,0.0,0.0,1.0,1.0,,0.0,,8
0.012943097898313353,0,0,2070,724990,0.0,0.0,1.0,1.0,,0.0,,8
0.014560985135602523,0,0,2070,724990,0.0,0.0,1.0,1.0,,0.0,,8
0.01617887237289169,0,0,2070,724990,0.0,0.0,1.0,1.0,,0.0,,8
0.01779675961018086,0,0,2070,724990,0.0,0.0,1.0,1.0,,0.0,,8
0.01941464684747003,0,0,2070,724990,0.0,0.0,1.0,1.0,,0.0,,8
0.021032534084759198,1,0,2070,724989,1.3793293700602767e-06,0.0,0.99999862067063,1.0,1.0,1.3793293700602767e-06,2.7586549350267794e-06,8
0.022650421322048368,1,0,2070,724989,1.3793293700602767e-06,0.0,0.99999862067063,1.0,1.0,1.3793293700602767e-06,2.7586549350267794e-06,8
0.024268308559337537,4,0,2070,724986,5.517317480241107e-06,0.0,0.9999944826825198,1.0,1.0,5.517317480241107e-06,1.1034574079233759e-05,8
0.025886195796626706,8,0,2070,724982,1.1034634960482213e-05,0.0,0.9999889653650396,1.0,1.0,1.1034634960482213e-05,2.20690263973142e-05,8
0.027504083033915876,15,0,2070,724975,2.068994055090415e-05,0.0,0.9999793100594491,1.0,1.0,2.068994055090415e-05,4.137902497224157e-05,8
0.029121970271205045,17,0,2070,724973,2.3448599291024703e-05,0.0,0.999976551400709,1.0,1.0,2.3448599291024703e-05,4.689609893421719e-05,8
0.030739857508494214,20,0,2070,724970,2.7586587401205533e-05,0.0,0.9999724134125988,1.0,1.0,2.7586587401205533e-05,5.51716528047889e-05,8
0.03235774474578338,22,0,2070,724968,3.0345246141326087e-05,0.0,0.9999696547538587,1.0,1.0,3.0345246141326087e-05,6.068865067060958e-05,8
0.03397563198307255,23,0,2070,724967,3.1724575511386367e-05,0.0,0.9999682754244886,1.0,1.0,3.1724575511386367e-05,6.344713818924626e-05,8
0.03559351922036172,27,0,2070,724963,3.724189299162747e-05,0.0,0.9999627581070084,1.0,1.0,3.724189299162747e-05,7.448101216936982e-05,8
0.03721140645765089,28,0,2070,724962,3.8621222361687746e-05,0.0,0.9999613787776384,1.0,1.0,3.8621222361687746e-05,7.723946164095235e-05,8
0.03882929369494006,33,0,2070,724957,4.551786921198913e-05,0.0,0.999954482130788,1.0,1.0,4.551786921198913e-05,9.103159485974927e-05,8
0.04044718093222923,35,0,2070,724955,4.8276527952109686e-05,0.0,0.9999517234720479,1.0,1.0,4.8276527952109686e-05,9.654839488293508e-05,8
0.042065068169518396,35,0,2070,724955,4.8276527952109686e-05,0.0,0.9999517234720479,1.0,1.0,4.8276527952109686e-05,9.654839488293508e-05,8
0.04368295540680757,39,0,2070,724951,5.379384543235079e-05,0.0,0.9999462061545676,1.0,1.0,5.379384543235079e-05,0.0001075819036204069,8
0.045300842644096735,47,0,2070,724943,6.4828480392833e-05,0.0,0.9999351715196072,1.0,1.0,6.4828480392833e-05,0.00012964855586680403,8
0.04691872988138591,49,0,2070,724941,6.758713913295356e-05,0.0,0.9999324128608671,1.0,1.0,6.758713913295356e-05,0.00013516514284059203,8
0.048536617118675074,55,0,2070,724935,7.586311535331521e-05,0.0,0.9999241368846467,1.0,1.0,7.586311535331521e-05,0.00015171472115523864,8
0.05015450435596425,60,0,2070,724930,8.27597622036166e-05,0.0,0.9999172402377964,1.0,1.0,8.27597622036166e-05,0.00016550582718433213,8
0.05177239159325341,62,0,2070,724928,8.551842094373716e-05,0.0,0.9999144815790563,1.0,1.0,8.551842094373716e-05,0.00017102221633758682,8
0.05339027883054258,65,0,2070,724925,8.965640905391799e-05,0.0,0.9999103435909461,1.0,1.0,8.965640905391799e-05,0.000179296743005703,8
0.05500816606783175,68,0,2070,724922,9.379439716409881e-05,0.0,0.9999062056028359,1.0,1.0,9.379439716409881e-05,0.00018757120120045567,8
0.05662605330512092,73,0,2070,724917,0.0001006910440144002,0.0,0.9998993089559856,1.0,1.0,0.0001006910440144002,0.00020136181269765524,8
0.05824394054241009,80,0,2070,724910,0.00011034634960482213,0.0,0.9998896536503952,1.0,1.0,0.00011034634960482213,0.0002206683492628298,8
0.059861827779699256,83,0,2070,724907,0.00011448433771500296,0.0,0.999885515662285,1.0,1.0,0.00011448433771500296,0.00022894246510351372,8
0.06147971501698843,91,0,2070,724899,0.00012551897267548519,0.0,0.9998744810273246,1.0,1.0,0.00012551897267548519,0.00025100643928057694,8
0.0630976022542776,94,0,2070,724896,0.000129656960785666,0.0,0.9998703430392143,1.0,1.0,0.000129656960785666,0.00025928030407511407,8
0.06471548949156676,96,0,2070,724894,0.00013241561952578656,0.0,0.9998675843804742,1.0,1.0,0.00013241561952578656,0.000264796175901893,8
0.06633337672885593,103,0,2070,724887,0.0001420709251162085,0.0,0.9998579290748838,1.0,1.0,0.0001420709251162085,0.0002841014876712366,8
0.0679512639661451,109,0,2070,724881,0.00015034690133657017,0.0,0.9998496530986635,1.0,1.0,0.00015034690133657017,0.00030064860108757564,8
0.06956915120343428,116,0,2070,724874,0.0001600022069269921,0.0,0.999839997793073,1.0,1.0,0.0001600022069269921,0.0003199532206325696,8
0.07118703844072344,122,0,2070,724868,0.00016827818314735376,0.0,0.9998317218168526,1.0,1.0,0.00016827818314735376,0.00033649974072970796,8
0.07280492567801261,129,0,2070,724861,0.0001779334887377757,0.0,0.9998220665112623,1.0,1.0,0.0001779334887377757,0.0003558036680875829,8
0.07442281291530178,132,0,2070,724858,0.00018207147684795653,0.0,0.999817928523152,1.0,1.0,0.00018207147684795653,0.0003640766657196996,8
0.07604070015259096,136,0,2070,724854,0.00018758879432819763,0.0,0.9998124112056718,1.0,1.0,0.00018758879432819763,0.0003751072227447368,8
0.07765858738988012,143,0,2070,724847,0.00019724409991861956,0.0,0.9998027559000814,1.0,1.0,0.00019724409991861956,0.00039441040471196315,8
0.07927647462716929,147,0,2070,724843,0.00020276141739886068,0.0,0.9997972385826012,1.0,1.0,0.00020276141739886068,0.0004054406270815032,8
0.08089436186445846,151,0,2070,724839,0.00020827873487910177,0.0,0.999791721265121,1.0,1.0,0.00020827873487910177,0.00041647072776191107,8
0.08251224910174762,155,0,2070,724835,0.0002137960523593429,0.0,0.9997862039476406,1.0,1.0,0.0002137960523593429,0.0004275007067552007,8
0.08413013633903679,161,0,2070,724829,0.00022207202857970455,0.0,0.9997779279714203,1.0,1.0,0.00022207202857970455,0.00044404544708619305,8
0.08574802357632597,168,0,2070,724822,0.00023172733417012648,0.0,0.9997682726658299,1.0,1.0,0.00023172733417012648,0.0004633472981060679,8
0.08736591081361514,176,0,2070,724814,0.0002427619691306087,0.0,0.9997572380308694,1.0,1.0,0.0002427619691306087,0.00048540610012052414,8
0.0889837980509043,182,0,2070,724808,0.00025103794535097037,0.0,0.999748962054649,1.0,1.0,0.00025103794535097037,0.0005019498822348354,8
0.09060168528819347,188,0,2070,724802,0.000259313921571332,0.0,0.9997406860784287,1.0,1.0,0.000259313921571332,0.0005184933905882417,8
0.09221957252548264,196,0,2070,724794,0.00027034855653181424,0.0,0.9997296514434681,1.0,1.0,0.00027034855653181424,0.0005405509758875654,8
0.09383745976277182,206,0,2070,724784,0.000284141850232417,0.0,0.9997158581497676,1.0,1.0,0.000284141850232417,0.0005681222731509826,8
0.09545534700006097,216,0,2070,724774,0.0002979351439330198,0.0,0.9997020648560669,1.0,1.0,0.0002979351439330198,0.0005956928100429396,8
0.09707323423735015,224,0,2070,724766,0.00030896977889350197,0.0,0.9996910302211065,1.0,1.0,0.00030896977889350197,0.0006177486921101909,8
0.09869112147463932,228,0,2070,724762,0.0003144870963737431,0.0,0.9996855129036263,1.0,1.0,0.0003144870963737431,0.0006287764506672476,8
0.1003090087119285,239,0,2070,724751,0.0003296597194444061,0.0,0.9996703402805556,1.0,1.0,0.0003296597194444061,0.0006591021594558408,8
0.10192689594921765,242,0,2070,724748,0.00033379770755458696,0.0,0.9996662022924454,1.0,1.0,0.00033379770755458696,0.0006673726476493039,8
0.10354478318650683,245,0,2070,724745,0.0003379356956647678,0.0,0.9996620643043352,1.0,1.0,0.0003379356956647678,0.0006756430674195261,8
0.105162670423796,252,0,2070,724738,0.0003475910012551897,0.0,0.9996524089987449,1.0,1.0,0.0003475910012551897,0.0006949404474644326,8
0.10678055766108516,263,0,2070,724727,0.0003627636243258528,0.0,0.9996372363756741,1.0,1.0,0.0003627636243258528,0.0007252641492003481,8
0.10839844489837433,268,0,2070,724722,0.00036966027117615413,0.0,0.9996303397288239,1.0,1.0,0.00036966027117615413,0.0007390473459100071,8
0.1100163321356635,272,0,2070,724718,0.00037517758865639525,0.0,0.9996248224113436,1.0,1.0,0.00037517758865639525,0.000750073766445781,8
0.11163421937295268,279,0,2070,724711,0.0003848328942468172,0.0,0.9996151671057532,1.0,1.0,0.0003848328942468172,0.0007693697097214964,8
0.11325210661024183,285,0,2070,724705,0.00039310887046717884,0.0,0.9996068911295328,1.0,1.0,0.00039310887046717884,0.0007859087932163662,8
0.11486999384753101,289,0,2070,724701,0.00039862618794741996,0.0,0.9996013738120526,1.0,1.0,0.00039862618794741996,0.0007969346968545898,8
0.11648788108482018,294,0,2070,724696,0.00040552283479772136,0.0,0.9995944771652023,1.0,1.0,0.00040552283479772136,0.0008107169053777556,8
0.11810576832210935,298,0,2070,724692,0.0004110401522779625,0.0,0.999588959847722,1.0,1.0,0.0004110401522779625,0.0008217425353790496,8
0.11972365555939851,302,0,2070,724688,0.00041655746975820354,0.0,0.9995834425302418,1.0,1.0,0.00041655746975820354,0.0008327680437672,8
0.12134154279668768,306,0,2070,724684,0.00042207478723844466,0.0,0.9995779252127616,1.0,1.0,0.00042207478723844466,0.0008437934305442191,8
0.12295943003397686,309,0,2070,724681,0.0004262127753486255,0.0,0.9995737872246514,1.0,1.0,0.0004262127753486255,0.000852062390820889,8
0.12457731727126603,315,0,2070,724675,0.0004344887515689872,0.0,0.999565511248431,1.0,1.0,0.0004344887515689872,0.0008686001061622352,8
0.1261952045085552,322,0,2070,724668,0.0004441440571594091,0.0,0.9995558559428406,1.0,1.0,0.0004441440571594091,0.000887893761581223,8
0.12781309174584438,325,0,2070,724665,0.00044828204526958993,0.0,0.9995517179547304,1.0,1.0,0.00044828204526958993,0.0008961623570448702,8
0.12943097898313352,328,0,2070,724662,0.00045242003337977077,0.0,0.9995475799666202,1.0,1.0,0.00045242003337977077,0.0009044308841087634,8
0.1310488662204227,334,0,2070,724656,0.0004606960096001324,0.0,0.9995393039903999,1.0,1.0,0.0004606960096001324,0.0009209677330406825,8
0.13266675345771187,337,0,2070,724653,0.00046483399771031324,0.0,0.9995351660022896,1.0,1.0,0.00046483399771031324,0.0009292360549104059,8
0.13428464069500104,340,0,2070,724650,0.0004689719858204941,0.0,0.9995310280141795,1.0,1.0,0.0004689719858204941,0.0009375043083837703,8
0.1359025279322902,344,0,2070,724646,0.0004744893033007352,0.0,0.9995255106966993,1.0,1.0,0.0004744893033007352,0.0009485285399553862,8
0.13752041516957939,350,0,2070,724640,0.0004827652795210968,0.0,0.9995172347204789,1.0,1.0,0.0004827652795210968,0.0009650646593321752,8
0.13913830240686856,354,0,2070,724636,0.0004882825970013379,0.0,0.9995117174029987,1.0,1.0,0.0004882825970013379,0.0009760885869325451,8
0.1407561896441577,359,0,2070,724631,0.0004951792438516393,0.0,0.9995048207561483,1.0,1.0,0.0004951792438516393,0.0009898683254543673,8
0.14237407688144688,364,0,2070,724626,0.0005020758907019407,0.0,0.999497924109298,1.0,1.0,0.0005020758907019407,0.00100364787400359,8
0.14399196411873605,375,0,2070,724615,0.0005172485137726038,0.0,0.9994827514862274,1.0,1.0,0.0005172485137726038,0.0010339622121276874,8
0.14560985135602522,388,0,2070,724602,0.0005351797955833874,0.0,0.9994648202044166,1.0,1.0,0.0005351797955833874,0.0010697870627452168,8
0.1472277385933144,394,0,2070,724596,0.000543455771803749,0.0,0.9994565442281963,1.0,1.0,0.000543455771803749,0.001086321176094317,8
0.14884562583060357,407,0,2070,724583,0.0005613870536145326,0.0,0.9994386129463855,1.0,1.0,0.0005613870536145326,0.0011221441500309487,8
0.15046351306789274,418,0,2070,724572,0.0005765596766851957,0.0,0.9994234403233148,1.0,1.0,0.0005765596766851957,0.0011524548943491113,8
0.1520814003051819,428,0,2070,724562,0.0005903529703857985,0.0,0.9994096470296142,1.0,1.0,0.0005903529703857985,0.0011800093187651808,8
0.15369928754247106,446,0,2070,724544,0.0006151808990468834,0.0,0.9993848191009531,1.0,1.0,0.0006151808990468834,0.0012296053683577876,8
0.15531717477976023,470,0,2070,724520,0.00064828480392833,0.0,0.9993517151960717,1.0,1.0,0.00064828480392833,0.0012957296060430621,8
0.1569350620170494,483,0,2070,724507,0.0006662160857391137,0.0,0.9993337839142609,1.0,1.0,0.0006662160857391137,0.0013315450747305552,8
0.15855294925433858,503,0,2070,724487,0.0006938026731403192,0.0,0.9993061973268597,1.0,1.0,0.0006938026731403192,0.0013866432894597193,8
0.16017083649162775,525,0,2070,724465,0.0007241479192816452,0.0,0.9992758520807183,1.0,1.0,0.0007241479192816452,0.0014472478170678758,8
0.16178872372891692,547,0,2070,724443,0.0007544931654229714,0.0,0.999245506834577,1.0,1.0,0.0007544931654229714,0.0015078486693304411,8
0.1634066109662061,561,0,2070,724429,0.0007738037766038152,0.0,0.9992261962233961,1.0,1.0,0.0007738037766038152,0.001546410934586266,8
0.16502449820349524,579,0,2070,724411,0.0007986317052649003,0.0,0.999201368294735,1.0,1.0,0.0007986317052649003,0.001595988803270261,8
0.1666423854407844,601,0,2070,724389,0.0008289769514062263,0.0,0.9991710230485937,1.0,1.0,0.0008289769514062263,0.001656580635647355,8
0.16826027267807359,624,0,2070,724366,0.0008607015269176127,0.0,0.9991392984730824,1.0,1.0,0.0008607015269176127,0.0017199227137293385,8
0.16987815991536276,645,0,2070,724345,0.0008896674436888785,0.0,0.9991103325563111,1.0,1.0,0.0008896674436888785,0.0017777532781632639,8
0.17149604715265193,662,0,2070,724328,0.0009131160429799032,0.0,0.99908688395702,1.0,1.0,0.0009131160429799032,0.001824566045432246,8
0.1731139343899411,688,0,2070,724302,0.0009489786066014704,0.0,0.9990510213933985,1.0,1.0,0.0009489786066014704,0.0018961578000159852,8
0.17473182162723028,718,0,2070,724272,0.0009903584877032786,0.0,0.9990096415122968,1.0,1.0,0.0009903584877032786,0.001978757296323039,8
0.17634970886451945,745,0,2070,724245,0.0010276003806949062,0.0,0.9989723996193051,1.0,1.0,0.0010276003806949062,0.0020530910042922007,8
0.1779675961018086,770,0,2070,724220,0.0010620836149464131,0.0,0.9989379163850536,1.0,1.0,0.0010620836149464131,0.002121913580246914,8
0.17958548333909777,800,0,2070,724190,0.0011034634960482214,0.0,0.9988965365039518,1.0,1.0,0.0011034634960482214,0.002204494412984472,8
0.18120337057638694,828,0,2070,724162,0.001142084718409909,0.0,0.9988579152815901,1.0,1.0,0.001142084718409909,0.0022815636977864978,8
0.1828212578136761,858,0,2070,724132,0.0011834645995117174,0.0,0.9988165354004883,1.0,1.0,0.0011834645995117174,0.0023641313332818993,8
0.1844391450509653,885,0,2070,724105,0.001220706492503345,0.0,0.9987792935074966,1.0,1.0,0.001220706492503345,0.0024384363698983984,8
0.18605703228825446,918,0,2070,724072,0.001266224361715334,0.0,0.9987337756382847,1.0,1.0,0.001266224361715334,0.002529246130363627,8
0.18767491952554363,947,0,2070,724043,0.001306224913447082,0.0,0.9986937750865529,1.0,1.0,0.001306224913447082,0.002609041831453694,8
0.18929280676283278,982,0,2070,724008,0.0013545014413991916,0.0,0.9986454985586009,1.0,1.0,0.0013545014413991916,0.0027053384979035004,8
0.19091069400012195,1022,0,2070,723968,0.0014096746162016028,0.0,0.9985903253837984,1.0,1.0,0.0014096746162016028,0.002815380462030931,8
0.19252858123741112,1058,0,2070,723932,0.0014593304735237727,0.0,0.9985406695264762,1.0,1.0,0.0014593304735237727,0.0029144078628410243,8
0.1941464684747003,1082,0,2070,723908,0.0014924343784052194,0.0,0.9985075656215948,1.0,1.0,0.0014924343784052194,0.0029804206745336547,8
0.19576435571198947,1114,0,2070,723876,0.0015365729182471482,0.0,0.9984634270817528,1.0,1.0,0.0015365729182471482,0.0030684309685664866,8
0.19738224294927864,1140,0,2070,723850,0.0015724354818687154,0.0,0.9984275645181313,1.0,1.0,0.0015724354818687154,0.003139933620701527,8
0.19900013018656781,1179,0,2070,723811,0.0016262293273010663,0.0,0.998373770672699,1.0,1.0,0.0016262293273010663,0.003247177998509989,8
0.200618017423857,1222,0,2070,723768,0.0016855404902136582,0.0,0.9983144595097864,1.0,1.0,0.0016855404902136582,0.0033654084482217317,8
0.20223590466114613,1261,0,2070,723729,0.001739334335646009,0.0,0.998260665664354,1.0,1.0,0.001739334335646009,0.003472628609117234,8
0.2038537918984353,1295,0,2070,723695,0.0017862315342280584,0.0,0.9982137684657719,1.0,1.0,0.0017862315342280584,0.003566093200327695,8
0.20547167913572448,1329,0,2070,723661,0.0018331287328101078,0.0,0.9981668712671898,1.0,1.0,0.0018331287328101078,0.003659549041123804,8
0.20708956637301365,1361,0,2070,723629,0.0018772672726520365,0.0,0.998122732727348,1.0,1.0,0.0018772672726520365,0.003747499487162542,8
0.20870745361030282,1390,0,2070,723600,0.0019172678243837846,0.0,0.9980827321756162,1.0,1.0,0.0019172678243837846,0.003827197885404334,8
0.210325340847592,1441,0,2070,723549,0.0019876136222568585,0.0,0.9980123863777431,1.0,1.0,0.0019876136222568585,0.00396734170210247,8
0.21194322808488117,1478,0,2070,723512,0.002038648808949089,0.0,0.9979613511910509,1.0,1.0,0.002038648808949089,0.004069002351101494,8
0.21356111532217031,1525,0,2070,723465,0.002103477289341922,0.0,0.9978965227106581,1.0,1.0,0.002103477289341922,0.004198123920359524,8
0.2151790025594595,1559,0,2070,723431,0.0021503744879239712,0.0,0.997849625512076,1.0,1.0,0.0021503744879239712,0.004291520599436514,8
0.21679688979674866,1606,0,2070,723384,0.0022152029683168042,0.0,0.9977847970316832,1.0,1.0,0.0022152029683168042,0.004420613380750788,8
0.21841477703403783,1644,0,2070,723346,0.002267617484379095,0.0,0.9977323825156209,1.0,1.0,0.002267617484379095,0.004524974058466848,8
0.220032664271327,1702,0,2070,723288,0.002347618587842591,0.0,0.9976523814121574,1.0,1.0,0.002347618587842591,0.004684240365932197,8
0.22165055150861618,1756,0,2070,723234,0.002422102373825846,0.0,0.9975778976261741,1.0,1.0,0.002422102373825846,0.004832499938080155,8
0.22326843874590535,1820,0,2070,723170,0.0025103794535097034,0.0,0.9974896205464903,1.0,1.0,0.0025103794535097034,0.005008186458634305,8
0.22488632598319452,1885,0,2070,723105,0.0026000358625636218,0.0,0.9973999641374364,1.0,1.0,0.0026000358625636218,0.005186586414445401,8
0.22650421322048367,1947,0,2070,723043,0.002685554283507359,0.0,0.9973144457164926,1.0,1.0,0.002685554283507359,0.005356722797161239,8
0.22812210045777284,2018,0,2070,722972,0.0027834866687816385,0.0,0.9972165133312184,1.0,1.0,0.0027834866687816385,0.0055515207535542935,8
0.22973998769506201,2070,0,2070,722920,0.002855211796024773,0.0,0.9971447882039752,1.0,1.0,0.002855211796024773,0.005694165543421451,8
0.2313578749323512,2140,0,2070,722850,0.002951764851928992,0.0,0.9970482351480711,1.0,1.0,0.002951764851928992,0.005886155157949748,8
0.23297576216964036,2206,0,2070,722784,0.0030428005903529705,0.0,0.996957199409647,1.0,1.0,0.0030428005903529705,0.006067140083278787,8
0.23459364940692953,2264,0,2070,722726,0.0031228016938164662,0.0,0.9968771983061835,1.0,1.0,0.0031228016938164662,0.006226160323628333,8
0.2362115366442187,2323,0,2070,722667,0.003204182126650023,0.0,0.99679581787335,1.0,1.0,0.003204182126650023,0.006387896270244036,8
0.23782942388150785,2380,0,2070,722610,0.0032828039007434585,0.0,0.9967171960992566,1.0,1.0,0.0032828039007434585,0.006544124723318255,8
0.23944731111879702,2437,0,2070,722553,0.003361425674836894,0.0,0.9966385743251631,1.0,1.0,0.003361425674836894,0.006700328692776045,8
0.2410651983560862,2503,0,2070,722487,0.0034524614132608726,0.0,0.9965475385867392,1.0,1.0,0.0034524614132608726,0.0068811658668880655,8
0.24268308559337537,2591,0,2070,722399,0.0035738423978261768,0.0,0.9964261576021738,1.0,1.0,0.0035738423978261768,0.007122231064307616,8
0.24430097283066454,2675,0,2070,722315,0.00368970606491124,0.0,0.9963102939350887,1.0,1.0,0.00368970606491124,0.00735228436162245,8
0.24591886006795372,2741,0,2070,722249,0.0037807418033352184,0.0,0.9962192581966648,1.0,1.0,0.0037807418033352184,0.007533003266316811,8
0.2475367473052429,2815,0,2070,722175,0.003882812176719679,0.0,0.9961171878232803,1.0,1.0,0.003882812176719679,0.00773558851615474,8
0.24915463454253206,2894,0,2070,722096,0.003991779196954441,0.0,0.9960082208030455,1.0,1.0,0.003991779196954441,0.007951816498233235,8
0.25077252177982123,3000,0,2070,721990,0.00413798811018083,0.0,0.9958620118898192,1.0,1.0,0.00413798811018083,0.008241871454278219,8
0.2523904090171104,3072,0,2070,721918,0.00423729982482517,0.0,0.9957627001751749,1.0,1.0,0.00423729982482517,0.008438841746994073,8
0.2540082962543996,3147,0,2070,721843,0.0043407495275796905,0.0,0.9956592504724203,1.0,1.0,0.0043407495275796905,0.00864397771298533,8
0.25562618349168875,3226,0,2070,721764,0.004449716547814453,0.0,0.9955502834521855,1.0,1.0,0.004449716547814453,0.008860008568886154,8
0.25724407072897787,3300,0,2070,721690,0.004551786921198913,0.0,0.995448213078801,1.0,1.0,0.004551786921198913,0.009062324074201211,8
0.25886195796626704,3381,0,2070,721609,0.004663512600173795,0.0,0.9953364873998262,1.0,1.0,0.004663512600173795,0.009283730406619704,8
0.2604798452035562,3472,0,2070,721518,0.004789031572849281,0.0,0.9952109684271507,1.0,1.0,0.004789031572849281,0.00953241212307574,8
0.2620977324408454,3567,0,2070,721423,0.004920067863005007,0.0,0.995079932136995,1.0,1.0,0.004920067863005007,0.009791958625062967,8
0.26371561967813456,3678,0,2070,721312,0.0050731734230816975,0.0,0.9949268265769183,1.0,1.0,0.0050731734230816975,0.010095132488321154,8
0.26533350691542373,3789,0,2070,721201,0.005226278983158388,0.0,0.9947737210168416,1.0,1.0,0.005226278983158388,0.010398213999031257,8
0.2669513941527129,3899,0,2070,721091,0.0053780052138650185,0.0,0.994621994786135,1.0,1.0,0.0053780052138650185,0.01069847397889116,8
0.2685692813900021,3998,0,2070,720992,0.005514558821500986,0.0,0.994485441178499,1.0,1.0,0.005514558821500986,0.010968630485001124,8
0.27018716862729125,4098,0,2070,720892,0.005652491758507014,0.0,0.994347508241493,1.0,1.0,0.005652491758507014,0.011241441362359552,8
0.2718050558645804,4214,0,2070,720776,0.005812493965434006,0.0,0.994187506034566,1.0,1.0,0.005812493965434006,0.011557808240218102,8
0.2734229431018696,4342,0,2070,720648,0.005989048124801721,0.0,0.9940109518751983,1.0,1.0,0.005989048124801721,0.011906785935623283,8
0.27504083033915877,4493,0,2070,720497,0.0061973268596808235,0.0,0.9938026731403192,1.0,1.0,0.0061973268596808235,0.012318313106679663,8
0.27665871757644794,4618,0,2070,720372,0.0063697430309383575,0.0,0.9936302569690616,1.0,1.0,0.0063697430309383575,0.012658852424863762,8
0.2782766048137371,4759,0,2070,720231,0.006564228472116857,0.0,0.9934357715278831,1.0,1.0,0.006564228472116857,0.013042840757575551,8
0.2798944920510263,4902,0,2070,720088,0.006761472572035476,0.0,0.9932385274279645,1.0,1.0,0.006761472572035476,0.013432124204676855,8
0.2815123792883154,5071,0,2070,719919,0.006994579235575663,0.0,0.9930054207644243,1.0,1.0,0.006994579235575663,0.013891989847423708,8
0.2831302665256046,5245,0,2070,719745,0.0072345825459661514,0.0,0.9927654174540338,1.0,1.0,0.0072345825459661514,0.014365238587577973,8
0.28474815376289375,5398,0,2070,719592,0.007445619939585374,0.0,0.9925543800604146,1.0,1.0,0.007445619939585374,0.014781184794930914,8
0.2863660410001829,5549,0,2070,719441,0.007653898674464476,0.0,0.9923461013255356,1.0,1.0,0.007653898674464476,0.015191522971395094,8
0.2879839282374721,5702,0,2070,719288,0.007864936068083698,0.0,0.9921350639319163,1.0,1.0,0.007864936068083698,0.015607123110695066,8
0.28960181547476127,5886,0,2070,719104,0.008118732672174788,0.0,0.9918812673278252,1.0,1.0,0.008118732672174788,0.016106699358030635,8
0.29121970271205044,6083,0,2070,718907,0.008390460558076664,0.0,0.9916095394419233,1.0,1.0,0.008390460558076664,0.016641293003571464,8
0.2928375899493396,6256,0,2070,718734,0.00862908453909709,0.0,0.991370915460903,1.0,1.0,0.00862908453909709,0.017110520946439365,8
0.2944554771866288,6420,0,2070,718570,0.008855294555786977,0.0,0.9911447054442131,1.0,1.0,0.008855294555786977,0.017555133235804817,8
0.29607336442391796,6585,0,2070,718405,0.009082883901846922,0.0,0.990917116098153,1.0,1.0,0.009082883901846922,0.01800225540785292,8
0.29769125166120713,6755,0,2070,718235,0.009317369894757168,0.0,0.9906826301052428,1.0,1.0,0.009317369894757168,0.01846271583680107,8
0.2993091388984963,6940,0,2070,718050,0.00957254582821832,0.0,0.9904274541717817,1.0,1.0,0.00957254582821832,0.018963562089270834,8
0.3009270261357855,7141,0,2070,717849,0.009849791031600436,0.0,0.9901502089683996,1.0,1.0,0.009849791031600436,0.01950743787655488,8
0.30254491337307465,7321,0,2070,717669,0.010098070318211286,0.0,0.9899019296817887,1.0,1.0,0.010098070318211286,0.01999423742098644,8
0.3041628006103638,7508,0,2070,717482,0.010356004910412558,0.0,0.9896439950895874,1.0,1.0,0.010356004910412558,0.020499714674988876,8
0.30578068784765294,7705,0,2070,717285,0.010627732796314432,0.0,0.9893722672036855,1.0,1.0,0.010627732796314432,0.021031943714642516,8
0.3073985750849421,7924,0,2070,717066,0.010929805928357633,0.0,0.9890701940716423,1.0,1.0,0.010929805928357633,0.02162327367194514,8
0.3090164623222313,8148,0,2070,716842,0.011238775707251134,0.0,0.9887612242927488,1.0,1.0,0.011238775707251134,0.022227738843164587,8
0.31063434955952046,8369,0,2070,716621,0.011543607498034455,0.0,0.9884563925019656,1.0,1.0,0.011543607498034455,0.022823746623413636,8
0.31225223679680963,8604,0,2070,716386,0.011867749899998621,0.0,0.9881322501000014,1.0,1.0,0.011867749899998621,0.023457116606733427,8
0.3138701240340988,8807,0,2070,716183,0.012147753762120857,0.0,0.9878522462378792,1.0,1.0,0.012147753762120857,0.024003913888991098,8
0.315488011271388,9058,0,2070,715932,0.012493965434005987,0.0,0.9875060345659941,1.0,1.0,0.012493965434005987,0.02467958498626793,8
0.31710589850867715,9277,0,2070,715713,0.012796038566049188,0.0,0.9872039614339508,1.0,1.0,0.012796038566049188,0.025268737393890777,8
0.3187237857459663,9518,0,2070,715472,0.013128456944233714,0.0,0.9868715430557663,1.0,1.0,0.013128456944233714,0.025916668028122224,8
0.3203416729832555,9784,0,2070,715206,0.013495358556669747,0.0,0.9865046414433303,1.0,1.0,0.013495358556669747,0.026631317929050293,8
0.32195956022054467,10031,0,2070,714959,0.013836052911074636,0.0,0.9861639470889254,1.0,1.0,0.013836052911074636,0.027294458253573708,8
0.32357744745783384,10285,0,2070,714705,0.014186402571069946,0.0,0.98581359742893,1.0,1.0,0.014186402571069946,0.02797592737411173,8
0.325195334695123,10542,0,2070,714448,0.014540890219175437,0.0,0.9854591097808245,1.0,1.0,0.014540890219175437,0.028664966310099356,8
0.3268132219324122,10811,0,2070,714179,0.01491192981972165,0.0,0.9850880701802783,1.0,1.0,0.01491192981972165,0.029385662699561433,8
0.32843110916970136,11083,0,2070,713907,0.015287107408378046,0.0,0.984712892591622,1.0,1.0,0.015287107408378046,0.03011386098933122,8
0.3300489964069905,11389,0,2070,713601,0.01570918219561649,0.0,0.9842908178043835,1.0,1.0,0.01570918219561649,0.03093244103919313,8
0.33166688364427965,11654,0,2070,713336,0.016074704478682464,0.0,0.9839252955213176,1.0,1.0,0.016074704478682464,0.031640792567373115,8
0.3332847708815688,11961,0,2070,713029,0.016498158595290968,0.0,0.983501841404709,1.0,1.0,0.016498158595290968,0.032460774189871505,8
0.334902658118858,12261,0,2070,712729,0.016911957406309054,0.0,0.983088042593691,1.0,1.0,0.016911957406309054,0.033261399441981095,8
0.33652054535614717,12604,0,2070,712386,0.01738506738023973,0.0,0.9826149326197603,1.0,1.0,0.01738506738023973,0.034175982993354066,8
0.33813843259343634,12904,0,2070,712086,0.01779886619125781,0.0,0.9822011338087422,1.0,1.0,0.01779886619125781,0.034975213242010375,8
0.3397563198307255,13236,0,2070,711754,0.01825680354211782,0.0,0.9817431964578822,1.0,1.0,0.01825680354211782,0.035858937506942315,8
0.3413742070680147,13530,0,2070,711460,0.018662326376915544,0.0,0.9813376736230844,1.0,1.0,0.018662326376915544,0.03664084926609977,8
0.34299209430530386,13887,0,2070,711103,0.019154746962027062,0.0,0.980845253037973,1.0,1.0,0.019154746962027062,0.037589477003614945,8
0.34460998154259304,14220,0,2070,710770,0.019614063642257134,0.0,0.9803859363577428,1.0,1.0,0.019614063642257134,0.03847350549911392,8
0.3462278687798822,14573,0,2070,710417,0.020100966909888413,0.0,0.9798990330901116,1.0,1.0,0.020100966909888413,0.03940975954719206,8
0.3478457560171714,14924,0,2070,710066,0.02058511151877957,0.0,0.9794148884812204,1.0,1.0,0.02058511151877957,0.04033982327675919,8
0.34946364325446055,15275,0,2070,709715,0.021069256127670726,0.0,0.9789307438723293,1.0,1.0,0.021069256127670726,0.041269005018473116,8
0.3510815304917497,15627,0,2070,709363,0.021554780065931943,0.0,0.9784452199340681,1.0,1.0,0.021554780065931943,0.042199949501564235,8
0.3526994177290389,16003,0,2070,708987,0.022073407909074607,0.0,0.9779265920909254,1.0,1.0,0.022073407909074607,0.04319339049086834,8
0.354317304966328,16390,0,2070,708600,0.022607208375287936,0.0,0.977392791624712,1.0,1.0,0.022607208375287936,0.0442148425908441,8
0.3559351922036172,16809,0,2070,708181,0.02318514738134319,0.0,0.9768148526186569,1.0,1.0,0.02318514738134319,0.045319554218865216,8
0.35755307944090636,17225,0,2070,707765,0.023758948399288268,0.0,0.9762410516007117,1.0,1.0,0.023758948399288268,0.046415122302836787,8
0.35917096667819554,17659,0,2070,707331,0.024357577345894426,0.0,0.9756424226541056,1.0,1.0,0.024357577345894426,0.047556786584241006,8
0.3607888539154847,18080,0,2070,706910,0.024938275010689803,0.0,0.9750617249893102,1.0,1.0,0.024938275010689803,0.04866297926171154,8
0.3624067411527739,18498,0,2070,706492,0.025514834687374997,0.0,0.974485165312625,1.0,1.0,0.025514834687374997,0.04976004992683136,8
0.36402462839006305,18959,0,2070,706031,0.026150705526972785,0.0,0.9738492944730273,1.0,1.0,0.026150705526972785,0.050968547575169804,8
0.3656425156273522,19417,0,2070,705573,0.026782438378460394,0.0,0.9732175616215396,1.0,1.0,0.026782438378460394,0.052167698584242216,8
0.3672604028646414,19864,0,2070,705126,0.027398998606877337,0.0,0.9726010013931227,1.0,1.0,0.027398998606877337,0.0533366270436891,8
0.3688782901019306,20319,0,2070,704671,0.02802659347025476,0.0,0.9719734065297453,1.0,1.0,0.02802659347025476,0.054525035924697,8
0.37049617733921975,20782,0,2070,704208,0.028665222968592672,0.0,0.9713347770314074,1.0,1.0,0.028665222968592672,0.055732851327215296,8
0.3721140645765089,21230,0,2070,703760,0.029283162526379674,0.0,0.9707168374736204,1.0,1.0,0.029283162526379674,0.056900109887164645,8
0.3737319518137981,21696,1,2069,703294,0.029925930012827763,0.0004830917874396135,0.9700740699871723,0.9995169082125603,0.9999539106788957,0.029925930012827763,0.05811270318085087,8
0.37534983905108726,22238,1,2069,702752,0.030673526531400434,0.0004830917874396135,0.9693264734685996,0.9995169082125603,0.9999550339493682,0.030673526531400434,0.05952124449131391,8
0.37696772628837644,22755,1,2069,702235,0.031386639815721595,0.0004830917874396135,0.9686133601842783,0.9995169082125603,0.9999560555457901,0.031386639815721595,0.06086291334223119,8
0.37858561352566555,23256,1,2069,701734,0.03207768383012179,0.0004830917874396135,0.9679223161698782,0.9995169082125603,0.9999570021928882,0.03207768383012179,0.06216129165903772,8
0.3802035007629547,23759,1,2069,701231,0.032771486503262115,0.0004830917874396135,0.9672285134967379,0.9995169082125603,0.9999579124579124,0.032771486503262115,0.06346310517529216,8
0.3818213880002439,24306,1,2069,700684,0.033525979668685084,0.0004830917874396135,0.9664740203313149,0.9995169082125603,0.9999588595877731,0.033525979668685084,0.06487681119769598,8
0.3834392752375331,24862,2,2068,700128,0.0342928867984386,0.000966183574879227,0.9657071132015614,0.9990338164251208,0.9999195624195624,0.0342928867984386,0.06631157531999564,8
0.38505716247482225,25432,2,2068,699558,0.035079104539372956,0.000966183574879227,0.9649208954606271,0.9990338164251208,0.9999213651018322,0.035079104539372956,0.06778034817649754,8
0.3866750497121114,25962,2,2068,699028,0.0358101491055049,0.000966183574879227,0.964189850894495,0.9990338164251208,0.9999229702665229,0.0358101491055049,0.06914404876996459,8
0.3882929369494006,26566,2,2068,698424,0.03664326404502131,0.000966183574879227,0.9633567359549787,0.9990338164251208,0.9999247214694369,0.03664326404502131,0.07069580790837167,8
0.38991082418668976,27130,2,2068,697860,0.037421205809735306,0.000966183574879227,0.9625787941902647,0.9990338164251208,0.9999262863039953,0.037421205809735306,0.07214255134140471,8
0.39152871142397894,27693,2,2068,697297,0.03819776824507924,0.000966183574879227,0.9618022317549207,0.9990338164251208,0.9999277847987001,0.03819776824507924,0.0735845672492477,8
0.3931465986612681,28315,2,2068,696675,0.03905571111325674,0.000966183574879227,0.9609442888867432,0.9990338164251208,0.9999293710491931,0.03905571111325674,0.07517519417714161,8
0.3947644858985573,28945,2,2068,696045,0.039924688616394706,0.000966183574879227,0.9600753113836052,0.9990338164251208,0.999930908211559,0.039924688616394706,0.0767836039350768,8
0.39638237313584646,29572,2,2068,695418,0.0407895281314225,0.000966183574879227,0.9592104718685776,0.9990338164251208,0.9999323730303645,0.0407895281314225,0.07838168796815115,8
0.39800026037313563,30207,2,2068,694783,0.04166540228141078,0.000966183574879227,0.9583345977185892,0.9990338164251208,0.9999337945645338,0.04166540228141078,0.07999745762375216,8
0.3996181476104248,30850,2,2068,694140,0.04255231106635954,0.000966183574879227,0.9574476889336405,0.9990338164251208,0.9999351743809154,0.04255231106635954,0.08163081702260526,8
0.401236034847714,31496,2,2068,693494,0.043443357839418474,0.000966183574879227,0.9565566421605816,0.9990338164251208,0.9999365039050099,0.043443357839418474,0.08326900096234177,8
0.4028539220850031,32132,2,2068,692858,0.04432061131877681,0.000966183574879227,0.9556793886812232,0.9990338164251208,0.9999377606273728,0.04432061131877681,0.08487909510199124,8
0.40447180932229226,32762,3,2067,692228,0.04518958882191478,0.0014492753623188406,0.9548104111780852,0.9985507246376811,0.9999084388829543,0.04518958882191478,0.0864712209091329,8
0.40608969655958144,33448,3,2067,691542,0.04613580876977613,0.0014492753623188406,0.9538641912302238,0.9985507246376811,0.9999103165824639,0.04613580876977613,0.0882019827514599,8
0.4077075837968706,34178,4,2066,690812,0.047142719209920136,0.001932367149758454,0.9528572807900798,0.9980676328502416,0.9998829793458546,0.047142719209920136,0.0900402016934239,8
0.4093254710341598,34870,4,2066,690120,0.04809721513400185,0.001932367149758454,0.9519027848659981,0.9980676328502416,0.9998853013706486,0.04809721513400185,0.09177958160934062,8
0.41094335827144896,35600,4,2066,689390,0.04910412557414585,0.001932367149758454,0.9508958744258541,0.9980676328502416,0.9998876530726885,0.04910412557414585,0.09361104610344019,8
0.41256124550873813,36335,4,2066,688655,0.050117932661140153,0.001932367149758454,0.9498820673388598,0.9980676328502416,0.9998899254244751,0.050117932661140153,0.09545150651032602,8
0.4141791327460273,37106,4,2066,687884,0.05118139560545663,0.001932367149758454,0.9488186043945434,0.9980676328502416,0.9998922123416869,0.05118139560545663,0.09737829681144208,8
0.4157970199833165,37889,4,2066,687101,0.05226141050221382,0.001932367149758454,0.9477385894977862,0.9980676328502416,0.9998944396062597,0.05226141050221382,0.09933109008851947,8
0.41741490722060565,38627,5,2065,686363,0.053279355577318305,0.0024154589371980675,0.9467206444226817,0.9975845410628019,0.9998705736177262,0.053279355577318305,0.10116785530013539,8
0.4190327944578948,39421,6,2064,685569,0.05437454309714617,0.002898550724637681,0.9456254569028538,0.9971014492753624,0.9998478200218125,0.05437454309714617,0.10314004005667066,8
0.420650681695184,40277,7,2063,684713,0.05555524903791777,0.003381642512077295,0.9444447509620822,0.9966183574879227,0.9998262337404429,0.05555524903791777,0.10526164484877311,8
0.42226856893247317,41105,7,2063,683885,0.05669733375632768,0.003381642512077295,0.9433026662436723,0.9966183574879227,0.9998297334111695,0.05669733375632768,0.10730947054047635,8
0.42388645616976234,41888,7,2063,683102,0.05777734865308487,0.003381642512077295,0.9422226513469151,0.9966183574879227,0.9998329156223893,0.05777734865308487,0.10924193327552371,8
0.4255043434070515,42749,7,2063,682241,0.05896495124070677,0.003381642512077295,0.9410350487592932,0.9966183574879227,0.9998362802881466,0.05896495124070677,0.11136235161107971,8
0.42712223064434063,43577,7,2063,681413,0.06010703595911668,0.003381642512077295,0.9398929640408833,0.9966183574879227,0.9998393906020558,0.06010703595911668,0.11339701837428798,8
0.4287401178816298,44434,8,2062,680556,0.061289121229258336,0.003864734299516908,0.9387108787707417,0.996135265700483,0.9998199900994554,0.061289121229258336,0.1154981856746275,8
0.430358005118919,45328,8,2062,679662,0.06252224168609222,0.003864734299516908,0.9374777583139078,0.996135265700483,0.999823539791777,0.06252224168609222,0.11768523975563591,8
0.43197589235620815,46214,9,2061,678776,0.06374432750796563,0.004347826086956522,0.9362556724920343,0.9956521739130435,0.9998052917378795,0.06374432750796563,0.1198475648102405,8
0.4335937795934973,47163,9,2061,677827,0.06505331108015283,0.004347826086956522,0.9349466889198472,0.9956521739130435,0.9998092088527092,0.06505331108015283,0.12215830356842217,8
0.4352116668307865,48060,9,2061,676930,0.0662905695250969,0.004347826086956522,0.9337094304749031,0.9956521739130435,0.999812769144355,0.0662905695250969,0.12433721100200634,8
0.43682955406807567,48991,9,2061,675999,0.06757472516862302,0.004347826086956522,0.9324252748313769,0.9956521739130435,0.9998163265306123,0.06757472516862302,0.12659336683936484,8
0.43844744130536484,49872,9,2061,675118,0.06878991434364612,0.004347826086956522,0.9312100856563539,0.9956521739130435,0.9998195705779755,0.06878991434364612,0.12872336169504342,8
0.440065328542654,50837,9,2061,674153,0.07012096718575428,0.004347826086956522,0.9298790328142457,0.9956521739130435,0.9998229949258546,0.07012096718575428,0.13105089219886676,8
0.4416832157799432,51766,9,2061,673224,0.07140236417054029,0.004347826086956522,0.9285976358294598,0.9956521739130435,0.999826170931917,0.07140236417054029,0.13328612900941725,8
0.44330110301723236,52721,9,2061,672269,0.07271962371894784,0.004347826086956522,0.9272803762810522,0.9956521739130435,0.9998293191731462,0.07271962371894784,0.13557835724939565,8
0.44491899025452153,53635,10,2060,671355,0.07398033076318294,0.004830917874396135,0.9260196692368171,0.9951690821256038,0.9998135893373101,0.07398033076318294,0.1377667328080551,8
0.4465368774918107,54651,10,2060,670339,0.07538172940316418,0.004830917874396135,0.9246182705968358,0.9951690821256038,0.9998170542068385,0.07538172940316418,0.14019349683383972,8
0.4481547647290999,55660,10,2060,669330,0.076773472737555,0.004830917874396135,0.923226527262445,0.9951690821256038,0.9998203700377223,0.076773472737555,0.14259728947301004,8
0.44977265196638905,56746,10,2060,668244,0.07827142443344046,0.004830917874396135,0.9217285755665595,0.9951690821256038,0.9998238071745719,0.07827142443344046,0.1451775896518818,8
0.45139053920367816,57782,10,2060,667208,0.07970040966082291,0.004830917874396135,0.9202995903391771,0.9951690821256038,0.999826965669989,0.07970040966082291,0.14763241873216298,8
0.45300842644096734,58836,10,2060,666154,0.08115422281686643,0.004830917874396135,0.9188457771831335,0.9951690821256038,0.9998300649152024,0.08115422281686643,0.1501232400655239,8
0.4546263136782565,59893,10,2060,665097,0.08261217396102015,0.004830917874396135,0.9173878260389798,0.9951690821256038,0.9998330634525817,0.08261217396102015,0.1526144327952982,8
0.4562442009155457,61033,10,2060,663957,0.08418460944288887,0.004830917874396135,0.9158153905571111,0.9951690821256038,0.9998361810527006,0.08418460944288887,0.15529373448697448,8
0.45786208815283486,62128,10,2060,662862,0.08569497510310486,0.004830917874396135,0.9143050248968951,0.9951690821256038,0.9998390678811677,0.08569497510310486,0.15785996686688822,8
0.45947997539012403,63250,10,2060,661740,0.0872425826563125,0.004830917874396135,0.9127574173436875,0.9951690821256038,0.9998419222257351,0.0872425826563125,0.16048208055819854,8
0.4610978626274132,64381,11,2059,660609,0.08880260417385068,0.005314009661835749,0.9111973958261493,0.9946859903381643,0.9998291713256305,0.08880260417385068,0.16311747670962856,8
0.4627157498647024,65534,11,2059,659456,0.09039297093753017,0.005314009661835749,0.9096070290624698,0.9946859903381643,0.9998321763673812,0.09039297093753017,0.16579658079654916,8
0.46433363710199155,66724,11,2059,658266,0.09203437288790191,0.005314009661835749,0.907965627112098,0.9946859903381643,0.9998351689518243,0.09203437288790191,0.16855347500710477,8
0.4659515243392807,67927,11,2059,657063,0.09369370612008442,0.005314009661835749,0.9063062938799156,0.9946859903381643,0.9998380876681681,0.09369370612008442,0.17133207554784294,8
0.4675694115765699,69118,11,2059,655872,0.09533648739982621,0.005314009661835749,0.9046635126001737,0.9946859903381643,0.999840877200596,0.09533648739982621,0.17407466639130914,8
0.46918729881385907,70324,12,2058,654666,0.0969999586201189,0.005797101449275362,0.9030000413798811,0.9942028985507246,0.9998293903548681,0.0969999586201189,0.17684320643358822,8
0.47080518605114824,71560,12,2058,653430,0.0987048097215134,0.005797101449275362,0.9012951902784866,0.9942028985507246,0.9998323366679707,0.0987048097215134,0.1796721410260595,8
0.4724230732884374,72792,13,2057,652198,0.10040414350542766,0.006280193236714976,0.8995958564945723,0.993719806763285,0.9998214408351075,0.10040414350542766,0.18248296868243097,8
0.4740409605257266,74058,13,2057,650932,0.10215037448792397,0.006280193236714976,0.897849625512076,0.993719806763285,0.9998244927164477,0.10215037448792397,0.18536256931573433,8
0.4756588477630157,75335,13,2057,649655,0.10391177809349095,0.006280193236714976,0.896088221906509,0.993719806763285,0.9998274672187716,0.10391177809349095,0.18825796101147266,8
0.4772767350003049,76608,13,2057,648382,0.10566766438157768,0.006280193236714976,0.8943323356184223,0.993719806763285,0.9998303337205204,0.10566766438157768,0.19113510168897385,8
0.47889462223759405,77899,14,2056,647091,0.1074483785983255,0.00676328502415459,0.8925516214016745,0.9932367149758454,0.9998203123997279,0.1074483785983255,0.19404336513875275,8
0.4805125094748832,79203,14,2056,645787,0.1092470240968841,0.00676328502415459,0.8907529759031159,0.9932367149758454,0.9998232702576467,0.1092470240968841,0.1969716752030261,8
0.4821303967121724,80525,14,2056,644465,0.11107049752410378,0.00676328502415459,0.8889295024758962,0.9932367149758454,0.9998261711717304,0.11107049752410378,0.1999307287509202,8
0.48374828394946157,81822,14,2056,643168,0.11285948771707197,0.00676328502415459,0.887140512282928,0.9932367149758454,0.9998289261449729,0.11285948771707197,0.20282440080017256,8
0.48536617118675074,83231,14,2056,641759,0.11480296279948689,0.00676328502415459,0.8851970372005131,0.9932367149758454,0.9998318217310349,0.11480296279948689,0.20595742574869932,8
0.4869840584240399,84623,14,2056,640367,0.1167229892826108,0.00676328502415459,0.8832770107173892,0.9932367149758454,0.9998345877098669,0.1167229892826108,0.2090419415360407,8
0.4886019456613291,86021,14,2056,638969,0.11865129174195506,0.00676328502415459,0.8813487082580449,0.9932367149758454,0.9998372755274016,0.11865129174195506,0.21212909589716714,8
0.49021983289861826,87417,14,2056,637573,0.12057683554255921,0.00676328502415459,0.8794231644574408,0.9932367149758454,0.9998398737289977,0.12057683554255921,0.2152012318736222,8
0.49183772013590743,88820,14,2056,636170,0.12251203464875378,0.00676328502415459,0.8774879653512462,0.9932367149758454,0.9998424026836572,0.12251203464875378,0.21827815350739227,8
0.4934556073731966,90178,14,2056,634812,0.12438516393329563,0.00676328502415459,0.8756148360667043,0.9932367149758454,0.9998447755898527,0.12438516393329563,0.22124629837263335,8
0.4950734946104858,91625,14,2056,633365,0.12638105353177284,0.00676328502415459,0.8736189464682271,0.9932367149758454,0.9998472266174881,0.12638105353177284,0.22439810489218484,8
0.49669138184777495,93034,14,2056,631956,0.12832452861418778,0.00676328502415459,0.8716754713858123,0.9932367149758454,0.999849540022354,0.12832452861418778,0.22745642622958837,8
0.4983092690850641,94526,14,2056,630464,0.1303824880343177,0.00676328502415459,0.8696175119656823,0.9932367149758454,0.9998519145335307,0.1303824880343177,0.23068344050858422,8
0.49992715632235324,96139,14,2056,628851,0.13260734630822493,0.00676328502415459,0.8673926536917751,0.9932367149758454,0.9998543987187087,0.13260734630822493,0.23415897109273295,8
0.5015450435596425,97683,14,2056,627307,0.13473703085559802,0.00676328502415459,0.865262969144402,0.9932367149758454,0.999856699796309,0.13473703085559802,0.23747306083601663,8
0.5031629307969316,99207,14,2056,625783,0.13683912881556987,0.00676328502415459,0.8631608711844301,0.9932367149758454,0.9998589008375243,0.13683912881556987,0.24073204555629565,8
0.5047808180342208,100720,14,2056,624270,0.13892605415247106,0.00676328502415459,0.8610739458475289,0.9932367149758454,0.9998610201123752,0.13892605415247106,0.24395560744268058,8
0.50639870527151,102243,14,2056,622747,0.14102677278307288,0.00676328502415459,0.8589732272169271,0.9932367149758454,0.9998630900574044,0.14102677278307288,0.24718856641365877,8
0.5080165925087992,103828,14,2056,621162,0.1432130098346184,0.00676328502415459,0.8567869901653816,0.9932367149758454,0.9998651797923769,0.1432130098346184,0.2505405196710552,8
0.5096344797460883,105429,14,2056,619561,0.14542131615608492,0.00676328502415459,0.8545786838439151,0.9932367149758454,0.9998672268429388,0.14542131615608492,0.25391331991864485,8
0.5112523669833775,107043,14,2056,617947,0.1476475537593622,0.00676328502415459,0.8523524462406378,0.9932367149758454,0.9998692285418048,0.1476475537593622,0.2573003688493559,8
0.5128702542206666,108702,14,2056,616288,0.1499358611842922,0.00676328502415459,0.8500641388157077,0.9932367149758454,0.9998712241068471,0.1499358611842922,0.26076818446790595,8
0.5144881414579557,110338,15,2055,614652,0.15219244403371082,0.007246376811594203,0.8478075559662892,0.9927536231884058,0.9998640725671255,0.15219244403371082,0.2641741176977601,8
0.5161060286952449,111969,15,2055,613021,0.15444213023627912,0.007246376811594203,0.8455578697637208,0.9927536231884058,0.9998660522931847,0.15444213023627912,0.2675566982964823,8
0.5177239159325341,113718,15,2055,611272,0.15685457730451455,0.007246376811594203,0.8431454226954854,0.9927536231884058,0.9998681121574213,0.15685457730451455,0.2711693848863093,8
0.5193418031698233,115455,15,2055,609535,0.15925047242030924,0.007246376811594203,0.8407495275796908,0.9927536231884058,0.9998700961288647,0.15925047242030924,0.27474240296980224,8
0.5209596904071124,117116,15,2055,607874,0.16154153850397937,0.007246376811594203,0.8384584614960207,0.9927536231884058,0.999871938257165,0.16154153850397937,0.27814530215966593,8
0.5225775776444016,118868,16,2054,606122,0.16395812356032496,0.007729468599033816,0.836041876439675,0.9922705314009662,0.9998654150264124,0.16395812356032496,0.281719782811178,8
0.5241954648816908,120647,17,2053,604343,0.1664119505096622,0.00821256038647343,0.8335880494903378,0.9917874396135266,0.9998591129085725,0.1664119505096622,0.2853341910521324,8
0.52581335211898,122401,17,2053,602589,0.16883129422474794,0.00821256038647343,0.831168705775252,0.9917874396135266,0.9998611315329445,0.16883129422474794,0.2888832770047014,8
0.5274312393562691,124177,17,2053,600813,0.17128098318597498,0.00821256038647343,0.828719016814025,0.9917874396135266,0.9998631173808719,0.17128098318597498,0.29246193993292385,8
0.5290491265935583,125961,17,2053,599029,0.17374170678216252,0.00821256038647343,0.8262582932178375,0.9917874396135266,0.9998650558033942,0.17374170678216252,0.29604168429365146,8
0.5306670138308475,127711,19,2051,597279,0.176155533179768,0.009178743961352657,0.823844466820232,0.9908212560386473,0.9998512487277852,0.176155533179768,0.2995379491509523,8
0.5322849010681366,129528,20,2050,595462,0.17866177464516753,0.00966183574879227,0.8213382253548325,0.9903381642512077,0.9998456170685769,0.17866177464516753,0.30315328282650983,8
0.5339027883054258,131458,22,2048,593532,0.18132388032938385,0.010628019323671498,0.8186761196706162,0.9893719806763285,0.9998326741709765,0.18132388032938385,0.30697630973647644,8
0.535520675542715,133313,22,2048,591677,0.18388253631084567,0.010628019323671498,0.8161174636891544,0.9893719806763285,0.9998350020624742,0.18388253631084567,0.31063524888591154,8
0.5371385627800042,135184,22,2048,589806,0.18646326156222845,0.010628019323671498,0.8135367384377715,0.9893719806763285,0.9998372853275742,0.18646326156222845,0.31430976196122745,8
0.5387564500172933,137076,24,2046,587914,0.1890729527303825,0.011594202898550725,0.8109270472696175,0.9884057971014493,0.9998249452954048,0.1890729527303825,0.31800856059112154,8
0.5403743372545825,138976,24,2046,586014,0.191693678533497,0.011594202898550725,0.8083063214665029,0.9884057971014493,0.9998273381294964,0.191693678533497,0.3217074271692959,8
0.5419922244918717,140881,24,2046,584109,0.19432130098346184,0.011594202898550725,0.8056786990165382,0.9884057971014493,0.9998296724743622,0.19432130098346184,0.3253997309142564,8
0.5436101117291608,142842,25,2045,582148,0.19702616587815006,0.012077294685990338,0.80297383412185,0.9879227053140096,0.9998250120741669,0.19702616587815006,0.32918326406308873,8
0.54522799896645,144796,25,2045,580194,0.19972137546724783,0.012077294685990338,0.8002786245327522,0.9879227053140096,0.9998273731019672,0.19972137546724783,0.332936695443033,8
0.5468458862037392,146717,25,2045,578273,0.2023710671871336,0.012077294685990338,0.7976289328128664,0.9879227053140096,0.9998296329612517,0.2023710671871336,0.3366103343688197,8
0.5484637734410284,148704,25,2045,576286,0.20511179464544338,0.012077294685990338,0.7948882053545566,0.9879227053140096,0.9998319090426211,0.20511179464544338,0.3403931927770828,8
0.5500816606783175,150682,26,2044,574308,0.2078401081394226,0.012560386473429951,0.7921598918605773,0.9874396135265701,0.9998274809565517,0.2078401081394226,0.34414147343033785,8
0.5516995479156067,152686,27,2043,572304,0.2106042841970234,0.013043478260869565,0.7893957158029766,0.9869565217391304,0.9998231977631243,0.2106042841970234,0.34792179131209533,8
0.5533174351528959,154734,27,2043,570256,0.21342915074690685,0.013043478260869565,0.7865708492530932,0.9869565217391304,0.9998255374416035,0.21342915074690685,0.3517677160923943,8
0.5549353223901851,156687,28,2042,568303,0.21612298100663457,0.01352657004830918,0.7838770189933654,0.9864734299516909,0.9998213317168108,0.21612298100663457,0.3554181954281761,8
0.5565532096274742,158687,31,2039,566303,0.21888163974675512,0.01497584541062802,0.7811183602532449,0.985024154589372,0.999804685038874,0.21888163974675512,0.35913899161261414,8
0.5581710968647634,160793,33,2037,564197,0.22178650740010208,0.015942028985507246,0.7782134925998979,0.9840579710144928,0.9997948092970043,0.22178650740010208,0.3630392767798279,8
0.5597889841020526,162931,34,2036,562059,0.22473551359329094,0.01642512077294686,0.7752644864067091,0.9835748792270531,0.9997913662442856,0.22473551359329094,0.3669803086868141,8
0.5614068713393416,165072,34,2036,559918,0.22768865777459,0.01642512077294686,0.77231134222541,0.9835748792270531,0.9997940716872797,0.22768865777459,0.37090830651974616,8
0.5630247585766308,167171,35,2035,557819,0.23058387012234652,0.016908212560386472,0.7694161298776535,0.9830917874396136,0.9997906773680371,0.23058387012234652,0.37474052786607426,8
0.56464264581392,169295,38,2032,555695,0.23351356570435455,0.018357487922705314,0.7664864342956454,0.9816425120772947,0.9997755901094294,0.23351356570435455,0.3785992309266339,8
0.5662605330512092,171433,41,2029,553557,0.2364625718975434,0.019806763285024155,0.7635374281024566,0.9801932367149758,0.999760896695709,0.2364625718975434,0.3824648842563672,8
0.5678784202884983,173574,41,2029,551416,0.23941571607884246,0.019806763285024155,0.7605842839211575,0.9801932367149758,0.9997638452898655,0.23941571607884246,0.38631879413090287,8
0.5694963075257875,175710,41,2029,549280,0.2423619636132912,0.019806763285024155,0.7576380363867088,0.9801932367149758,0.9997667154098696,0.2423619636132912,0.39014544691537295,8
0.5711141947630767,177771,41,2029,547219,0.24520476144498546,0.019806763285024155,0.7547952385550145,0.9801932367149758,0.999769419386768,0.24520476144498546,0.3938205719526541,8
0.5727320820003658,180059,42,2028,544931,0.24836066704368337,0.020289855072463767,0.7516393329563167,0.9797101449275363,0.9997667975191697,0.24836066704368337,0.3978804341220938,8
0.574349969237655,182312,44,2026,542678,0.25146829611442917,0.021256038647342997,0.7485317038855709,0.978743961352657,0.9997587137248021,0.25146829611442917,0.4018577257187445,8
0.5759678564749442,184490,44,2026,540500,0.25447247548242047,0.021256038647342997,0.7455275245175795,0.978743961352657,0.9997615615550521,0.25447247548242047,0.40568473179377346,8
0.5775857437122334,186688,45,2025,538302,0.2575042414378129,0.021739130434782608,0.7424957585621871,0.9782608695652174,0.9997590142074513,0.2575042414378129,0.4095278938888237,8
0.5792036309495225,188903,45,2025,536087,0.26055945599249647,0.021739130434782608,0.7394405440075036,0.9782608695652174,0.999761839236192,0.26055945599249647,0.41338252704231576,8
0.5808215181868117,191104,45,2025,533886,0.26359535993599914,0.021739130434782608,0.7364046400640009,0.9782608695652174,0.999764581556796,0.26359535993599914,0.4171943340475627,8
0.5824394054241009,193342,45,2025,531648,0.266682299066194,0.021739130434782608,0.733317700933806,0.9782608695652174,0.999767305971963,0.266682299066194,0.42105148539216464,8
0.5840572926613901,195667,47,2023,529323,0.26988923985158414,0.022705314009661835,0.7301107601484158,0.9772946859903382,0.99975985366402,0.26988923985158414,0.4250377971639093,8
0.5856751798986792,197986,48,2022,527004,0.27308790466075394,0.02318840579710145,0.7269120953392461,0.9768115942028985,0.999757617378834,0.27308790466075394,0.42899426233770743,8
0.5872930671359684,200307,49,2021,524683,0.27628932812866386,0.023671497584541065,0.7237106718713362,0.976328502415459,0.9997554353251212,0.27628932812866386,0.43293427539536566,8
0.5889109543732576,202684,50,2020,522306,0.2795679940412971,0.024154589371980676,0.7204320059587028,0.9758454106280193,0.9997533714127872,0.2795679940412971,0.43694892015297654,8
0.5905288416105468,204979,50,2020,520011,0.28273355494558544,0.024154589371980676,0.7172664450544145,0.9758454106280193,0.9997561320593672,0.28273355494558544,0.44080604804848067,8
0.5921467288478359,207227,50,2020,517763,0.28583428736948097,0.024154589371980676,0.7141657126305191,0.9758454106280193,0.999758776902406,0.28583428736948097,0.44456577353912563,8
0.5937646160851251,209676,50,2020,515314,0.28921226499675856,0.024154589371980676,0.7107877350032414,0.9758454106280193,0.9997615936984446,0.28921226499675856,0.4486410845647233,8
0.5953825033224143,211875,50,2020,513115,0.2922454102815211,0.024154589371980676,0.7077545897184788,0.9758454106280193,0.9997640674767017,0.2922454102815211,0.4522822241078433,8
0.5970003905597034,214303,50,2020,510687,0.29559442199202746,0.024154589371980676,0.7044055780079725,0.9758454106280193,0.9997667399103348,0.29559442199202746,0.4562827422996711,8
0.5986182777969926,216648,50,2020,508342,0.29882894936481885,0.024154589371980676,0.7011710506351811,0.9758454106280193,0.9997692641371864,0.29882894936481885,0.4601269210184265,8
0.6002361650342818,219157,50,2020,505833,0.30228968675430007,0.024154589371980676,0.6977103132457,0.9758454106280193,0.9997719050942716,0.30228968675430007,0.464218801796659,8
0.601854052271571,221547,50,2020,503443,0.3055862839487441,0.024154589371980676,0.6944137160512559,0.9758454106280193,0.9997743651764238,0.3055862839487441,0.4680964348760336,8
0.6034719395088601,223888,50,2020,501102,0.3088152940040552,0.024154589371980676,0.6911847059959447,0.9758454106280193,0.999776723914655,0.3088152940040552,0.47187563229243945,8
0.6050898267461493,226241,51,2019,498749,0.31206085601180705,0.02463768115942029,0.6879391439881929,0.9753623188405797,0.9997746274724691,0.31206085601180705,0.47565495825633197,8
0.6067077139834385,228797,52,2018,496193,0.3155864218816811,0.025120772946859903,0.6844135781183188,0.9748792270531401,0.9997727759352236,0.3155864218816811,0.47973924320561434,8
0.6083256012207277,231215,52,2018,493775,0.31892164029848685,0.025120772946859903,0.6810783597015131,0.9748792270531401,0.9997751516645262,0.31892164029848685,0.4835833881477469,8
0.6099434884580167,233672,52,2018,491318,0.322310652560725,0.025120772946859903,0.677689347439275,0.9748792270531401,0.9997775153599973,0.322310652560725,0.4874696729160105,8
0.6115613756953059,236093,54,2016,488897,0.3256500089656409,0.02608695652173913,0.6743499910343591,0.9739130434782609,0.999771328875658,0.3256500089656409,0.4912785586237966,8
0.6131792629325951,238511,54,2016,486479,0.3289852273824467,0.02608695652173913,0.6710147726175534,0.9739130434782609,0.9997736465952676,0.3289852273824467,0.4950646304570056,8
0.6147971501698842,241026,55,2015,483964,0.3324542407481483,0.026570048309178744,0.6675457592518518,0.9734299516908212,0.9997718609098187,0.3324542407481483,0.4989819588829393,8
0.6164150374071734,243526,55,2015,481464,0.33590256417329895,0.026570048309178744,0.6640974358267011,0.9734299516908212,0.9997742024213712,0.33590256417329895,0.5028562697004144,8
0.6180329246444626,246027,55,2015,478963,0.33935226692781967,0.026570048309178744,0.6606477330721803,0.9734299516908212,0.9997764972651393,0.33935226692781967,0.5067121696434456,8
0.6196508118817518,248443,55,2015,476547,0.34268472668588534,0.026570048309178744,0.6573152733141147,0.9734299516908212,0.9997786702508672,0.34268472668588534,0.5104182075177096,8
0.6212686991190409,251059,55,2015,473931,0.346293052317963,0.026570048309178744,0.653706947682037,0.9734299516908212,0.9997809759710728,0.346293052317963,0.5144103497168334,8
0.6228865863563301,253546,55,2015,471444,0.34972344446130293,0.026570048309178744,0.6502765555386971,0.9734299516908212,0.9997831238835809,0.34972344446130293,0.5181858406627488,8
0.6245044735936193,256085,55,2015,468905,0.35322556173188596,0.026570048309178744,0.6467744382681141,0.9734299516908212,0.999785273678457,0.35322556173188596,0.5220205273511156,8
0.6261223608309084,258662,55,2015,466328,0.3567800935185313,0.026570048309178744,0.6432199064814688,0.9734299516908212,0.999787412500918,0.3567800935185313,0.5258923642913997,8
0.6277402480681976,261115,56,2014,463875,0.36016358846328916,0.02705314009661836,0.6398364115367109,0.9729468599033816,0.9997855810943788,0.36016358846328916,0.529558560924636,8
0.6293581353054868,263760,57,2013,461230,0.36381191464709856,0.02753623188405797,0.6361880853529014,0.972463768115942,0.9997839411410182,0.36381191464709856,0.5334913688920082,8
0.630976022542776,266265,57,2013,458725,0.36726713471909955,0.02753623188405797,0.6327328652809004,0.972463768115942,0.9997859733705815,0.36726713471909955,0.5371971690043095,8
0.6325939097800651,268812,58,2012,456178,0.3707802866246431,0.028019323671497585,0.6292197133753569,0.9719806763285024,0.9997842823669432,0.3707802866246431,0.5409454047853822,8
0.6342117970173543,271344,58,2012,453646,0.3742727485896357,0.028019323671497585,0.6257272514103642,0.9719806763285024,0.9997862948688662,0.3742727485896357,0.5446531084151619,8
0.6358296842546435,273889,59,2011,451101,0.37778314183643913,0.028502415458937197,0.6222168581635609,0.9714975845410628,0.9997846306598333,0.37778314183643913,0.5483603587009405,8
0.6374475714919327,276397,59,2011,448593,0.3812424998965503,0.028502415458937197,0.6187575001034497,0.9714975845410628,0.9997865844836068,0.3812424998965503,0.5519958140528795,8
0.6390654587292218,278878,60,2010,446112,0.38466461606366986,0.028985507246376812,0.6153353839363301,0.9710144927536232,0.9997848984362117,0.38466461606366986,0.555573706480943,8
0.640683345966511,281550,62,2008,443440,0.3883501841404709,0.02995169082125604,0.611649815859529,0.970048309178744,0.9997798389273185,0.3883501841404709,0.5594067963306253,8
0.6423012332038002,284054,62,2008,440936,0.39180402488310184,0.02995169082125604,0.6081959751168982,0.970048309178744,0.9997817792732546,0.39180402488310184,0.5629814905470784,8
0.6439191204410893,286583,62,2008,438407,0.39529234885998427,0.02995169082125604,0.6047076511400157,0.970048309178744,0.9997837045823231,0.39529234885998427,0.5665739125277397,8
0.6455370076783785,289143,62,2008,435847,0.3988234320473386,0.02995169082125604,0.6011765679526614,0.970048309178744,0.9997856191974551,0.3988234320473386,0.5701921228166181,8
0.6471548949156677,291746,63,2007,433244,0.4024138263976055,0.030434782608695653,0.5975861736023945,0.9695652173913043,0.999784105356586,0.4024138263976055,0.5738518625608404,8
0.6487727821529569,294329,64,2006,430661,0.4059766341604712,0.030917874396135265,0.5940233658395289,0.9690821256038648,0.9997826035265784,0.4059766341604712,0.5774649959828642,8
0.650390669390246,296963,64,2006,428027,0.40960978772120993,0.030917874396135265,0.5903902122787901,0.9690821256038648,0.9997845313725688,0.40960978772120993,0.5811312336291862,8
0.6520085566275352,299494,65,2005,425496,0.4131008703568325,0.03140096618357488,0.5868991296431675,0.9685990338164251,0.999783014364449,0.4131008703568325,0.5846357763269497,8
0.6536264438648244,302086,66,2004,422904,0.4166760920840287,0.03188405797101449,0.5833239079159712,0.9681159420289855,0.9997815668934841,0.4166760920840287,0.5882068886288361,8
0.6552443311021136,304742,66,2004,420248,0.42033959089090883,0.03188405797101449,0.5796604091090911,0.9681159420289855,0.9997834702501247,0.42033959089090883,0.5918481100176928,8
0.6568622183394027,307342,66,2004,417648,0.42392584725306554,0.03188405797101449,0.5760741527469344,0.9681159420289855,0.9997853016186957,0.42392584725306554,0.5953944118450442,8
0.6584801055766918,309928,66,2004,415062,0.4274927930040414,0.03188405797101449,0.5725072069959586,0.9681159420289855,0.9997870926534062,0.4274927930040414,0.5989039444088025,8
0.660097992813981,312534,67,2003,412456,0.4310873253424185,0.0323671497584541,0.5689126746575814,0.9676328502415459,0.9997856692716914,0.4310873253424185,0.6024223417512296,8
0.6617158800512701,315145,67,2003,409845,0.4346887543276459,0.0323671497584541,0.5653112456723541,0.9676328502415459,0.9997874446404325,0.4346887543276459,0.6059303865979877,8
0.6633337672885593,317809,69,2001,407181,0.43836328776948646,0.03333333333333333,0.5616367122305135,0.9666666666666667,0.9997829355916421,0.43836328776948646,0.6094903669496043,8
0.6649516545258485,320391,69,2001,404599,0.4419247162029821,0.03333333333333333,0.5580752837970179,0.9666666666666667,0.9997846845160082,0.4419247162029821,0.6129245779329476,8
0.6665695417631377,322929,70,2000,402061,0.4454254541441951,0.033816425120772944,0.5545745458558049,0.966183574879227,0.9997832810627897,0.4454254541441951,0.6162831861784809,8
0.6681874290004268,325411,71,1999,399579,0.4488489496406847,0.03429951690821256,0.5511510503593153,0.9657004830917875,0.9997818619770064,0.4488489496406847,0.6195519728274528,8
0.669805316237716,328065,71,1999,396925,0.45250968978882466,0.03429951690821256,0.5474903102111753,0.9657004830917875,0.9997836263012897,0.45250968978882466,0.6230308624039289,8
0.6714232034750052,330777,75,1995,394213,0.4562504310404281,0.036231884057971016,0.5437495689595718,0.9637681159420289,0.9997733125385369,0.4562504310404281,0.6265653383744916,8
0.6730410907122943,333385,75,1995,391605,0.45984772203754537,0.036231884057971016,0.5401522779624547,0.9637681159420289,0.9997750854675224,0.45984772203754537,0.6299494543908546,8
0.6746589779495835,336033,76,1994,388957,0.463500186209465,0.03671497584541063,0.536499813790535,0.9632850241545894,0.9997738828772809,0.463500186209465,0.6333678572875858,8
0.6762768651868727,338600,77,1993,386390,0.4670409247024097,0.03719806763285024,0.5329590752975903,0.9628019323671497,0.9997726447322965,0.4670409247024097,0.6366654225429575,8
0.6778947524241619,341247,77,1993,383743,0.47069200954495927,0.03719806763285024,0.5293079904550407,0.9628019323671497,0.9997744078939659,0.47069200954495927,0.6400497414457655,8
0.679512639661451,343875,77,1993,381115,0.47431688712947767,0.03719806763285024,0.5256831128705224,0.9628019323671497,0.99977613155324,0.47431688712947767,0.6433931869081765,8
0.6811305268987402,346573,78,1992,378417,0.4780383177699003,0.03768115942028986,0.5219616822300998,0.9623188405797102,0.9997749898312712,0.4780383177699003,0.6468080261953397,8
0.6827484141360294,349241,79,1991,375749,0.4817183685292211,0.03816425120772947,0.5182816314707789,0.9618357487922705,0.9997738463300126,0.4817183685292211,0.6501680148188139,8
0.6843663013733186,351891,80,1990,373099,0.48537359135988084,0.03864734299516908,0.5146264086401192,0.961352657004831,0.999772708547011,0.48537359135988084,0.6534888449999582,8
0.6859841886106077,354464,80,1990,370526,0.4889226058290459,0.03864734299516908,0.5110773941709541,0.961352657004831,0.9997743580486484,0.4889226058290459,0.6566981679131921,8
0.6876020758478969,357136,80,1990,367854,0.492608173905847,0.03864734299516908,0.507391826094153,0.961352657004831,0.9997760458658067,0.492608173905847,0.6600148215774077,8
0.6892199630851861,359840,81,1989,365150,0.49633788052248995,0.0391304347826087,0.50366211947751,0.9608695652173913,0.9997749506141625,0.49633788052248995,0.6633539525361988,8
0.6908378503224752,362410,82,1988,362580,0.4998827570035449,0.03961352657004831,0.5001172429964551,0.9603864734299516,0.9997737881111859,0.4998827570035449,0.6665121813510476,8
0.6924557375597644,364974,82,1988,360016,0.5034193575083794,0.03961352657004831,0.4965806424916206,0.9603864734299516,0.9997753769284713,0.5034193575083794,0.6696488038119492,8
0.6940736247970536,367576,82,1988,357414,0.5070083725292762,0.03961352657004831,0.4929916274707237,0.9603864734299516,0.9997769666374728,0.5070083725292762,0.6728168632533075,8
0.6956915120343428,370224,82,1988,354766,0.5106608367011959,0.03961352657004831,0.4893391632988041,0.9603864734299516,0.9997785615139911,0.5106608367011959,0.6760254762183008,8
0.6973093992716319,372845,84,1986,352145,0.5142760589801239,0.04057971014492753,0.48572394101987615,0.9594202898550724,0.9997747560527607,0.5142760589801239,0.6791848943319133,8
0.6989272865089211,375429,85,1985,349561,0.5178402460723596,0.04106280193236715,0.4821597539276404,0.9589371980676329,0.9997736435925159,0.5178402460723596,0.6822855709747533,8
0.7005451737462103,377968,85,1985,347022,0.5213423633429427,0.04106280193236715,0.47865763665705735,0.9589371980676329,0.9997751637997847,0.5213423633429427,0.6853187047105145,8
0.7021630609834995,380553,85,1985,344437,0.5249079297645485,0.04106280193236715,0.4750920702354515,0.9589371980676329,0.9997766907140118,0.5249079297645485,0.6883924792063877,8
0.7037809482207886,383126,87,1983,341864,0.5284569442337136,0.042028985507246375,0.4715430557662864,0.9579710144927536,0.9997729722112768,0.5284569442337136,0.6914364967429253,8
0.7053988354580778,385823,87,1983,339167,0.5321769955447662,0.042028985507246375,0.4678230044552339,0.9579710144927536,0.9997745588349615,0.5321769955447662,0.6946133765415429,8
0.7070167226953669,388388,87,1983,336602,0.5357149753789707,0.042028985507246375,0.4642850246210293,0.9579710144927536,0.9997760473646953,0.5357149753789707,0.697620490989838,8
0.708634609932656,390956,87,1983,334034,0.5392570932012856,0.042028985507246375,0.4607429067987145,0.9579710144927536,0.9997775180734599,0.5392570932012856,0.7006172756540354,8
0.7102524971699452,393614,88,1982,331376,0.5429233506669058,0.04251207729468599,0.4570766493330943,0.957487922705314,0.9997764806884395,0.5429233506669058,0.7037039685632865,8
0.7118703844072344,396332,89,1981,328658,0.5466723678947296,0.042995169082125605,0.45332763210527044,0.9570048309178744,0.9997754912075798,0.5466723678947296,0.7068452155364983,8
0.7134882716445236,398852,90,1980,326138,0.5501482779072815,0.043478260869565216,0.4498517220927185,0.9565217391304348,0.9997744032967198,0.5501482779072815,0.7097440058651237,8
0.7151061588818127,401460,91,1979,323530,0.5537455689043986,0.04396135265700483,0.4462544310956013,0.9560386473429952,0.9997733787239977,0.5537455689043986,0.7127303844245348,8
0.7167240461191019,403975,91,1979,321015,0.5572145822701002,0.04396135265700483,0.4427854177298997,0.9560386473429952,0.9997747892671,0.5572145822701002,0.7155978091432134,8
0.7183419333563911,406543,91,1979,318447,0.5607567000924151,0.04396135265700483,0.4392432999075849,0.9560386473429952,0.999776211531746,0.5607567000924151,0.7185125094554374,8
0.7199598205936802,409110,92,1978,315880,0.5642974385853597,0.044444444444444446,0.4357025614146402,0.9555555555555556,0.999775172164359,0.5642974385853597,0.7214122476617716,8
0.7215777078309694,411569,93,1977,313421,0.567689209506338,0.04492753623188406,0.432310790493662,0.9550724637681159,0.9997740865078633,0.567689209506338,0.7241776726737823,8
0.7231955950682586,414063,93,1977,310927,0.5711292569552684,0.04492753623188406,0.42887074304473166,0.9550724637681159,0.9997754469330398,0.5711292569552684,0.7269709062754028,8
0.7248134823055478,416581,94,1976,308409,0.5746024083090802,0.04541062801932367,0.4253975916909199,0.9545893719806763,0.9997744045119098,0.5746024083090802,0.729777999675912,8
0.7264313695428369,419098,95,1975,305892,0.5780741803335219,0.04589371980676329,0.4219258196664782,0.9541062801932367,0.9997733740782885,0.5780741803335219,0.7325716253431487,8
0.7280492567801261,421681,96,1974,303309,0.5816369880963875,0.0463768115942029,0.41836301190361247,0.9536231884057971,0.9997723915718496,0.5816369880963875,0.7354257665244989,8
0.7296671440174153,424176,96,1974,300814,0.5850784148746879,0.0463768115942029,0.4149215851253121,0.9536231884057971,0.9997737300599615,0.5850784148746879,0.7381711045871177,8
0.7312850312547045,426639,96,1974,298351,0.5884757031131463,0.0463768115942029,0.4115242968868536,0.9536231884057971,0.9997750360293859,0.5884757031131463,0.7408695652173913,8
0.7329029184919936,429233,96,1974,295757,0.5920536834990827,0.0463768115942029,0.4079463165009172,0.9536231884057971,0.9997763952586478,0.5920536834990827,0.7436990987759884,8
0.7345208057292828,431713,97,1973,293277,0.5954744203368322,0.04685990338164251,0.40452557966316777,0.9531400966183575,0.9997753641647947,0.5954744203368322,0.7463917704011065,8
0.736138692966572,434189,97,1973,290801,0.5988896398571015,0.04685990338164251,0.4011103601428985,0.9531400966183575,0.9997766448837863,0.5988896398571015,0.7490692466677478,8
0.7377565802038611,436571,97,1973,288419,0.6021752024165851,0.04685990338164251,0.39782479758341494,0.9531400966183575,0.9997778632736999,0.6021752024165851,0.7516343020062703,8
0.7393744674411503,439118,98,1972,285872,0.6056883543221285,0.04734299516908213,0.3943116456778714,0.9526570048309179,0.9997768751593749,0.6056883543221285,0.7543647773675793,8
0.7409923546784395,441603,98,1972,283387,0.6091159878067284,0.04734299516908213,0.3908840121932716,0.9526570048309179,0.9997781304547646,0.6091159878067284,0.757017925054706,8
0.7426102419157287,443999,98,1972,280991,0.6124208609773928,0.04734299516908213,0.3875791390226072,0.9526570048309179,0.9997793274892647,0.6124208609773928,0.7595653702419067,8
0.7442281291530178,446402,98,1972,278588,0.6157353894536476,0.04734299516908213,0.38426461054635236,0.9526570048309179,0.9997805151175811,0.6157353894536476,0.7621097918036005,8
0.745846016390307,448796,99,1971,276194,0.6190375039655719,0.04782608695652174,0.38096249603442806,0.9521739130434783,0.9997794584479667,0.6190375039655719,0.7646336736562781,8
0.7474639036275962,451118,101,1969,273872,0.6222403067628519,0.048792270531400964,0.3777596932371481,0.951207729468599,0.9997761619080757,0.6222403067628519,0.7670711582720418,8
0.7490817908648854,453497,103,1967,271493,0.6255217313342253,0.049758454106280194,0.3744782686657747,0.9502415458937198,0.9997729276895944,0.6255217313342253,0.7695585402896681,8
0.7506996781021745,455933,103,1967,269057,0.6288817776796921,0.049758454106280194,0.3711182223203079,0.9502415458937198,0.9997741406380198,0.6288817776796921,0.7720964652768018,8
0.7523175653394637,458285,104,1966,266705,0.6321259603580739,0.050241545893719805,0.3678740396419261,0.9497584541062802,0.9997731184648846,0.6321259603580739,0.77453630662704,8
0.7539354525767529,460710,104,1966,264280,0.6354708340804701,0.050241545893719805,0.36452916591952994,0.9497584541062802,0.9997743124123833,0.6354708340804701,0.777042411730775,8
0.7555533398140419,463007,104,1966,261983,0.6386391536434985,0.050241545893719805,0.36136084635650145,0.9497584541062802,0.999775431807925,0.6386391536434985,0.7794068012736292,8
0.7571712270513311,465465,106,1964,259525,0.6420295452351067,0.051207729468599035,0.3579704547648933,0.9487922705314009,0.9997723225888211,0.6420295452351067,0.7819254956276914,8
0.7587891142886203,467760,106,1964,257230,0.645195106139395,0.051207729468599035,0.354804893860605,0.9487922705314009,0.9997734394035899,0.645195106139395,0.7842690148685171,8
0.7604070015259095,470064,107,1963,254926,0.6483730810080139,0.051690821256038647,0.3516269189919861,0.9483091787439614,0.9997724232247417,0.6483730810080139,0.7866120129421895,8
0.7620248887631986,472324,107,1963,252666,0.6514903653843501,0.051690821256038647,0.3485096346156499,0.9483091787439614,0.9997735118990921,0.6514903653843501,0.788902148868276,8
0.7636427760004878,474673,107,1963,250317,0.6547304100746217,0.051690821256038647,0.34526958992537826,0.9483091787439614,0.9997746324613506,0.6547304100746217,0.7912733273877492,8
0.765260663237777,476995,108,1962,247995,0.6579332128719017,0.05217391304347826,0.3420667871280983,0.9478260869565217,0.9997736337855767,0.6579332128719017,0.7936074829484906,8
0.7668785504750661,479317,108,1962,245673,0.6611360156691817,0.05217391304347826,0.3388639843308184,0.9478260869565217,0.9997747301454868,0.6611360156691817,0.7959332954172772,8
0.7684964377123553,481729,108,1962,243261,0.6644629581097671,0.05217391304347826,0.335537041890233,0.9478260869565217,0.9997758578108364,0.6644629581097671,0.7983397786095272,8
0.7701143249496445,484079,108,1962,240911,0.6677043821294086,0.05217391304347826,0.3322956178705913,0.9478260869565217,0.9997769456842088,0.6677043821294086,0.8006751699709801,8
0.7717322121869337,486402,108,1962,238588,0.6709085642560587,0.05217391304347826,0.3290914357439413,0.9478260869565217,0.9997780107294814,0.6709085642560587,0.8029748245976064,8
0.7733500994242228,488585,109,1961,236405,0.6739196402709002,0.052657004830917876,0.3260803597290997,0.9473429951690822,0.9997769565413122,0.6739196402709002,0.8051271995016825,8
0.774967986661512,490811,109,1961,234179,0.6769900274486544,0.052657004830917876,0.32300997255134556,0.9473429951690822,0.9997779678970097,0.6769900274486544,0.8073146861198609,8
0.7765858738988012,493114,110,1960,231876,0.6801666229879033,0.05314009661835749,0.31983337701209674,0.9468599033816425,0.9997769776004412,0.6801666229879033,0.8095687621386719,8
0.7782037611360904,495355,110,1960,229635,0.6832577001062083,0.05314009661835749,0.31674229989379166,0.9468599033816425,0.9997779863360682,0.6832577001062083,0.8117546324936191,8
0.7798216483733795,497632,112,1958,227358,0.6863984330818356,0.05410628019323672,0.3136015669181644,0.9458937198067633,0.9997749847311067,0.6863984330818356,0.8139660792944335,8
0.7814395356106687,499970,112,1958,225020,0.6896233051490366,0.05410628019323672,0.3103766948509635,0.9458937198067633,0.9997760367299763,0.6896233051490366,0.8162295767105933,8
0.7830574228479579,502191,113,1957,222799,0.6926867956799404,0.05458937198067633,0.3073132043200596,0.9454106280193236,0.9997750366312034,0.6926867956799404,0.8183711482334306,8
0.784675310085247,504370,113,1957,220620,0.6956923543773017,0.05458937198067633,0.30430764562269824,0.9454106280193236,0.9997760083094971,0.6956923543773017,0.820465353854863,8
0.7862931973225362,506527,113,1957,218463,0.6986675678285218,0.05458937198067633,0.3013324321714782,0.9454106280193236,0.9997769619453656,0.6986675678285218,0.8225311172998384,8
0.7879110845598254,508722,113,1957,216268,0.7016951957958041,0.05458937198067633,0.2983048042041959,0.9454106280193236,0.9997779240814803,0.7016951957958041,0.8246258586104188,8
0.7895289717971146,510953,113,1957,214037,0.7047724796204086,0.05458937198067633,0.29522752037959143,0.9454106280193236,0.9997788935284289,0.7047724796204086,0.826747331836098,8
0.7911468590344037,513108,114,1956,211882,0.7077449344128884,0.05507246376811594,0.29225506558711156,0.9449275362318841,0.9997778739025217,0.7077449344128884,0.8287886080897294,8
0.7927647462716929,515257,115,1955,209733,0.710709113229148,0.05555555555555555,0.289290886770852,0.9444444444444444,0.9997768602097126,0.710709113229148,0.8308171324177942,8
0.7943826335089821,517422,116,1954,207568,0.7136953613153285,0.05603864734299517,0.2863046386846715,0.9439613526570049,0.9997758618690802,0.7136953613153285,0.832853666074326,8
0.7960005207462713,519591,117,1953,205399,0.7166871267189893,0.05652173913043478,0.2833128732810108,0.9434782608695652,0.9997748735828581,0.7166871267189893,0.8348868560887862,8
0.7976184079835604,521835,117,1953,203155,0.7197823418254045,0.05652173913043478,0.2802176581745955,0.9434782608695652,0.9997758414566856,0.7197823418254045,0.8369835966708956,8
0.7992362952208496,523974,119,1951,201016,0.7227327273479635,0.05748792270531401,0.2772672726520366,0.942512077294686,0.9997729410619871,0.7227327273479635,0.8389738712319358,8
0.8008541824581388,526101,119,1951,198889,0.7256665609180817,0.05748792270531401,0.2743334390819184,0.942512077294686,0.9997738588423093,0.7256665609180817,0.8409475627592491,8
0.802472069695428,528184,120,1950,196806,0.7285397039959172,0.057971014492753624,0.27146029600408283,0.9420289855072463,0.9997728580514249,0.7285397039959172,0.8428732603842355,8
0.804089956932717,530296,122,1948,194694,0.7314528476254845,0.05893719806763285,0.2685471523745155,0.9410628019323671,0.9997699927227206,0.7314528476254845,0.8448185769088614,8
0.8057078441700062,532374,122,1948,192616,0.7343190940564698,0.05893719806763285,0.2656809059435303,0.9410628019323671,0.9997708902977674,0.7343190940564698,0.8467275182387717,8
0.8073257314072954,534339,122,1948,190651,0.7370294762686382,0.05893719806763285,0.2629705237313618,0.9410628019323671,0.9997717326427934,0.7370294762686382,0.8485268581310429,8
0.8089436186445845,536334,122,1948,188656,0.7397812383619085,0.05893719806763285,0.26021876163809154,0.9410628019323671,0.999772581535112,0.7397812383619085,0.8503479340376044,8
0.8105615058818737,538321,122,1948,186669,0.7425219658202182,0.05893719806763285,0.25747803417978177,0.9410628019323671,0.9997734207706294,0.7425219658202182,0.852155990859824,8
0.8121793931191629,540296,122,1948,184694,0.7452461413260872,0.05893719806763285,0.25475385867391276,0.9410628019323671,0.999774248822208,0.7452461413260872,0.8539475015172971,8
0.813797280356452,542246,122,1948,182744,0.7479358335977048,0.05893719806763285,0.25206416640229523,0.9410628019323671,0.9997750604755443,0.7479358335977048,0.855710856758706,8
0.8154151675937412,544188,122,1948,180802,0.7506144912343619,0.05893719806763285,0.24938550876563814,0.9410628019323671,0.9997758630192354,0.7506144912343619,0.8574615930040179,8
0.8170330548310304,546196,122,1948,178794,0.7533841846094429,0.05893719806763285,0.2466158153905571,0.9410628019323671,0.9997766868380686,0.7533841846094429,0.8592662045704109,8
0.8186509420683196,548170,122,1948,176820,0.7561069807859419,0.05893719806763285,0.24389301921405812,0.9410628019323671,0.9997774908260562,0.7561069807859419,0.8610347118705832,8
0.8202688293056087,550123,123,1947,174867,0.7588008110456695,0.059420289855072465,0.2411991889543304,0.9405797101449276,0.9997764636180908,0.7588008110456695,0.8627783406365567,8
0.8218867165428979,552115,123,1947,172875,0.7615484351508297,0.059420289855072465,0.23845156484917032,0.9405797101449276,0.9997772699452048,0.7615484351508297,0.8645519828879418,8
0.8235046037801871,554046,124,1946,170944,0.7642119201644161,0.05990338164251208,0.23578807983558395,0.9400966183574879,0.9997762419474169,0.7642119201644161,0.8662653616435787,8
0.8251224910174763,555972,124,1946,169018,0.7668685085311522,0.05990338164251208,0.23313149146884785,0.9400966183574879,0.9997770169179422,0.7668685085311522,0.8679698318457932,8
0.8267403782547654,557877,125,1945,167113,0.769496130981117,0.06038647342995169,0.230503869018883,0.9396135265700483,0.9997759864659983,0.769496130981117,0.8696500056118822,8
0.8283582654920546,559755,125,1945,165235,0.7720865115380902,0.06038647342995169,0.2279134884619098,0.9396135265700483,0.9997767378724012,0.7720865115380902,0.8713021550818371,8
0.8299761527293438,561645,125,1945,163345,0.7746934440475041,0.06038647342995169,0.2253065559524959,0.9396135265700483,0.999777489007957,0.7746934440475041,0.8729599925394013,8
0.831594039966633,563531,125,1945,161459,0.7772948592394378,0.06038647342995169,0.22270514076056222,0.9396135265700483,0.9997782335325092,0.7772948592394378,0.8746094738198077,8
0.8332119272039221,565292,126,1944,159698,0.7797238582601139,0.06086956521739131,0.22027614173988608,0.9391304347826087,0.9997771560155495,0.7797238582601139,0.8761445992275311,8
0.8348298144412113,567141,127,1943,157849,0.7822742382653554,0.06135265700483092,0.2177257617346446,0.938647342995169,0.9997761199292046,0.7822742382653554,0.8777519659386902,8
0.8364477016785005,568995,128,1942,155995,0.7848315149174472,0.06183574879227053,0.21516848508255287,0.9381642512077295,0.999775092554685,0.7848315149174472,0.8793590667893763,8
0.8380655889157896,570833,129,1941,154157,0.7873667222996179,0.06231884057971015,0.21263327770038207,0.9376811594202898,0.9997740655245008,0.7873667222996179,0.8809477511512771,8
0.8396834761530788,572588,129,1941,152402,0.7897874453440737,0.06231884057971015,0.21021255465592628,0.9376811594202898,0.9997747578647046,0.7897874453440737,0.8824611410742179,8
0.841301363390368,574436,130,1940,150554,0.7923364460199451,0.06280193236714976,0.2076635539800549,0.9371980676328503,0.9997737422680771,0.7923364460199451,0.8840496292579928,8
0.8429192506276572,576260,131,1939,148730,0.7948523427909351,0.06328502415458938,0.20514765720906494,0.9367149758454106,0.9997727237239998,0.7948523427909351,0.8856130525956658,8
0.8445371378649463,578011,131,1939,146979,0.7972675485179106,0.06328502415458938,0.2027324514820894,0.9367149758454106,0.9997734120683154,0.7972675485179106,0.8871104385434476,8
0.8461550251022355,579749,131,1939,145241,0.7996648229630754,0.06328502415458938,0.20033517703692466,0.9367149758454106,0.9997740911912809,0.7996648229630754,0.8885927333757385,8
0.8477729123395247,581502,132,1938,143488,0.802082787348791,0.06376811594202898,0.19791721265120898,0.936231884057971,0.99977305315714,0.802082787348791,0.8900831455721003,8
0.8493907995768138,583231,132,1938,141759,0.8044676478296252,0.06376811594202898,0.19553235217037476,0.936231884057971,0.999773725793374,0.8044676478296252,0.8915499104599447,8
0.851008686814103,584906,132,1938,140084,0.8067780245244762,0.06376811594202898,0.1932219754755238,0.936231884057971,0.9997743736304309,0.8067780245244762,0.892967173220725,8
0.8526265740513922,586620,132,1938,138370,0.8091421950647595,0.06376811594202898,0.1908578049352405,0.936231884057971,0.9997750327225131,0.8091421950647595,0.89441368805756,8
0.8542444612886813,588359,133,1937,136631,0.8115408488392943,0.0642512077294686,0.18845915116070566,0.9357487922705314,0.9997739986269992,0.8115408488392943,0.8958767611585086,8
0.8558623485259704,590019,134,1936,134971,0.8138305355935944,0.0647342995169082,0.1861694644064056,0.9352657004830918,0.9997729402375316,0.8138305355935944,0.8972697265620544,8
0.8574802357632596,591661,135,1935,133329,0.8160953944192334,0.06521739130434782,0.18390460558076663,0.9347826086956522,0.9997718808508337,0.8160953944192334,0.8986441228870903,8
0.8590981230005488,593191,135,1935,131799,0.8182057683554256,0.06521739130434782,0.1817942316445744,0.9347826086956522,0.9997724690979327,0.8182057683554256,0.8999223251481434,8
0.860716010237838,594727,136,1934,130263,0.8203244182678382,0.06570048309178744,0.17967558173216183,0.9342995169082126,0.9997713759302562,0.8203244182678382,0.9012018762695542,8
0.8623338974751271,596348,136,1934,128642,0.8225603111767059,0.06570048309178744,0.1774396888232941,0.9342995169082126,0.9997719972371429,0.8225603111767059,0.9025497285606829,8
0.8639517847124163,597940,136,1934,127050,0.8247562035338418,0.06570048309178744,0.17524379646615815,0.9342995169082126,0.9997726041506431,0.8247562035338418,0.9038702528823203,8
0.8655696719497055,599498,136,1934,125492,0.8269051986923958,0.06570048309178744,0.17309480130760424,0.9342995169082126,0.9997731949822726,0.8269051986923958,0.90515950186619,8
0.8671875591869946,601075,136,1934,123915,0.8290804011089808,0.06570048309178744,0.17091959889101918,0.9342995169082126,0.9997737899007171,0.8290804011089808,0.906461388582877,8
0.8688054464242838,602665,137,1933,122325,0.8312735348073766,0.06618357487922705,0.16872646519262335,0.9338164251207729,0.9997727280267816,0.8312735348073766,0.907770192921783,8
0.870423333661573,604161,137,1933,120829,0.8333370115449868,0.06618357487922705,0.16666298845501318,0.9338164251207729,0.9997732906612301,0.8333370115449868,0.9089994041923195,8
0.8720412208988622,605679,138,1932,119311,0.8354308335287384,0.06666666666666667,0.16456916647126169,0.9333333333333333,0.9997722084391821,0.8354308335287384,0.9102431832715036,8
0.8736591081361513,607222,138,1932,117768,0.8375591387467414,0.06666666666666667,0.16244086125325866,0.9333333333333333,0.9997727871443625,0.8375591387467414,0.9115052351108943,8
0.8752769953734405,608799,138,1932,116191,0.8397343411633263,0.06666666666666667,0.1602656588366736,0.9333333333333333,0.9997733755708719,0.8397343411633263,0.9127920793266797,8
0.8768948826107297,610324,138,1932,114666,0.8418378184526684,0.06666666666666667,0.1581621815473317,0.9333333333333333,0.999773941703169,0.8418378184526684,0.9140336006086329,8
0.8785127698480188,611776,138,1932,113214,0.8438406046979958,0.06666666666666667,0.15615939530200418,0.9333333333333333,0.9997744781129374,0.8438406046979958,0.9152130594268548,8
0.880130657085308,613186,139,1931,111804,0.8457854591097809,0.06714975845410628,0.1542145408902192,0.9328502415458937,0.9997733664859577,0.8457854591097809,0.9163552676313126,8
0.8817485443225972,614637,139,1931,110353,0.8477868660257383,0.06714975845410628,0.15221313397426173,0.9328502415458937,0.9997739013884732,0.8477868660257383,0.917528881909229,8
0.8833664315598864,616062,139,1931,108928,0.8497524103780741,0.06714975845410628,0.15024758962192583,0.9328502415458937,0.9997744242544234,0.8497524103780741,0.9186789950126417,8
0.8849843187971755,617406,139,1931,107584,0.8516062290514352,0.06714975845410628,0.14839377094856482,0.9328502415458937,0.9997749151883668,0.8516062290514352,0.9197614959758964,8
0.8866022060344647,618798,139,1931,106192,0.8535262555345591,0.06714975845410628,0.1464737444654409,0.9328502415458937,0.9997754214079947,0.8535262555345591,0.9208803751989505,8
0.8882200932717539,620172,139,1931,104818,0.8554214540890219,0.06714975845410628,0.14457854591097807,0.9328502415458937,0.9997759188536073,0.8554214540890219,0.9219825154370658,8
0.8898379805090431,621577,140,1930,103413,0.8573594118539566,0.06763285024154589,0.14264058814604338,0.9323671497584541,0.9997748171595758,0.8573594118539566,0.9231065109188562,8
0.8914558677463322,622982,140,1930,102008,0.8592973696188912,0.06763285024154589,0.1407026303811087,0.9323671497584541,0.9997753248962482,0.8592973696188912,0.9242288474548108,8
0.8930737549836214,624293,140,1930,100697,0.8611056704230403,0.06763285024154589,0.13889432957695969,0.9323671497584541,0.9997757966026779,0.8611056704230403,0.9252739874746466,8
0.8946916422209106,625623,140,1930,99367,0.8629401784852205,0.06763285024154589,0.13705982151477952,0.9323671497584541,0.9997762731257681,0.8629401784852205,0.9263322013721236,8
0.8963095294581997,626926,141,1929,98064,0.864737444654409,0.06811594202898551,0.13526255534559098,0.9318840579710145,0.9997751436449375,0.864737444654409,0.9273662279031136,8
0.8979274166954889,628258,141,1929,96732,0.8665747113753293,0.06811594202898551,0.13342528862467068,0.9318840579710145,0.9997756202667414,0.8665747113753293,0.9284219097391806,8
0.8995453039327781,629553,143,1927,95437,0.8683609429095573,0.06908212560386473,0.13163905709044263,0.9309178743961353,0.9997729062912898,0.8683609429095573,0.9294449045756729,8
0.9011631911700673,630846,144,1926,94144,0.8701444157850453,0.06956521739130435,0.1298555842149547,0.9304347826086956,0.9997717871915561,0.8701444157850453,0.9304650511069484,8
0.9027810784073563,632093,144,1926,92897,0.8718644395095104,0.06956521739130435,0.12813556049048952,0.9304347826086956,0.9997722373097431,0.8718644395095104,0.9314477239253272,8
0.9043989656446455,633348,145,1925,91642,0.8735954978689361,0.07004830917874397,0.12640450213106388,0.9299516908212561,0.999771110335868,0.8735954978689361,0.9324341931404367,8
0.9060168528819347,634594,145,1925,90396,0.8753141422640313,0.07004830917874397,0.12468585773596877,0.9299516908212561,0.9997715596489266,0.8753141422640313,0.9334124667488889,8
0.9076347401192238,635855,146,1924,89135,0.8770534765996773,0.07053140096618357,0.12294652340032276,0.9294685990338164,0.9997704406125147,0.8770534765996773,0.9344000070536838,8
0.909252627356513,637153,146,1924,87837,0.8788438461220155,0.07053140096618357,0.12115615387798452,0.9294685990338164,0.9997709081608476,0.8788438461220155,0.9354153193632189,8
0.9108705145938022,638406,146,1924,86584,0.880572145822701,0.07053140096618357,0.119427854177299,0.9294685990338164,0.9997713576967889,0.880572145822701,0.9363935984370119,8
0.9124884018310914,639620,147,1923,85370,0.8822466516779541,0.07101449275362319,0.11775334832204583,0.9289855072463769,0.9997702288489403,0.8822466516779541,0.9373390281200242,8
0.9141062890683805,640847,147,1923,84143,0.8839390888150181,0.07101449275362319,0.11606091118498187,0.9289855072463769,0.999770668680206,0.8839390888150181,0.9382935671281655,8
0.9157241763056697,642061,147,1923,82929,0.8856135946702713,0.07101449275362319,0.11438640532972869,0.9289855072463769,0.9997711021974189,0.8856135946702713,0.9392363066651648,8
0.9173420635429589,643197,148,1922,81793,0.8871805128346598,0.07149758454106281,0.11281948716534021,0.9285024154589372,0.999769952358377,0.8871805128346598,0.9401162726963792,8
0.9189599507802481,644373,148,1922,80617,0.8888026041738507,0.07149758454106281,0.11119739582614932,0.9285024154589372,0.9997703721057964,0.8888026041738507,0.9410263955528653,8
0.9205778380175372,645538,148,1922,79452,0.8904095228899709,0.07149758454106281,0.1095904771100291,0.9285024154589372,0.9997707864194051,0.8904095228899709,0.9419264654812662,8
0.9221957252548264,646686,148,1922,78304,0.8919929930068001,0.07149758454106281,0.1080070069931999,0.9285024154589372,0.9997711932273196,0.8919929930068001,0.9428119059004654,8
0.9238136124921156,647812,148,1922,77178,0.8935461178774879,0.07149758454106281,0.10645388212251203,0.9285024154589372,0.9997715908389406,0.8935461178774879,0.9436789395098146,8
0.9254314997294047,648955,148,1922,76035,0.8951226913474669,0.07149758454106281,0.10487730865253314,0.9285024154589372,0.9997719930427066,0.8951226913474669,0.944557610001652,8
0.9270493869666939,650060,148,1922,74930,0.8966468503013835,0.07149758454106281,0.10335314969861653,0.9285024154589372,0.999772380530538,0.8966468503013835,0.9454056797639322,8
0.9286672742039831,651141,148,1922,73849,0.8981379053504186,0.07149758454106281,0.10186209464958138,0.9285024154589372,0.9997727583300194,0.8981379053504186,0.9462340121443399,8
0.9302851614412723,652191,149,1921,72799,0.8995862011889819,0.07198067632850241,0.10041379881101808,0.9280193236714975,0.9997715915013643,0.8995862011889819,0.9470366578815534,8
0.9319030486785614,653217,150,1920,71773,0.9010013931226638,0.07246376811594203,0.09899860687733623,0.927536231884058,0.9997704199936636,0.9010013931226638,0.9478197593221495,8
0.9335209359158506,654273,150,1920,70717,0.9024579649374475,0.07246376811594203,0.09754203506255259,0.927536231884058,0.9997707904520471,0.9024579649374475,0.9486252485658755,8
0.9351388231531398,655311,150,1920,69679,0.90388970882357,0.07246376811594203,0.09611029117643002,0.927536231884058,0.9997711534324697,0.90388970882357,0.9494158068631193,8
0.936756710390429,656360,150,1920,68630,0.9053366253327632,0.07246376811594203,0.09466337466723679,0.927536231884058,0.9997715190933878,0.9053366253327632,0.9502135360115816,8
0.9383745976277181,657416,150,1920,67574,0.9067931971475469,0.07246376811594203,0.09320680285245314,0.927536231884058,0.9997718860160045,0.9067931971475469,0.9510153657428705,8
0.9399924848650073,658438,150,1920,66552,0.9082028717637485,0.07246376811594203,0.09179712823625154,0.927536231884058,0.999772240004373,0.9082028717637485,0.9517902134899515,8
0.9416103721022965,659401,151,1919,65589,0.9095311659471165,0.07294685990338164,0.09046883405288349,0.9270531400966183,0.9997710567172868,0.9095311659471165,0.9525185945966247,8
0.9432282593395857,660377,151,1919,64613,0.9108773914122953,0.07294685990338164,0.08912260858770465,0.9270531400966183,0.999771395005208,0.9108773914122953,0.9532564715868,8
0.9448461465768748,661380,151,1919,63610,0.9122608587704658,0.07294685990338164,0.0877391412295342,0.9270531400966183,0.9997717416115042,0.9122608587704658,0.9540136788407821,8
0.946464033814164,662308,152,1918,62682,0.9135408764258818,0.07342995169082125,0.08645912357411827,0.9265700483091788,0.9997705521842828,0.9135408764258818,0.9547126022559372,8
0.9480819210514532,663295,153,1917,61695,0.9149022745141312,0.07391304347826087,0.08509772548586877,0.9260869565217391,0.9997693865984976,0.9149022745141312,0.9554549789043515,8
0.9496998082887423,664248,154,1916,60742,0.9162167754037986,0.07439613526570048,0.08378322459620133,0.9256038647342996,0.9997682126182642,0.9162167754037986,0.9561707567050912,8
0.9513176955260314,665210,154,1916,59780,0.9175436902577967,0.07439613526570048,0.08245630974220335,0.9256038647342996,0.9997685477422884,0.9175436902577967,0.9568929927198397,8
0.9529355827633206,666099,154,1916,58891,0.9187699140677802,0.07439613526570048,0.08123008593221975,0.9256038647342996,0.9997688565755051,0.9187699140677802,0.9575595348907415,8
0.9545534700006097,666999,155,1915,57991,0.9200113105008345,0.0748792270531401,0.0799886894991655,0.9251207729468599,0.9997676698333519,0.9200113105008345,0.9582327690238942,8
0.9561713572378989,667893,157,1913,57097,0.9212444309576684,0.07584541062801932,0.07875556904233162,0.9241545893719807,0.9997649876506249,0.9212444309576684,0.9588999598001493,8
0.9577892444751881,668787,157,1913,56203,0.9224775514145023,0.07584541062801932,0.07752244858549773,0.9241545893719807,0.9997653017292928,0.9224775514145023,0.9595676696314174,8
0.9594071317124773,669725,158,1912,55265,0.9237713623636188,0.07632850241545894,0.07622863763638119,0.923671497584541,0.9997641379166212,0.9237713623636188,0.9602666335931658,8
0.9610250189497664,670602,158,1912,54388,0.9249810342211616,0.07632850241545894,0.07501896577883833,0.923671497584541,0.9997644462997197,0.9249810342211616,0.9609199355185384,8
0.9626429061870556,671479,158,1912,53511,0.9261907060787046,0.07632850241545894,0.07380929392129547,0.923671497584541,0.9997647538774665,0.9261907060787046,0.9615724169731791,8
0.9642607934243448,672319,159,1911,52671,0.9273493427495552,0.07681159420289856,0.07265065725044484,0.9231884057971015,0.999763561038428,0.9273493427495552,0.9621959143250507,8
0.965878680661634,673142,159,1911,51848,0.9284845308211148,0.07681159420289856,0.07151546917888522,0.9231884057971015,0.9997638500462646,0.9284845308211148,0.962806740513956,8
0.9674965678989231,673984,159,1911,51006,0.9296459261507055,0.07681159420289856,0.07035407384929447,0.9231884057971015,0.999764144995943,0.9296459261507055,0.9634309247226677,8
0.9691144551362123,674761,159,1911,50229,0.9307176650712423,0.07681159420289856,0.06928233492875764,0.9231884057971015,0.9997644165234398,0.9307176650712423,0.9640062575451279,8
0.9707323423735015,675607,159,1911,49383,0.9318845777183133,0.07681159420289856,0.06811542228168664,0.9231884057971015,0.9997647114533729,0.9318845777183133,0.9646319558866783,8
0.9723502296107907,676421,162,1908,48569,0.9330073518255424,0.0782608695652174,0.06699264817445758,0.9217391304347826,0.9997605615275583,0.9330073518255424,0.9652312080783519,8
0.9739681168480798,677238,162,1908,47752,0.9341342639208816,0.0782608695652174,0.06586573607911833,0.9217391304347826,0.9997608503100088,0.9341342639208816,0.9658340404595013,8
0.975586004085369,678026,163,1907,46964,0.9352211754644891,0.078743961352657,0.06477882453551083,0.921256038647343,0.9997596540197496,0.9352211754644891,0.9664141210779237,8
0.9772038913226582,678782,164,1906,46208,0.9362639484682548,0.07922705314009662,0.06373605153174526,0.9207729468599034,0.9997584491255563,0.9362639484682548,0.9669700043306818,8
0.9788217785599473,679572,165,1905,45418,0.9373536186706024,0.07971014492753623,0.06264638132939765,0.9202898550724637,0.9997572590575473,0.9373536186706024,0.9675502784526815,8
0.9804396657972365,680394,166,1904,44596,0.9384874274127919,0.08019323671497584,0.061512572587208096,0.9198067632850242,0.999756083225579,0.9384874274127919,0.96815339191064,8
0.9820575530345257,681126,168,1902,43864,0.939497096511676,0.08115942028985507,0.060502903488323975,0.9188405797101449,0.9997534104219323,0.939497096511676,0.9686891125832335,8
0.9836754402718149,681846,168,1902,43144,0.9404902136581195,0.08115942028985507,0.059509786341880574,0.9188405797101449,0.9997536707457618,0.9404902136581195,0.9692168607907298,8
0.985293327509104,682556,168,1902,42434,0.9414695375108623,0.08115942028985507,0.058530462489137784,0.9188405797101449,0.9997539269162942,0.9414695375108623,0.969736750504719,8
0.9869112147463932,683272,168,1902,41718,0.9424571373398254,0.08115942028985507,0.057542862660174623,0.9188405797101449,0.9997541847126302,0.9424571373398254,0.9702605028293916,8
0.9885291019836824,683992,168,1902,40998,0.9434502544862687,0.08115942028985507,0.05654974551373122,0.9188405797101449,0.9997544434050515,0.9434502544862687,0.9707866444310399,8
0.9901469892209716,684709,170,1900,40281,0.944439233644602,0.0821256038647343,0.05556076635539801,0.9178743961352657,0.9997517809715293,0.944439233644602,0.9713086818704432,8
0.9917648764582607,685386,170,1900,39604,0.9453730396281328,0.0821256038647343,0.0546269603718672,0.9178743961352657,0.9997520260926898,0.9453730396281328,0.9718024084290765,8
0.9933827636955499,686085,170,1900,38905,0.946337190857805,0.0821256038647343,0.05366280914219507,0.9178743961352657,0.9997522786719223,0.946337190857805,0.972311682238024,8
0.9950006509328391,686747,171,1899,38243,0.9472503069007848,0.08260869565217391,0.052749693099215164,0.9173913043478261,0.9997510619899318,0.9472503069007848,0.9727928448595801,8
0.9966185381701282,687432,172,1898,37558,0.9481951475192761,0.08309178743961353,0.05180485248072387,0.9169082125603865,0.99974985602178,0.9481951475192761,0.9732902730720929,8
0.9982364254074174,688084,172,1898,36906,0.9490944702685554,0.08309178743961353,0.05090552973144457,0.9169082125603865,0.9997500929886554,0.9490944702685554,0.9737639448475353,8
0.9998543126447065,688725,173,1897,36265,0.9499786203947641,0.08357487922705314,0.050021379605235936,0.9164251207729469,0.999748874289082,0.9499786203947641,0.9742285103204781,8
1.0014721998819958,689445,174,1896,35545,0.9509717375412075,0.08405797101449275,0.049028262458792535,0.9159420289855073,0.9997476867661709,0.9509717375412075,0.9747499132269057,8
1.003090087119285,690055,176,1894,34935,0.9518131284569442,0.08502415458937199,0.048186871543055766,0.914975845410628,0.9997450129014779,0.9518131284569442,0.9751904472870314,8
1.004707974356574,690676,177,1893,34314,0.9526696919957517,0.08550724637681159,0.04733030800424833,0.9144927536231884,0.9997437949896721,0.9526696919957517,0.9756392481369756,8
1.0063258615938633,691241,177,1893,33749,0.9534490130898358,0.08550724637681159,0.04655098691016428,0.9144927536231884,0.9997440043504797,0.9534490130898358,0.9760478619154933,8
1.0079437488311525,691899,177,1893,33091,0.9543566118153354,0.08550724637681159,0.04564338818466462,0.9144927536231884,0.9997442477415776,0.9543566118153354,0.9765233235431519,8
1.0095616360684416,692444,178,1892,32546,0.9551083463220182,0.08599033816425121,0.044891653677981765,0.9140096618357488,0.9997430055643627,0.9551083463220182,0.9769161096266115,8
1.0111795233057308,693000,179,1891,31990,0.9558752534517717,0.08647342995169083,0.044124746548228254,0.9135265700483092,0.9997417694419479,0.9558752534517717,0.9773165257455212,8
1.01279741054302,693580,182,1888,31410,0.9566752644864067,0.08792270531400966,0.04332473551359329,0.9120772946859903,0.9997376621953926,0.9566752644864067,0.9777325424034644,8
1.0144152977803091,694131,182,1888,30859,0.9574352749693099,0.08792270531400966,0.04256472503069008,0.9120772946859903,0.9997378703841063,0.9574352749693099,0.9781294057717063,8
1.0160331850175983,694726,182,1888,30264,0.9582559759444957,0.08792270531400966,0.04174402405550422,0.9120772946859903,0.9997380948269411,0.9582559759444957,0.9785576147019011,8
1.0176510722548875,695285,183,1887,29705,0.9590270210623595,0.08840579710144927,0.04097297893764052,0.9115942028985508,0.9997368678357595,0.9590270210623595,0.9789588991719572,8
1.0192689594921767,695828,183,1887,29162,0.9597759969103022,0.08840579710144927,0.04022400308969779,0.9115942028985508,0.9997370731209708,0.9597759969103022,0.9793490644974916,8
1.0208868467294658,696373,184,1886,28617,0.9605277314169851,0.08888888888888889,0.03947226858301494,0.9111111111111111,0.9997358435849472,0.9605277314169851,0.9797396779705492,8
1.022504733966755,696907,184,1886,28083,0.9612642933005973,0.08888888888888889,0.03873570669940275,0.9111111111111111,0.9997360459394828,0.9612642933005973,0.98012279188035,8
1.024122621204044,697438,186,1884,27552,0.9619967171960992,0.08985507246376812,0.038003282803900744,0.9101449275362319,0.9997333807323142,0.9619967171960992,0.9805020898149462,8
1.0257405084413331,697972,188,1882,27018,0.9627332790797114,0.09082125603864734,0.03726672092028856,0.9091787439613527,0.9997307207516901,0.9627332790797114,0.9808832519411165,8
1.0273583956786223,698450,188,1882,26540,0.9633925985186003,0.09082125603864734,0.036607401481399744,0.9091787439613527,0.9997309049894223,0.9633925985186003,0.9812254324865766,8
1.0289762829159115,698950,188,1882,26040,0.9640822632036304,0.09082125603864734,0.03591773679636961,0.9091787439613527,0.9997310974371297,0.9640822632036304,0.9815831161243933,8
1.0305941701532007,699435,189,1881,25555,0.9647512379481096,0.09130434782608696,0.03524876205189037,0.908695652173913,0.9997298548934856,0.9647512379481096,0.9819291401039159,8
1.0322120573904898,699904,189,1881,25086,0.9653981434226679,0.09130434782608696,0.0346018565773321,0.908695652173913,0.9997300358666634,0.9653981434226679,0.9822641909278267,8
1.033829944627779,700368,191,1879,24622,0.9660381522503758,0.09227053140096618,0.03396184774962413,0.9077294685990338,0.9997273605791946,0.9660381522503758,0.9825940742829604,8
1.0354478318650682,700872,191,1879,24118,0.9667333342528862,0.09227053140096618,0.033266665747113754,0.9077294685990338,0.9997275565819335,0.9667333342528862,0.9829536489878006,8
1.0370657191023573,701321,193,1877,23669,0.9673526531400433,0.09323671497584542,0.03264734685995669,0.9067632850241546,0.9997248807579037,0.9673526531400433,0.9832723918054208,8
1.0386836063396465,701771,194,1876,23219,0.9679733513565705,0.09371980676328502,0.032026648643429564,0.9062801932367149,0.9997236329446625,0.9679733513565705,0.9835923347267432,8
1.0403014935769357,702210,194,1876,22780,0.9685788769500269,0.09371980676328502,0.031421123049973104,0.9062801932367149,0.9997238056730884,0.9685788769500269,0.983904934446971,8
1.0419193808142249,702667,195,1875,22323,0.9692092304721445,0.09420289855072464,0.030790769527855557,0.9057971014492754,0.9997225628928581,0.9692092304721445,0.9842294579550263,8
1.043537268051514,703109,195,1875,21881,0.9698188940537111,0.09420289855072464,0.030181105946288915,0.9057971014492754,0.999722737251601,0.9698188940537111,0.9845437984056504,8
1.0451551552888032,703546,198,1872,21444,0.9704216609884274,0.09565217391304348,0.029578339011572575,0.9043478260869565,0.9997186476900691,0.9704216609884274,0.9848523238055509,8
1.0467730425260924,703967,199,1871,21023,0.9710023586532228,0.09613526570048309,0.0289976413467772,0.9038647342995169,0.9997173961821503,0.9710023586532228,0.9851506763432404,8
1.0483909297633816,704416,201,1869,20574,0.9716216775403799,0.09710144927536232,0.02837832245962013,0.9028985507246376,0.9997147386452498,0.9716216775403799,0.9854680342219925,8
1.0500088170006707,704841,203,1867,20149,0.9722078925226555,0.09806763285024155,0.027792107477344515,0.9019323671497584,0.9997120747073941,0.9722078925226555,0.985768170546994,8
1.05162670423796,705268,204,1866,19722,0.9727968661636712,0.09855072463768116,0.027203133836328778,0.9014492753623189,0.9997108318969428,0.9727968661636712,0.9860702346514623,8
1.053244591475249,705651,204,1866,19339,0.9733251493124043,0.09855072463768116,0.026674850687595692,0.9014492753623189,0.999710988800816,0.9733251493124043,0.986341637284262,8
1.0548624787125382,706026,204,1866,18964,0.9738423978261769,0.09855072463768116,0.026157602173823086,0.9014492753623189,0.9997111422624357,0.9738423978261769,0.986607230195218,8
1.0564803659498274,706418,205,1865,18572,0.9743830949392406,0.09903381642512077,0.02561690506075946,0.9009661835748792,0.9997098877336288,0.9743830949392406,0.9868840252219,8
1.0580982531871166,706818,206,1864,18172,0.9749348266872646,0.09951690821256039,0.025065173312735348,0.9004830917874396,0.999708637896309,0.9749348266872646,0.9871663265861925,8
1.0597161404244058,707162,208,1862,17828,0.9754093159905654,0.10048309178743961,0.024590684009434614,0.8995169082125604,0.9997059530373072,0.9754093159905654,0.9874081934709151,8
1.061334027661695,707529,208,1862,17461,0.9759155298693775,0.10048309178743961,0.024084470130622492,0.8995169082125604,0.9997061055165972,0.9759155298693775,0.9876675737945888,8
1.062951914898984,707889,209,1861,17101,0.9764120884425992,0.10096618357487923,0.023587911557400792,0.8990338164251208,0.999704843114936,0.9764120884425992,0.9879211883708466,8
1.0645698021362733,708246,211,1859,16744,0.9769045090277108,0.10193236714975845,0.023095490972289273,0.8980676328502415,0.999702169644735,0.9769045090277108,0.9881718682309149,8
1.0661876893735625,708576,212,1858,16414,0.9773596877198306,0.10241545893719807,0.02264031228016938,0.8975845410628019,0.9997008978707315,0.9773596877198306,0.988404062553617,8
1.0678055766108516,708910,215,1855,16080,0.9778203837294307,0.10386473429951691,0.02217961627056925,0.8961352657004831,0.9996968094482637,0.9778203837294307,0.9886375918249233,8
1.0694234638481408,709235,216,1854,15755,0.9782686657747003,0.10434782608695652,0.02173133422529966,0.8956521739130435,0.9996955392268105,0.9782686657747003,0.9888660460764854,8
1.07104135108543,709551,218,1852,15439,0.9787045338556394,0.10531400966183575,0.021295466144360613,0.8946859903381642,0.9996928578171208,0.9787045338556394,0.9890873658921114,8
1.0726592383227191,709880,221,1849,15110,0.9791583332183892,0.1067632850241546,0.02084166678161078,0.8932367149758454,0.9996887766669812,0.9791583332183892,0.9893170537617476,8
1.0742771255600083,710182,224,1846,14808,0.9795748906881474,0.10821256038647344,0.02042510931185258,0.8917874396135266,0.9996846873477983,0.9795748906881474,0.9895276286125919,8
1.0758950127972975,710481,225,1845,14509,0.9799873101697955,0.10869565217391304,0.020012689830204555,0.8913043478260869,0.9996834133945682,0.9799873101697955,0.989737381729837,8
1.0775129000345867,710782,226,1844,14208,0.9804024883101836,0.10917874396135266,0.01959751168981641,0.8908212560386474,0.9996821414105045,0.9804024883101836,0.989948453967206,8
1.0791307872718758,711086,227,1843,13904,0.9808218044386819,0.10966183574879228,0.019178195561318088,0.8903381642512077,0.9996808718524757,0.9808218044386819,0.9901615466931419,8
1.080748674509165,711375,229,1841,13615,0.9812204306266293,0.1106280193236715,0.018779569373370667,0.8893719806763285,0.9996781918033063,0.9812204306266293,0.9903633176805694,8
1.0823665617464542,711652,231,1839,13338,0.9816025048621361,0.11159420289855072,0.01839749513786397,0.8884057971014493,0.9996755084754095,0.9816025048621361,0.9905565766772707,8
1.0839844489837434,711925,233,1837,13065,0.9819790617801625,0.11256038647342995,0.018020938219837516,0.8874396135265701,0.9996728254123383,0.9819790617801625,0.990746951601366,8
1.0856023362210325,712202,234,1836,12788,0.9823611360156692,0.11304347826086956,0.01763886398433082,0.8869565217391304,0.9996715494444414,0.9823611360156692,0.9909407510369229,8
1.0872202234583217,712461,234,1836,12529,0.9827183823225147,0.11304347826086956,0.017281617677485206,0.8869565217391304,0.9996716688064319,0.9827183823225147,0.9911225337956506,8
1.0888381106956109,712747,235,1835,12243,0.9831128705223521,0.11352657004830918,0.016887129477647967,0.8864734299516909,0.9996703984111801,0.9831128705223521,0.9913225014117104,8
1.0904559979329,713047,236,1834,11943,0.9835266693333701,0.11400966183574879,0.016473330666629885,0.8859903381642512,0.9996691355324605,0.9835266693333701,0.9915322056382898,8
1.0920738851701892,713286,237,1833,11704,0.9838563290528145,0.1144927536231884,0.016143670947185478,0.8855072463768116,0.9996678453252383,0.9838563290528145,0.9916990670226824,8
1.0936917724074784,713562,239,1831,11428,0.9842370239589512,0.11545893719806763,0.015762976041048843,0.8845410628019323,0.9996651727862528,0.9842370239589512,0.9918911085765757,8
1.0953096596447676,713789,241,1829,11201,0.9845501317259548,0.11642512077294687,0.01544986827404516,0.8835748792270531,0.999662479167542,0.9845501317259548,0.9920487554029825,8
1.0969275468820567,714040,242,1828,10950,0.9848963433978399,0.11690821256038647,0.01510365660216003,0.8830917874396135,0.9996611982382309,0.9848963433978399,0.992223846500175,8
1.098545434119346,714274,246,1824,10716,0.9852191064704341,0.11884057971014493,0.014780893529565926,0.881159420289855,0.9996557129261602,0.9852191064704341,0.9923849087536731,8
1.100163321356635,714513,248,1822,10477,0.9855487661898785,0.11980676328502415,0.01445123381012152,0.8801932367149758,0.999653030873257,0.9855487661898785,0.9925507952416773,8
1.1017812085939243,714744,250,1820,10246,0.9858673912743624,0.12077294685990338,0.014132608725637595,0.8792270531400966,0.9996503467161962,0.9858673912743624,0.9927110301225569,8
1.1033990958312134,714956,252,1818,10034,0.9861598091008151,0.12173913043478261,0.013840190899184816,0.8782608695652174,0.9996476549479313,0.9861598091008151,0.9928579264795535,8
1.1050169830685026,715199,253,1817,9791,0.9864949861377398,0.12222222222222222,0.01350501386226017,0.8777777777777778,0.9996463773949895,0.9864949861377398,0.9930271402805528,8
1.1066348703057918,715404,253,1817,9586,0.9867777486586022,0.12222222222222222,0.013222251341397812,0.8777777777777778,0.9996464786902105,0.9867777486586022,0.9931704296750002,8
1.108252757543081,715610,253,1817,9380,0.9870618905088346,0.12222222222222222,0.012938109491165395,0.8777777777777778,0.9996465804211141,0.9870618905088346,0.9933143769697533,8
1.1098706447803701,715838,255,1815,9152,0.9873763776052084,0.12318840579710146,0.012623622394791652,0.8768115942028986,0.9996439010016855,0.9873763776052084,0.9934722705076668,8
1.1114885320176593,716044,257,1813,8946,0.9876605194554408,0.12415458937198068,0.012339480544559236,0.8758454106280193,0.9996412122836629,0.9876605194554408,0.9936147523296822,8
1.1131064192549485,716250,259,1811,8740,0.9879446613056732,0.12512077294685992,0.012055338694326819,0.8748792270531401,0.9996385251266907,0.9879446613056732,0.9937571930330857,8
1.1147243064922376,716440,262,1808,8550,0.9882067338859847,0.12657004830917876,0.011793266114015365,0.8734299516908213,0.9996344366277755,0.9882067338859847,0.9938877374640354,8
1.1163421937295268,716651,264,1806,8339,0.9884977723830674,0.12753623188405797,0.011502227616932648,0.8724637681159421,0.9996317555079751,0.9884977723830674,0.9940335875109664,8
1.117960080966816,716838,266,1804,8152,0.9887557069752686,0.1285024154589372,0.011244293024731376,0.8714975845410629,0.9996290635667908,0.9887557069752686,0.9941626551389854,8
1.1195779682041052,717020,267,1803,7970,0.9890067449206196,0.1289855072463768,0.010993255079380405,0.8710144927536232,0.9996277640609686,0.9890067449206196,0.9942888918009508,8
1.121195855441394,717200,269,1801,7790,0.9892550242072304,0.12995169082125604,0.010744975792769555,0.870048309178744,0.999625070908987,0.9892550242072304,0.9944130127788727,8
1.1228137426786833,717394,272,1798,7596,0.9895226141050222,0.13140096618357489,0.010477385894977861,0.8685990338164251,0.9996209936098408,0.9895226141050222,0.9945461703968237,8
1.1244316299159725,717565,273,1797,7425,0.9897584794273024,0.1318840579710145,0.010241520572697555,0.8681159420289855,0.9996196913509734,0.9897584794273024,0.9946646447116358,8
1.1260495171532616,717758,276,1794,7232,0.9900246899957241,0.13333333333333333,0.009975310004275921,0.8666666666666667,0.9996156170877702,0.9900246899957241,0.9947970373327125,8
1.1276674043905508,717909,278,1792,7081,0.9902329687306032,0.13429951690821257,0.00976703126939682,0.8657004830917875,0.9996129141853027,0.9902329687306032,0.9949008333697114,8
1.12928529162784,718077,279,1791,6913,0.9904646960647733,0.13478260869565217,0.009535303935226693,0.8652173913043478,0.9996116131834355,0.9904646960647733,0.9950171337988257,8
1.1309031788651291,718203,280,1790,6787,0.9906384915654008,0.13526570048309178,0.009361508434599097,0.8647342995169082,0.9996102900138207,0.9906384915654008,0.9951041689037481,8
1.1325210661024183,718365,282,1788,6625,0.9908619429233506,0.13623188405797101,0.009138057076649332,0.863768115942029,0.9996075959407053,0.9908619429233506,0.995215556265183,8
1.1341389533397075,718520,285,1785,6470,0.99107573897571,0.13768115942028986,0.00892426102428999,0.8623188405797102,0.9996035086010809,0.99107573897571,0.9953213579490162,8
1.1357568405769967,718682,286,1784,6308,0.9912991903336598,0.13816425120772946,0.008700809666340225,0.8618357487922705,0.9996022076086836,0.9912991903336598,0.9954333851815634,8
1.1373747278142858,718824,289,1781,6166,0.9914950551042083,0.1396135265700483,0.008504944895791667,0.8603864734299517,0.9995981160123653,0.9914950551042083,0.9955300972299067,8
1.138992615051575,718966,293,1777,6024,0.9916909198747569,0.14154589371980678,0.008309080125243107,0.8584541062801933,0.999592636310425,0.9916909198747569,0.9956261004854425,8
1.1406105022888642,719112,295,1775,5878,0.9918923019627857,0.14251207729468598,0.008107698037214306,0.857487922705314,0.999589940047845,0.9918923019627857,0.9957262442389454,8
1.1422283895261534,719262,302,1768,5728,0.9920992013682948,0.14589371980676327,0.007900798631705265,0.8541062801932368,0.9995803014047395,0.9920992013682948,0.9958257012198921,8
1.1438462767634425,719411,305,1765,5579,0.9923047214444337,0.1473429951690821,0.007695278555566284,0.8526570048309179,0.9995762217319054,0.9923047214444337,0.9959271990287297,8
1.1454641640007317,719561,306,1764,5429,0.9925116208499427,0.14782608695652175,0.0074883791500572425,0.8521739130434782,0.9995749214785509,0.9925116208499427,0.9960307490637481,8
1.1470820512380209,719689,309,1761,5301,0.9926881750093105,0.1492753623188406,0.007311824990689527,0.8507246376811595,0.9995708321412003,0.9926881750093105,0.9961176148175626,8
1.14869993847531,719812,312,1758,5178,0.9928578325218279,0.15072463768115943,0.007142167478172113,0.8492753623188406,0.9995667412834456,0.9928578325218279,0.9962009917556677,8
1.1503178257125992,719934,315,1755,5056,0.9930261107049753,0.15217391304347827,0.006973889295024759,0.8478260869565217,0.9995626512497762,0.9930261107049753,0.9962836596576761,8
1.1519357129498884,720061,319,1751,4929,0.9932012855349729,0.15410628019323672,0.006798714465027104,0.8458937198067633,0.9995571781559732,0.9932012855349729,0.9963690958024589,8
1.1535536001871776,720163,320,1750,4827,0.993341977130719,0.15458937198067632,0.006658022869280956,0.8454106280193237,0.99955585350383,0.993341977130719,0.9964392278513677,8
1.1551714874244667,720264,323,1747,4726,0.9934812893970951,0.15603864734299516,0.006518710602904868,0.8439613526570048,0.9995517543336196,0.9934812893970951,0.996507277025022,8
1.156789374661756,720363,326,1744,4627,0.9936178430047311,0.157487922705314,0.0063821569952689,0.842512077294686,0.9995476550911697,0.9936178430047311,0.9965739282371813,8
1.158407261899045,720507,329,1741,4483,0.9938164664340198,0.15893719806763285,0.006183533565980221,0.8410628019323672,0.9995435855034988,0.9938164664340198,0.9966717986811691,8
1.1600251491363343,720613,329,1741,4377,0.9939626753472461,0.15893719806763285,0.006037324652753831,0.8410628019323672,0.9995436526100574,0.9939626753472461,0.9967453517869442,8
1.1616430363736234,720724,332,1738,4266,0.9941157809073229,0.1603864734299517,0.005884219092677141,0.8396135265700483,0.9995395641947367,0.9941157809073229,0.9968202947900691,8
1.1632609236109126,720827,337,1733,4163,0.9942578518324391,0.16280193236714977,0.005742148167560932,0.8371980676328502,0.9995326999129186,0.9942578518324391,0.9968882982033727,8
1.1648788108482018,720930,341,1729,4060,0.9943999227575553,0.1647342995169082,0.005600077242444723,0.8352657004830918,0.9995272234707897,0.9943999227575553,0.996956980793923,8
1.166496698085491,721014,342,1728,3976,0.9945157864246403,0.16521739130434782,0.00548421357535966,0.8347826086956521,0.9995258929017018,0.9945157864246403,0.9970145456204809,8
1.1681145853227801,721104,350,1720,3886,0.9946399260679457,0.16908212560386474,0.005360073932054235,0.8309178743961353,0.9995148685848301,0.9946399260679457,0.9970714386453952,8
1.1697324725600693,721185,352,1718,3805,0.9947516517469206,0.17004830917874397,0.0052483482530793525,0.8299516908212561,0.9995121525299465,0.9947516517469206,0.9971262202502961,8
1.1713503597973585,721277,353,1717,3713,0.9948785500489662,0.17053140096618358,0.005121449951033807,0.8294685990338164,0.9995108296495434,0.9948785500489662,0.9971893102542478,8
1.1729682470346476,721362,358,1712,3628,0.9949957930454213,0.17294685990338166,0.005004206954578684,0.8270531400966183,0.9995039627556394,0.9949957930454213,0.9972447829903713,8
1.1745861342719368,721454,362,1708,3536,0.9951226913474669,0.1748792270531401,0.004877308652533138,0.8251207729468599,0.9994984871490795,0.9951226913474669,0.9973057894423993,8
1.176204021509226,721533,363,1707,3457,0.9952316583677017,0.1753623188405797,0.004768341632298377,0.8246376811594203,0.9994971574852888,0.9952316583677017,0.9973598472858264,8
1.1778219087465152,721624,364,1706,3366,0.9953571773403771,0.1758454106280193,0.0046428226596228915,0.8241545893719807,0.9994958364958975,0.9953571773403771,0.9974222137447839,8
1.1794397959838043,721717,369,1701,3273,0.9954854549717927,0.1782608695652174,0.0045145450282072855,0.8217391304347826,0.9994889805369443,0.9954854549717927,0.9974832006059116,8
1.1810576832210935,721802,370,1700,3188,0.9956026979682479,0.178743961352657,0.004397302031752162,0.821256038647343,0.9994876566801261,0.9956026979682479,0.9975413948127438,8
1.1826755704583827,721893,380,1690,3097,0.9957282169409233,0.18357487922705315,0.004271783059076677,0.8164251207729468,0.9994738831439082,0.9957282169409233,0.9975975341040295,8
1.1842934576956718,721967,386,1684,3023,0.9958302873143078,0.18647342995169083,0.0041697126856922164,0.8135265700483092,0.9994656352226682,0.9958302873143078,0.997644649540572,8
1.185911344932961,722049,393,1677,2941,0.9959433923226527,0.18985507246376812,0.004056607677347274,0.8101449275362319,0.9994560116936723,0.9959433923226527,0.9976966102725378,8
1.1875292321702502,722119,398,1672,2871,0.9960399453785569,0.19227053140096617,0.003960054621443054,0.8077294685990338,0.9994491479093226,0.9960399453785569,0.9977416344100581,8
1.1891471194075394,722193,400,1670,2797,0.9961420157519414,0.1932367149758454,0.0038579842480585937,0.8067632850241546,0.9994464380363497,0.9961420157519414,0.997791491057853,8
1.1907650066448285,722270,403,1667,2720,0.996248224113436,0.19468599033816425,0.0037517758865639526,0.8053140096618358,0.9994423480606028,0.996248224113436,0.9978427299723761,8
1.1923828938821177,722349,407,1663,2641,0.9963571911336708,0.1966183574879227,0.0036428088663291907,0.8033816425120773,0.9994368777291368,0.9963571911336708,0.9978946583171358,8
1.1940007811194069,722398,409,1661,2592,0.9964247782728037,0.19758454106280193,0.003575221727196237,0.8024154589371981,0.9994341504717027,0.9964247782728037,0.9979271955944101,8
1.195618668356696,722470,412,1658,2520,0.9965240899874481,0.19903381642512077,0.0034759100125518975,0.8009661835748793,0.999430059124449,0.9965240899874481,0.9979749591124077,8
1.1972365555939852,722543,417,1653,2447,0.9966247810314625,0.20144927536231885,0.003375218968537497,0.7985507246376812,0.9994232046032976,0.9966247810314625,0.9980220311474844,8
1.1988544428312744,722605,422,1648,2385,0.9967102994524062,0.2038647342995169,0.00328970054759376,0.7961352657004831,0.9994163426815319,0.9967102994524062,0.9980614868471848,8
1.2004723300685636,722672,427,1643,2318,0.9968027145202003,0.20628019323671498,0.0031972854797997215,0.793719806763285,0.9994094861146261,0.9968027145202003,0.9981043982793875,8
1.2020902173058527,722729,429,1641,2261,0.9968813362942938,0.2072463768115942,0.0031186637057062858,0.7927536231884058,0.999406768645303,0.9968813362942938,0.9981424550529366,8
1.203708104543142,722794,436,1634,2196,0.9969709927033477,0.2106280193236715,0.003029007296652368,0.7893719806763285,0.9993971489014559,0.9969709927033477,0.99818259656682,8
1.205325991780431,722844,443,1627,2146,0.9970399591718506,0.2140096618357488,0.002960040828149354,0.7859903381642512,0.9993875183709924,0.9970399591718506,0.9982123585474326,8
1.2069438790177203,722890,448,1622,2100,0.9971034083228734,0.21642512077294687,0.002896591677126581,0.7835748792270532,0.9993806491571022,0.9971034083228734,0.9982407300003867,8
1.2085617662550094,722941,451,1619,2049,0.9971737541207465,0.2178743961352657,0.002826245879253507,0.7821256038647343,0.9993765482615234,0.9971737541207465,0.9982739360196412,8
1.2101796534922986,722991,454,1616,1999,0.9972427205892495,0.21932367149758455,0.002757279410750493,0.7806763285024154,0.9993724471106995,0.9972427205892495,0.9983064479938693,8
1.2117975407295878,723037,466,1604,1953,0.9973061697402723,0.2251207729468599,0.0026938302597277206,0.77487922705314,0.9993559114474991,0.9973061697402723,0.99832998847768,8
1.213415427966877,723077,475,1595,1913,0.9973613429150747,0.22946859903381642,0.0026386570849253094,0.7705314009661836,0.9993435164300561,0.9973613429150747,0.998351445798603,8
1.2150333152041661,723127,481,1589,1863,0.9974303093835777,0.2323671497584541,0.0025696906164222955,0.7676328502415459,0.9993352754530077,0.9974303093835777,0.9983818837248154,8
1.2166512024414553,723183,488,1582,1807,0.9975075518283011,0.2357487922705314,0.00249244817169892,0.7642512077294686,0.9993256604175101,0.9975075518283011,0.9984157784326353,8
1.2182690896787443,723227,494,1576,1763,0.9975682423205837,0.23864734299516907,0.0024317576794162677,0.7613526570048309,0.9993174165182439,0.9975682423205837,0.9984420633238789,8
1.2198869769160334,723274,500,1570,1716,0.9976330708009765,0.24154589371980675,0.0023669291990234347,0.7584541062801933,0.9993091766214316,0.9976330708009765,0.9984704203030998,8
1.2215048641533226,723321,512,1558,1669,0.9976978992813694,0.24734299516908212,0.0023021007186306017,0.7526570048309179,0.9992926545211396,0.9976978992813694,0.9984946401320244,8
1.2231227513906118,723362,521,1549,1628,0.9977544517855419,0.25169082125603864,0.0022455482144581305,0.7483091787439613,0.9992802704304425,0.9977544517855419,0.9985167782131352,8
1.224740638627901,723404,534,1536,1586,0.9978123836190844,0.2579710144927536,0.002187616380915599,0.7420289855072464,0.9992623677718258,0.9978123836190844,0.9985368493120431,8
1.2263585258651901,723443,548,1522,1547,0.9978661774645168,0.2647342995169082,0.002133822535483248,0.7352657004830918,0.9992430845134815,0.9978661774645168,0.9985541563346931,8
1.2279764131024793,723482,558,1512,1508,0.9979199713099491,0.26956521739130435,0.0020800286900508973,0.7304347826086957,0.9992293243467212,0.9979199713099491,0.9985742186152116,8
1.2295943003397685,723527,562,1508,1463,0.9979820411316018,0.2714975845410628,0.0020179588683981848,0.7285024154589372,0.999223852316497,0.9979820411316018,0.998602560660944,8
1.2312121875770576,723568,569,1501,1422,0.9980385936357743,0.2748792270531401,0.0019614063642257136,0.72512077294686,0.9992142370849715,0.9980385936357743,0.9986260693507194,8
1.2328300748143468,723615,579,1491,1375,0.9981034221161671,0.2797101449275362,0.0018965778838328803,0.7202898550724638,0.9992004904763089,0.9981034221161671,0.9986516550003313,8
1.234447962051636,723647,589,1481,1343,0.9981475606560091,0.28454106280193237,0.0018524393439909516,0.7154589371980676,0.9991867291877233,0.9981475606560091,0.9986668745937486,8
1.2360658492889252,723689,597,1473,1301,0.9982054924895516,0.28840579710144926,0.00179450751044842,0.7115942028985507,0.9991757399701223,0.9982054924895516,0.9986903805762325,8
1.2376837365262143,723722,600,1470,1268,0.9982510103587636,0.2898550724637681,0.0017489896412364308,0.7101449275362319,0.9991716391328719,0.9982510103587636,0.9987111125830741,8
1.2393016237635035,723760,604,1466,1230,0.9983034248748258,0.29178743961352654,0.0016965751251741402,0.7082125603864734,0.9991661650772263,0.9983034248748258,0.998734608660134,8
1.2409195110007927,723794,609,1461,1196,0.9983503220734079,0.2942028985507246,0.001649677926592091,0.7057971014492753,0.9991593077334026,0.9983503220734079,0.9987546510849714,8
1.2425373982380818,723825,614,1456,1165,0.9983930812838798,0.2966183574879227,0.0016069187161202223,0.7033816425120772,0.999152447618088,0.9983930812838798,0.9987726201145418,8
1.244155285475371,723863,620,1450,1127,0.998445495799942,0.2995169082125604,0.0015545042000579318,0.7004830917874396,0.9991442173246301,0.998445495799942,0.998794734362075,8
1.2457731727126602,723891,628,1442,1099,0.9984841170223038,0.3033816425120773,0.0015158829776962441,0.6966183574879227,0.9991332180384503,0.9984841170223038,0.9988085620717084,8
1.2473910599499494,723922,631,1439,1068,0.9985268762327756,0.30483091787439615,0.0014731237672243754,0.6951690821256039,0.9991291182287562,0.9985268762327756,0.9988279064505158,8
1.2490089471872385,723945,637,1433,1045,0.998558600808287,0.30772946859903383,0.0014413991917129891,0.6922705314009662,0.9991208724478389,0.998558600808287,0.998839657498903,8
1.2506268344245277,723968,639,1431,1022,0.9985903253837984,0.30869565217391304,0.0014096746162016028,0.691304347826087,0.9991181426621604,0.9985903253837984,0.998854164295318,8
1.2522447216618169,724000,647,1423,990,0.9986344639236403,0.31256038647342993,0.0013655360763596739,0.68743961352657,0.999107151482032,0.9986344639236403,0.9988707517813081,8
1.253862608899106,724033,654,1416,957,0.9986799817928523,0.3159420289855073,0.0013200182071476847,0.6840579710144927,0.9990975414213309,0.9986799817928523,0.9988887179695891,8
1.2554804961363952,724056,661,1409,934,0.9987117063683637,0.31932367149758456,0.0012882936316362984,0.6806763285024154,0.9990879198362947,0.9987117063683637,0.9988997776792138,8
1.2570983833736844,724070,672,1398,920,0.9987310169795446,0.32463768115942027,0.0012689830204554546,0.6753623188405797,0.9990727734835293,0.9987310169795446,0.9989018660000607,8
1.2587162706109736,724099,682,1388,891,0.9987710175312763,0.3294685990338164,0.0012289824687237065,0.6705314009661836,0.9990590261058168,0.9987710175312763,0.9989150010587878,8
1.2603341578482627,724122,691,1379,868,0.9988027421067877,0.3338164251207729,0.0011972578932123203,0.6661835748792271,0.999046650653341,0.9988027421067877,0.9989246814912095,8
1.261952045085552,724151,704,1366,839,0.9988427426585195,0.34009661835748795,0.0011572573414805722,0.659903381642512,0.9990287712714957,0.9988427426585195,0.9989357483041291,8
1.263569932322841,724170,713,1357,820,0.9988689499165506,0.34444444444444444,0.0011310500834494268,0.6555555555555556,0.9990163929903171,0.9988689499165506,0.9989426660128163,8
1.2651878195601303,724203,720,1350,787,0.9989144677857625,0.34782608695652173,0.0010855322142374378,0.6521739130434783,0.9990067910660856,0.9989144677857625,0.9989606272928099,8
1.2668057067974194,724231,727,1343,759,0.9989530890081243,0.351207729468599,0.00104691099187575,0.648792270531401,0.9989971832851007,0.9989530890081243,0.9989751356600375,8
1.2684235940347086,724254,739,1331,736,0.9989848135836357,0.3570048309178744,0.0010151864163643637,0.6429951690821256,0.9989806798134603,0.9989848135836357,0.9989827466942717,8
1.2700414812719978,724267,749,1321,723,0.9990027448654464,0.36183574879227054,0.0009972551345535801,0.6381642512077295,0.9989669193507453,0.9990027448654464,0.9989848317869029,8
1.271659368509287,724283,756,1314,707,0.9990248141353674,0.3652173913043478,0.0009751858646326157,0.6347826086956522,0.9989572974695154,0.9990248141353674,0.9989910546616654,8
1.2732772557465761,724299,757,1313,691,0.9990468834052884,0.36570048309178743,0.0009531165947116512,0.6342995169082125,0.9989559427133904,0.9990468834052884,0.9990014109897203,8
1.2748951429838653,724319,766,1304,671,0.9990744699926896,0.370048309178744,0.0009255300073104457,0.629951690821256,0.9989435721329224,0.9990744699926896,0.9990090167749944,8
1.2765130302211545,724331,768,1302,659,0.9990910219451303,0.3710144927536232,0.0009089780548697223,0.6289855072463768,0.9989408342860768,0.9990910219451303,0.9990159224709656,8
1.2781309174584436,724352,773,1297,638,0.9991199878619016,0.37342995169082127,0.0008800121380984565,0.6265700483091787,0.9989339769005344,0.9991199878619016,0.9990269737227738,8
1.2797488046957328,724368,778,1292,622,0.9991420571318225,0.37584541062801935,0.0008579428681774921,0.6241545893719807,0.998927112609047,0.9991420571318225,0.9990345733089862,8
1.281366691933022,724385,784,1286,605,0.9991655057311135,0.37874396135265703,0.0008344942688864674,0.621256038647343,0.9989188727041559,0.9991655057311135,0.9990421739960929,8
1.2829845791703112,724395,797,1273,595,0.9991792990248142,0.385024154589372,0.0008207009751858646,0.614975845410628,0.9989009807057992,0.9991792990248142,0.9990401204814292,8
1.2846024664076003,724409,802,1268,581,0.9991986096359949,0.38743961352657,0.0008013903640050208,0.6125603864734299,0.9988941149541306,0.9991986096359949,0.9990463390936843,8
1.2862203536448895,724424,809,1261,566,0.9992192995765459,0.39082125603864737,0.0007807004234541166,0.6091787439613526,0.9988844964308022,0.9992192995765459,0.9990518699537934,8
1.2878382408821787,724438,814,1256,552,0.9992386101877268,0.3932367149758454,0.0007613898122732727,0.6067632850241546,0.9988776314991203,0.9992386101877268,0.9990580882363082,8
1.2894561281194679,724454,825,1245,536,0.9992606794576477,0.39855072463768115,0.0007393205423523083,0.6014492753623188,0.9988625067043165,0.9992606794576477,0.9990615534083677,8
1.291074015356757,724466,833,1237,524,0.9992772314100884,0.40241545893719805,0.000722768589911585,0.5975845410628019,0.9988515081366444,0.9992772314100884,0.9990643244208568,8
1.2926919025940462,724480,841,1229,510,0.9992965420212693,0.406280193236715,0.0007034579787307411,0.5937198067632851,0.9988405133726999,0.9992965420212693,0.9990684756579795,8
1.2943097898313354,724492,850,1220,498,0.9993130939737099,0.4106280193236715,0.0006869060262900178,0.5893719806763285,0.9988281390020156,0.9993130939737099,0.9990705576378374,8
1.2959276770686246,724505,859,1211,485,0.9993310252555208,0.41497584541062804,0.0006689747444792341,0.585024154589372,0.9988157669804402,0.9993310252555208,0.9990733296836496,8
1.2975455643059137,724512,865,1205,478,0.9993406805611111,0.4178743961352657,0.0006593194388888122,0.5821256038647343,0.9988075166430698,0.9993406805611111,0.9990740274702885,8
1.299163451543203,724524,870,1200,466,0.9993572325135519,0.42028985507246375,0.000642767486448089,0.5797101449275363,0.9988006517837204,0.9993572325135519,0.9990788646317114,8
1.300781338780492,724546,879,1191,444,0.9993875777596932,0.4246376811594203,0.0006124222403067628,0.5753623188405798,0.9987882965158356,0.9993875777596932,0.9990878472712983,8
1.3023992260177812,724571,887,1183,419,0.9994220609939447,0.4285024154589372,0.000577939006055256,0.5714975845410628,0.9987773241180055,0.9994220609939447,0.9990995885409197,8
1.3040171132550704,724585,898,1172,405,0.9994413716051256,0.43381642512077295,0.0005586283948744121,0.5661835748792271,0.9987622039386175,0.9994413716051256,0.9991016723510193,8
1.3056350004923596,724593,903,1167,397,0.999452406240086,0.43623188405797103,0.0005475937599139298,0.563768115942029,0.9987553342816501,0.999452406240086,0.9991037486745821,8
1.3072528877296488,724599,915,1155,391,0.9994606822163065,0.4420289855072464,0.0005393177836935681,0.5579710144927537,0.9987388251639527,0.9994606822163065,0.9990996233033483,8
1.308870774966938,724609,934,1136,381,0.999474475510007,0.45120772946859905,0.0005255244899929655,0.548792270531401,0.9987126882900118,0.999474475510007,0.9990934366884449,8
1.310488662204227,724618,948,1122,372,0.9994868894743376,0.4579710144927536,0.0005131105256624229,0.5420289855072464,0.9986934338158072,0.9994868894743376,0.9990900041087692,8
1.3121065494415163,724626,956,1114,364,0.999497924109298,0.4618357487922705,0.0005020758907019407,0.5381642512077295,0.998682436995405,0.999497924109298,0.9990900141461436,8
1.3137244366788055,724634,962,1108,356,0.9995089587442585,0.4647342995169082,0.0004910412557414585,0.5352657004830917,0.9986741933527749,0.9995089587442585,0.9990914016818032,8
1.3153423239160946,724641,968,1102,349,0.999518614049849,0.4676328502415459,0.00048138595015103654,0.5323671497584541,0.9986659481897275,0.999518614049849,0.9990920991948844,8
1.3169602111533836,724647,984,1086,343,0.9995268900260693,0.4753623188405797,0.0004731099739306749,0.5246376811594203,0.9986439388614875,0.9995268900260693,0.9990852193646721,8
1.3185780983906727,724659,996,1074,331,0.9995434419785101,0.4811594202898551,0.0004565580214899516,0.518840579710145,0.9986274469272588,0.9995434419785101,0.9990852344991366,8
1.320195985627962,724668,1007,1063,322,0.9995558559428406,0.4864734299516908,0.0004441440571594091,0.5135265700483091,0.9986123264546801,0.9995558559428406,0.9990838684327532,8
1.321813872865251,724672,1016,1054,318,0.9995613732603208,0.49082125603864735,0.00043862673967916797,0.5091787439613527,0.9985999492895018,0.9995613732603208,0.9990804299782585,8
1.3234317601025403,724684,1027,1043,306,0.9995779252127616,0.4961352657004831,0.00042207478723844466,0.503864734299517,0.998584836112447,0.9995779252127616,0.9990811338794142,8
1.3250496473398294,724694,1039,1031,296,0.9995917185064621,0.5019323671497584,0.0004082814935378419,0.4980676328502415,0.9985683440053023,0.9995917185064621,0.9990797691909482,8
1.3266675345771186,724699,1051,1019,291,0.9995986151533125,0.5077294685990338,0.0004013848466875405,0.49227053140096616,0.9985518429211161,0.9995986151533125,0.999074954850628,8
1.3282854218144078,724713,1058,1012,277,0.9996179257644933,0.5111111111111111,0.00038207423550669665,0.4888888888888889,0.9985422399076292,0.9996179257644933,0.9990797932946914,8
1.329903309051697,724720,1060,1010,270,0.9996275810700838,0.5120772946859904,0.0003724189299162747,0.48792270531400966,0.9985395023285293,0.9996275810700838,0.9990832454489685,8
1.3315211962889861,724725,1076,994,265,0.999634477716934,0.5198067632850242,0.00036552228306597335,0.4801932367149758,0.9985174999758887,0.999634477716934,0.9990756766481181,8
1.3331390835262753,724727,1086,984,263,0.9996372363756741,0.5246376811594203,0.0003627636243258528,0.4753623188405797,0.9985037468328619,0.9996372363756741,0.9990701701057966,8
1.3347569707635645,724734,1097,973,256,0.9996468916812645,0.529951690821256,0.0003531083187354308,0.47004830917874396,0.9984886288957071,0.9996468916812645,0.9990674245823571,8
1.3363748580008536,724738,1109,961,252,0.9996524089987449,0.5357487922705314,0.0003475910012551897,0.4642512077294686,0.9984721298014595,0.9996524089987449,0.9990619208084712,8
1.3379927452381428,724740,1115,955,250,0.999655167657485,0.538647342995169,0.0003448323425150692,0.4613526570048309,0.9984638805271026,0.999655167657485,0.9990591689670504,8
1.339610632475432,724750,1126,944,240,0.9996689609511855,0.5439613526570048,0.0003310390488144664,0.45603864734299515,0.9984487708644452,0.9996689609511855,0.9990584933412182,8
1.3412285197127212,724753,1132,938,237,0.9996730989392957,0.5468599033816425,0.00032690106070428556,0.45314009661835747,0.9984405243254786,0.9996730989392957,0.9990564314637719,8
1.3428464069500103,724760,1143,927,230,0.9996827542448862,0.5521739130434783,0.00031724575511386365,0.44782608695652176,0.9984254094555333,0.9996827542448862,0.9990536862470217,8
1.3444642941872995,724762,1157,913,228,0.9996855129036263,0.5589371980676329,0.0003144870963737431,0.44106280193236713,0.9984061582628365,0.9996855129036263,0.9990454260053525,8
1.3460821814245887,724768,1169,901,222,0.9996937888798466,0.5647342995169082,0.0003062111201533814,0.43526570048309177,0.9983896674229307,0.9996937888798466,0.9990413025603632,8
1.3477000686618779,724770,1180,890,220,0.9996965475385867,0.5700483091787439,0.00030345246141326085,0.42995169082125606,0.9983745437013568,0.9996965475385867,0.9990351082746357,8
1.349317955899167,724778,1190,880,212,0.9997075821735473,0.5748792270531401,0.00029241782645277867,0.4251207729468599,0.9983608092918697,0.9997075821735473,0.9990337418450431,8
1.3509358431364562,724785,1200,870,205,0.9997172374791377,0.5797101449275363,0.0002827625208623567,0.42028985507246375,0.9983470732866382,0.9997172374791377,0.9990316855907234,8
1.3525537303737454,724790,1214,856,200,0.9997241341259879,0.5864734299516908,0.00027586587401205536,0.41352657004830917,0.9983278329045019,0.9997241341259879,0.9990254956257573,8
1.3541716176110346,724793,1224,846,197,0.9997282721140981,0.591304347826087,0.0002717278859018745,0.40869565217391307,0.9983140890640302,0.9997282721140981,0.9990206801207714,8
1.3557895048483237,724797,1234,836,193,0.9997337894315783,0.5961352657004831,0.0002662105684216334,0.4038647342995169,0.9983003480567634,0.9997337894315783,0.9990165545502098,8
1.357407392085613,724800,1241,829,190,0.9997379274196886,0.5995169082125604,0.00026207258031145256,0.4004830917874396,0.9982907301378297,0.9997379274196886,0.9990138046671642,8
1.359025279322902,724803,1253,817,187,0.9997420654077988,0.6053140096618358,0.0002579345922012717,0.39468599033816426,0.9982742377998391,0.9997420654077988,0.999007612439578,8
1.3606431665601912,724809,1266,804,181,0.9997503413840191,0.6115942028985507,0.0002496586159809101,0.3884057971014493,0.9982563784732982,0.9997503413840191,0.9990028013907026,8
1.3622610537974804,724811,1273,797,179,0.9997531000427592,0.614975845410628,0.00024689995724078953,0.385024154589372,0.9982467593281218,0.9997531000427592,0.9989993618519799,8
1.3638789410347696,724817,1286,784,173,0.9997613760189795,0.621256038647343,0.00023862398102042788,0.37874396135265703,0.9982289014093042,0.9997613760189795,0.9989945510039674,8
1.3654968282720588,724819,1302,768,171,0.9997641346777197,0.6289855072463768,0.00023586532228030732,0.3710144927536232,0.9982069104185115,0.9997641346777197,0.9989849156956291,8
1.367114715509348,724824,1310,760,166,0.99977103132457,0.6328502415458938,0.00022896867543000592,0.3671497584541063,0.9981959252699915,0.99977103132457,0.9989828574263812,8
1.368732602746637,724828,1320,750,162,0.9997765486420502,0.6376811594202898,0.00022345135794976483,0.36231884057971014,0.9981821887549095,0.9997765486420502,0.9989787325533478,8
1.3703504899839263,724828,1329,741,162,0.9997765486420502,0.6420289855072464,0.00022345135794976483,0.35797101449275365,0.9981698172709208,0.9997765486420502,0.9989725368966755,8
1.3719683772212155,724831,1339,731,159,0.9997806866301604,0.6468599033816426,0.00021931336983958399,0.3531400966183575,0.9981560791550188,0.9997806866301604,0.998967722373825,8
1.3735862644585046,724834,1351,719,156,0.9997848246182706,0.6526570048309178,0.00021517538172940317,0.3473429951690821,0.9981395925280748,0.9997848246182706,0.998961531173015,8
1.3752041516957938,724836,1363,707,154,0.9997875832770107,0.6584541062801932,0.0002124167229892826,0.34154589371980676,0.9981231039976646,0.9997875832770107,0.9989546502902102,8
1.376822038933083,724840,1367,703,150,0.999793100594491,0.6603864734299517,0.0002068994055090415,0.3396135265700483,0.9981176166024288,0.999793100594491,0.9989546560528999,8
1.3784399261703721,724841,1377,693,149,0.9997944799238611,0.6652173913043479,0.00020552007613898124,0.3347826086956522,0.9981038751449289,0.9997944799238611,0.9989484622466248,8
1.3800578134076613,724845,1383,687,145,0.9997999972413413,0.6681159420289855,0.00020000275865874012,0.3318840579710145,0.998095639385978,0.9997999972413413,0.9989470913398263,8
1.3816757006449505,724849,1390,680,141,0.9998055145588215,0.6714975845410628,0.00019448544117849903,0.3285024154589372,0.9980860295302235,0.9998055145588215,0.998945032107269,8
1.3832935878822397,724851,1401,669,139,0.9998082732175616,0.6768115942028986,0.00019172678243837847,0.32318840579710145,0.9980709175327572,0.9998082732175616,0.9989388399729335,8
1.3849114751195288,724854,1408,662,136,0.9998124112056718,0.6801932367149759,0.00018758879432819763,0.31980676328502416,0.9980613056995961,0.9998124112056718,0.9989360910441467,8
1.386529362356818,724856,1420,650,134,0.9998151698644119,0.6859903381642513,0.00018483013558807707,0.3140096618357488,0.9980448204263944,0.9998151698644119,0.9989292107718365,8
1.3881472495941072,724859,1428,642,131,0.9998193078525222,0.6898550724637681,0.00018069214747789625,0.3101449275362319,0.9980338351092612,0.9998193078525222,0.998925773646244,8
1.3897651368313964,724864,1443,627,126,0.9998262044993724,0.6971014492753623,0.00017379550062759485,0.30289855072463767,0.9980132368268515,0.9998262044993724,0.9989188980615271,8
1.3913830240686855,724869,1449,621,121,0.9998331011462227,0.7,0.00016689885377729348,0.3,0.9980050060717206,0.9998331011462227,0.9989182172219818,8
1.3930009113059747,724872,1457,613,118,0.9998372391343329,0.7038647342995169,0.00016276086566711264,0.2961352657004831,0.9979940219927884,0.9998372391343329,0.9989147802791805,8
1.3946187985432639,724876,1465,605,114,0.9998427564518131,0.7077294685990339,0.00015724354818687155,0.2922705314009662,0.9979830410234312,0.9998427564518131,0.9989120331612843,8
1.396236685780553,724879,1474,596,111,0.9998468944399234,0.7120772946859903,0.0001531055600766907,0.28792270531400965,0.9979706836758435,0.9998468944399234,0.9989079080548154,8
1.3978545730178422,724884,1484,586,106,0.9998537910867736,0.7169082125603865,0.00014620891322638933,0.28309178743961355,0.9979569584563197,0.9998537910867736,0.9989044742923525,8
1.3994724602551314,724886,1496,574,104,0.9998565497455137,0.7227053140096619,0.00014345025448626877,0.2772946859903382,0.9979404775999405,0.9998565497455137,0.998897594827515,8
1.4010903474924206,724886,1509,561,104,0.9998565497455137,0.7289855072463768,0.00014345025448626877,0.2710144927536232,0.9979226178594292,0.9998565497455137,0.9988886477399175,8
1.4027082347297097,724888,1519,551,102,0.9998593084042539,0.7338164251207729,0.0001406915957461482,0.26618357487922706,0.9979088857899222,0.9998593084042539,0.9988831449975437,8
1.404326121966999,724890,1524,546,100,0.999862067062994,0.736231884057971,0.00013793293700602768,0.263768115942029,0.997902022813437,0.999862067062994,0.9988810834199162,8
1.405944009204288,724894,1528,542,96,0.9998675843804742,0.7381642512077294,0.00013241561952578656,0.2618357487922705,0.9978965394770533,0.9998675843804742,0.9988810895872432,8
1.4075618964415773,724900,1535,535,90,0.9998758603566946,0.7415458937198067,0.0001241396433054249,0.2584541062801932,0.9978869410201876,0.9998758603566946,0.9988804106309316,8
1.4091797836788664,724902,1542,528,88,0.9998786190154347,0.744927536231884,0.00012138098456530435,0.25507246376811593,0.997877331218924,0.9998786190154347,0.998876972704236,8
1.4107976709161556,724904,1549,521,86,0.9998813776741748,0.7483091787439613,0.0001186223258251838,0.25169082125603864,0.9978677216557713,0.9998813776741748,0.9988735348201755,8
1.4124155581534448,724906,1562,508,84,0.999884136332915,0.7545893719806763,0.00011586366708506324,0.24541062801932367,0.9978498708821311,0.999884136332915,0.9988659678750608,8
1.4140334453907337,724910,1574,496,80,0.9998896536503952,0.7603864734299517,0.00011034634960482213,0.2396135265700483,0.9978334003226499,0.9998896536503952,0.9988604687372974,8
1.415651332628023,724911,1581,489,79,0.9998910329797652,0.763768115942029,0.00010896702023476185,0.23623188405797102,0.9978237888373168,0.9998910329797652,0.9988563413118453,8
1.417269219865312,724914,1595,475,76,0.9998951709678754,0.7705314009661836,0.00010482903212458103,0.22946859903381642,0.997804569523571,0.9998951709678754,0.9988487763339831,8
1.4188871071026012,724916,1605,465,74,0.9998979296266155,0.7753623188405797,0.00010207037338446048,0.2246376811594203,0.997790841558606,0.9998979296266155,0.998843274353415,8
1.4205049943398904,724918,1618,452,72,0.9999006882853556,0.7816425120772947,9.931171464433992e-05,0.21835748792270532,0.9977729940429655,0.9999006882853556,0.9988357080755011,8
1.4221228815771796,724920,1635,435,70,0.9999034469440958,0.7898550724637681,9.655305590421937e-05,0.21014492753623187,0.9977496541899787,0.9999034469440958,0.9988253894987754,8
1.4237407688144688,724923,1649,421,67,0.999907584932206,0.7966183574879228,9.241506779403853e-05,0.2033816425120773,0.9977304382772801,0.999907584932206,0.9988178252117375,8
1.425358656051758,724925,1659,411,65,0.9999103435909461,0.8014492753623188,8.965640905391799e-05,0.19855072463768117,0.9977167127269524,0.9999103435909461,0.9988123237258315,8
1.426976543289047,724929,1666,404,61,0.9999158609084263,0.8048309178743961,8.413909157367688e-05,0.19516908212560385,0.9977071133162215,0.9999158609084263,0.9988102660195579,8
1.4285944305263363,724930,1680,390,60,0.9999172402377964,0.8115942028985508,8.27597622036166e-05,0.18840579710144928,0.9976878930925807,0.9999172402377964,0.9988013226784238,8
1.4302123177636255,724933,1689,381,57,0.9999213782259065,0.8159420289855073,7.862177409343577e-05,0.18405797101449275,0.9976755451940624,0.9999213782259065,0.9987971992515905,8
1.4318302050009146,724935,1699,371,55,0.9999241368846467,0.8207729468599034,7.586311535331521e-05,0.17922705314009663,0.9976618214947277,0.9999241368846467,0.9987916981256854,8
1.4334480922382038,724937,1710,360,53,0.9999268955433868,0.8260869565217391,7.310445661319467e-05,0.17391304347826086,0.9976467253012811,0.9999268955433868,0.9987855090494387,8
1.435065979475493,724940,1727,343,50,0.999931033531497,0.8342995169082126,6.896646850301384e-05,0.16570048309178745,0.9976233955855983,0.999931033531497,0.9987758816304404,8
1.4366838667127821,724942,1738,332,48,0.9999337921902371,0.8396135265700483,6.620780976289328e-05,0.1603864734299517,0.9976083007651235,0.9999337921902371,0.9987696928365263,8
1.4383017539500713,724943,1752,318,47,0.9999351715196072,0.8463768115942029,6.4828480392833e-05,0.1536231884057971,0.9975890848292612,0.9999351715196072,0.9987607504382837,8
1.4399196411873605,724945,1759,311,45,0.9999379301783473,0.8497584541062801,6.206982165271245e-05,0.1502415458937198,0.9975794821550452,0.9999379301783473,0.9987573138691763,8
1.4415375284246497,724946,1774,296,44,0.9999393095077174,0.8570048309178744,6.069049228265217e-05,0.14299516908212562,0.9975588947600176,0.9999393095077174,0.9987476837660415,8
1.4431554156619388,724947,1790,280,43,0.9999406888370874,0.8647342995169082,5.93111629125919e-05,0.13526570048309178,0.9975369356452196,0.9999406888370874,0.9987373659097061,8
1.444773302899228,724947,1807,263,43,0.9999406888370874,0.8729468599033816,5.93111629125919e-05,0.12705314009661836,0.9975136015763243,0.9999406888370874,0.9987256706416557,8
1.4463911901365172,724947,1816,254,43,0.9999406888370874,0.8772946859903382,5.93111629125919e-05,0.12270531400966184,0.997501248687674,0.9999406888370874,0.9987194791400466,8
1.4480090773738064,724949,1827,243,41,0.9999434474958275,0.8826086956521739,5.6552504172471346e-05,0.11739130434782609,0.9974861580459454,0.9999434474958275,0.9987132912604373,8
1.4496269646110955,724952,1839,231,38,0.9999475854839377,0.8884057971014493,5.241451606229051e-05,0.11159420289855072,0.9974696989918698,0.9999475854839377,0.9987071052727651,8
1.4512448518483847,724954,1849,221,36,0.9999503441426778,0.8932367149758454,4.965585732216996e-05,0.1067632850241546,0.9974559818822982,0.9999503441426778,0.9987016055319181,8
1.4528627390856739,724958,1863,207,32,0.999955861460158,0.9,4.413853984192885e-05,0.1,0.9974367829217923,0.999955861460158,0.9986947336808992,8
1.454480626322963,724959,1870,200,31,0.9999572407895281,0.9033816425120773,4.275921047186858e-05,0.0966183574879227,0.9974271802583551,0.9999572407895281,0.9986906081267706,8
1.4560985135602522,724961,1881,189,29,0.9999599994482683,0.908695652173913,4.0000551731748027e-05,0.09130434782608696,0.9974120923116716,0.9999599994482683,0.998684420786978,8
1.4577164007975414,724961,1891,179,29,0.9999599994482683,0.9135265700483092,4.0000551731748027e-05,0.08647342995169083,0.9973983699570201,0.9999599994482683,0.9986775420465864,8
1.4593342880348306,724963,1900,170,27,0.9999627581070084,0.9178743961352657,3.724189299162747e-05,0.0821256038647343,0.9973860273531601,0.9999627581070084,0.998672730641463,8
1.4609521752721197,724964,1908,162,26,0.9999641374363785,0.9217391304347826,3.586256362156719e-05,0.0782608695652174,0.9973750536545637,0.9999641374363785,0.9986679174742503,8
1.462570062509409,724966,1920,150,24,0.9999668960951186,0.927536231884058,3.310390488144664e-05,0.07246376811594203,0.9973585954331216,0.9999668960951186,0.9986610426785758,8
1.464187949746698,724968,1927,143,22,0.9999696547538587,0.9309178743961353,3.0345246141326087e-05,0.06908212560386473,0.9973489981359068,0.9999696547538587,0.998657607179632,8
1.4658058369839873,724968,1935,135,22,0.9999696547538587,0.9347826086956522,3.0345246141326087e-05,0.06521739130434782,0.9973380217167903,0.9999696547538587,0.9986521045283641,8
1.4674237242212764,724969,1944,126,21,0.9999710340832287,0.9391304347826087,2.896591677126581e-05,0.06086956521739131,0.9973256772130915,0.9999710340832287,0.9986466038020446,8
1.4690416114585656,724969,1952,118,21,0.9999710340832287,0.9429951690821256,2.896591677126581e-05,0.057004830917874394,0.997314701322427,0.9999710340832287,0.9986411012796239,8
1.4706594986958548,724970,1957,113,20,0.9999724134125988,0.9454106280193236,2.7586587401205533e-05,0.05458937198067633,0.99730784521692,0.9999724134125988,0.9986383519168107,8
1.472277385933144,724971,1960,110,19,0.9999737927419688,0.9468599033816425,2.6207258031145257e-05,0.05314009661835749,0.9973037330915864,0.9999737927419688,0.9986369781826971,8
1.4738952731704331,724973,1962,108,17,0.999976551400709,0.9478260869565217,2.3448599291024703e-05,0.05217391304347826,0.9973009966503195,0.999976551400709,0.9986369819377723,8
1.4755131604077223,724974,1971,99,16,0.999977930730079,0.9521739130434783,2.2069269920964427e-05,0.04782608695652174,0.997288653199348,0.999977930730079,0.9986314814368412,8
1.4771310476450115,724974,1977,93,16,0.999977930730079,0.9550724637681159,2.2069269920964427e-05,0.04492753623188406,0.9972804219266498,0.999977930730079,0.9986273546927872,8
1.4787489348823006,724974,1983,87,16,0.999977930730079,0.9579710144927536,2.2069269920964427e-05,0.042028985507246375,0.9972721907898267,0.999977930730079,0.9986232279828395,8
1.4803668221195898,724975,1989,81,15,0.9999793100594491,0.9608695652173913,2.068994055090415e-05,0.0391304347826087,0.997263963552528,0.9999793100594491,0.9986197909851138,8
1.481984709356879,724976,1993,77,14,0.9999806893888191,0.9628019323671497,1.9310611180843873e-05,0.03719806763285024,0.9972584800727404,0.9999806893888191,0.9986177295639892,8
1.4836025965941682,724976,1997,73,14,0.9999806893888191,0.9647342995169083,1.9310611180843873e-05,0.035265700483091786,0.9972529928896947,0.9999806893888191,0.9986149784808567,8
1.4852204838314573,724976,2002,68,14,0.9999806893888191,0.9671497584541063,1.9310611180843873e-05,0.03285024154589372,0.9972461339958018,0.9999806893888191,0.9986115396482567,8
1.4868383710687465,724976,2007,63,14,0.9999806893888191,0.9695652173913043,1.9310611180843873e-05,0.030434782608695653,0.9972392751962563,0.9999806893888191,0.9986081008393407,8
1.4884562583060357,724976,2012,58,14,0.9999806893888191,0.9719806763285024,1.9310611180843873e-05,0.028019323671497585,0.9972324164910562,0.9999806893888191,0.9986046620541081,8
1.4900741455433248,724976,2014,56,14,0.9999806893888191,0.9729468599033816,1.9310611180843873e-05,0.02705314009661836,0.9972296730353926,0.9999806893888191,0.9986032865466467,8
1.491692032780614,724977,2017,53,13,0.9999820687181892,0.9743961352657005,1.7931281810783597e-05,0.025603864734299518,0.9972255616965202,0.9999820687181892,0.998601912968738,8
1.4933099200179032,724977,2020,50,13,0.9999820687181892,0.9758454106280193,1.7931281810783597e-05,0.024154589371980676,0.997221446580935,0.9999820687181892,0.9985998497231725,8
1.4949278072551924,724977,2026,44,13,0.9999820687181892,0.978743961352657,1.7931281810783597e-05,0.021256038647342997,0.9972132164516515,0.9999820687181892,0.9985957232576189,8
1.4965456944924815,724979,2029,41,11,0.9999848273769293,0.9801932367149758,1.5172623070663043e-05,0.019806763285024155,0.9972091091157181,0.9999848273769293,0.9985950393871066,8
1.4981635817297707,724979,2033,37,11,0.9999848273769293,0.9821256038647344,1.5172623070663043e-05,0.017874396135265702,0.9972036224986658,0.9999848273769293,0.9985922884403741,8
1.4997814689670599,724979,2034,36,11,0.9999848273769293,0.9826086956521739,1.5172623070663043e-05,0.017391304347826087,0.9972022508538362,0.9999848273769293,0.9985916007060591,8
1.501399356204349,724979,2038,32,11,0.9999848273769293,0.9845410628019323,1.5172623070663043e-05,0.015458937198067632,0.9971967643122513,0.9999848273769293,0.9985888497782724,8
1.5030172434416382,724979,2041,29,11,0.9999848273769293,0.9859903381642512,1.5172623070663043e-05,0.014009661835748793,0.9971926494456824,0.9999848273769293,0.9985867865923788,8
1.5046351306789274,724979,2043,27,11,0.9999848273769293,0.9869565217391304,1.5172623070663043e-05,0.013043478260869565,0.9971899062201695,0.9999848273769293,0.9985854111398528,8
1.5062530179162166,724979,2045,25,11,0.9999848273769293,0.9879227053140096,1.5172623070663043e-05,0.012077294685990338,0.9971871630097493,0.9999848273769293,0.9985840356911158,8
1.5078709051535057,724981,2047,23,9,0.9999875860356695,0.9888888888888889,1.241396433054249e-05,0.011111111111111112,0.9971844275598739,0.9999875860356695,0.9985840395917958,8
1.509488792390795,724981,2047,23,9,0.9999875860356695,0.9888888888888889,1.241396433054249e-05,0.011111111111111112,0.9971844275598739,0.9999875860356695,0.9985840395917958,8
1.5111066796280839,724983,2048,22,7,0.9999903446944096,0.9893719806763285,9.655305590421937e-06,0.010628019323671498,0.9971830637208042,0.9999903446944096,0.9985847312125653,8
1.512724566865373,724984,2049,21,6,0.9999917240237797,0.9898550724637681,8.27597622036166e-06,0.010144927536231883,0.9971816960165495,0.9999917240237797,0.9985847331619403,8
1.5143424541026622,724984,2053,17,6,0.9999917240237797,0.9917874396135266,8.27597622036166e-06,0.00821256038647343,0.9971762097389817,0.9999917240237797,0.9985819822909628,8
1.5159603413399514,724985,2053,17,5,0.9999931033531497,0.9917874396135266,6.896646850301383e-06,0.00821256038647343,0.9971762136229468,0.9999931033531497,0.998582671959494,8
1.5175782285772406,724985,2056,14,5,0.9999931033531497,0.9932367149758454,6.896646850301383e-06,0.00676328502415459,0.9971720989600311,0.9999931033531497,0.998580608816203,8
1.5191961158145297,724985,2057,13,5,0.9999931033531497,0.993719806763285,6.896646850301383e-06,0.006280193236714976,0.9971707274132718,0.9999931033531497,0.9985799211036671,8
1.520814003051819,724985,2058,12,5,0.9999931033531497,0.9942028985507246,6.896646850301383e-06,0.005797101449275362,0.9971693558702855,0.9999931033531497,0.9985792333920787,8
1.522431890289108,724985,2059,11,5,0.9999931033531497,0.9946859903381643,6.896646850301383e-06,0.005314009661835749,0.9971679843310721,0.9999931033531497,0.9985785456814372,8
1.5240497775263973,724985,2060,10,5,0.9999931033531497,0.9951690821256038,6.896646850301383e-06,0.004830917874396135,0.9971666127956317,0.9999931033531497,0.998577857971743,8
1.5256676647636864,724985,2062,8,5,0.9999931033531497,0.996135265700483,6.896646850301383e-06,0.003864734299516908,0.9971638697360693,0.9999931033531497,0.9985764825551967,8
1.5272855520009756,724985,2062,8,5,0.9999931033531497,0.996135265700483,6.896646850301383e-06,0.003864734299516908,0.9971638697360693,0.9999931033531497,0.9985764825551967,8
1.5289034392382648,724985,2062,8,5,0.9999931033531497,0.996135265700483,6.896646850301383e-06,0.003864734299516908,0.9971638697360693,0.9999931033531497,0.9985764825551967,8
1.530521326475554,724986,2062,8,4,0.9999944826825198,0.996135265700483,5.517317480241107e-06,0.003864734299516908,0.9971638736369538,0.9999944826825198,0.9985771722227655,8
1.5321392137128431,724986,2062,8,4,0.9999944826825198,0.996135265700483,5.517317480241107e-06,0.003864734299516908,0.9971638736369538,0.9999944826825198,0.9985771722227655,8
1.5337571009501323,724987,2062,8,3,0.9999958620118898,0.996135265700483,4.13798811018083e-06,0.003864734299516908,0.9971638775378275,0.9999958620118898,0.9985778618893846,8
1.5353749881874215,724988,2063,7,2,0.9999972413412599,0.9966183574879227,2.7586587401205533e-06,0.003381642512077295,0.9971625099202119,0.9999972413412599,0.9985778638481971,8
1.5369928754247106,724988,2064,6,2,0.9999972413412599,0.9971014492753624,2.7586587401205533e-06,0.002898550724637681,0.997161138405506,0.9999972413412599,0.9985771761422879,8
1.5386107626619998,724988,2065,5,2,0.9999972413412599,0.9975845410628019,2.7586587401205533e-06,0.0024154589371980675,0.997159766894573,0.9999972413412599,0.9985764884373258,8
1.540228649899289,724988,2065,5,2,0.9999972413412599,0.9975845410628019,2.7586587401205533e-06,0.0024154589371980675,0.997159766894573,0.9999972413412599,0.9985764884373258,8
1.5418465371365782,724988,2065,5,2,0.9999972413412599,0.9975845410628019,2.7586587401205533e-06,0.0024154589371980675,0.997159766894573,0.9999972413412599,0.9985764884373258,8
1.5434644243738673,724988,2066,4,2,0.9999972413412599,0.9980676328502416,2.7586587401205533e-06,0.001932367149758454,0.9971583953874128,0.9999972413412599,0.9985758007333112,8
1.5450823116111565,724989,2066,4,1,0.99999862067063,0.9980676328502416,1.3793293700602767e-06,0.001932367149758454,0.9971583992957892,0.99999862067063,0.9985764903980248,8
1.5467001988484457,724989,2066,4,1,0.99999862067063,0.9980676328502416,1.3793293700602767e-06,0.001932367149758454,0.9971583992957892,0.99999862067063,0.9985764903980248,8
1.5483180860857348,724989,2066,4,1,0.99999862067063,0.9980676328502416,1.3793293700602767e-06,0.001932367149758454,0.9971583992957892,0.99999862067063,0.9985764903980248,8
1.549935973323024,724989,2066,4,1,0.99999862067063,0.9980676328502416,1.3793293700602767e-06,0.001932367149758454,0.9971583992957892,0.99999862067063,0.9985764903980248,8
1.5515538605603132,724989,2067,3,1,0.99999862067063,0.9985507246376811,1.3793293700602767e-06,0.0014492753623188406,0.9971570277942827,0.99999862067063,0.998575802694956,8
1.5531717477976024,724989,2067,3,1,0.99999862067063,0.9985507246376811,1.3793293700602767e-06,0.0014492753623188406,0.9971570277942827,0.99999862067063,0.998575802694956,8
1.5547896350348915,724989,2067,3,1,0.99999862067063,0.9985507246376811,1.3793293700602767e-06,0.0014492753623188406,0.9971570277942827,0.99999862067063,0.998575802694956,8
1.5564075222721807,724989,2068,2,1,0.99999862067063,0.9990338164251208,1.3793293700602767e-06,0.000966183574879227,0.997155656296549,0.99999862067063,0.9985751149928342,8
1.5580254095094699,724990,2069,1,0,1.0,0.9995169082125603,0.0,0.0004830917874396135,0.9971542887165966,1.0,0.9985751169554196,8
1.559643296746759,724990,2069,1,0,1.0,0.9995169082125603,0.0,0.0004830917874396135,0.9971542887165966,1.0,0.9985751169554196,8
1.5612611839840482,724990,2069,1,0,1.0,0.9995169082125603,0.0,0.0004830917874396135,0.9971542887165966,1.0,0.9985751169554196,8
1.5628790712213374,724990,2069,1,0,1.0,0.9995169082125603,0.0,0.0004830917874396135,0.9971542887165966,1.0,0.9985751169554196,8
1.5644969584586266,724990,2069,1,0,1.0,0.9995169082125603,0.0,0.0004830917874396135,0.9971542887165966,1.0,0.9985751169554196,8
1.5661148456959157,724990,2069,1,0,1.0,0.9995169082125603,0.0,0.0004830917874396135,0.9971542887165966,1.0,0.9985751169554196,8
1.567732732933205,724990,2069,1,0,1.0,0.9995169082125603,0.0,0.0004830917874396135,0.9971542887165966,1.0,0.9985751169554196,8
1.569350620170494,724990,2069,1,0,1.0,0.9995169082125603,0.0,0.0004830917874396135,0.9971542887165966,1.0,0.9985751169554196,8
1.5709685074077833,724990,2069,1,0,1.0,0.9995169082125603,0.0,0.0004830917874396135,0.9971542887165966,1.0,0.9985751169554196,8
1.5725863946450724,724990,2069,1,0,1.0,0.9995169082125603,0.0,0.0004830917874396135,0.9971542887165966,1.0,0.9985751169554196,8
1.5742042818823616,724990,2069,1,0,1.0,0.9995169082125603,0.0,0.0004830917874396135,0.9971542887165966,1.0,0.9985751169554196,8
1.5758221691196508,724990,2069,1,0,1.0,0.9995169082125603,0.0,0.0004830917874396135,0.9971542887165966,1.0,0.9985751169554196,8
1.57744005635694,724990,2069,1,0,1.0,0.9995169082125603,0.0,0.0004830917874396135,0.9971542887165966,1.0,0.9985751169554196,8
1.5790579435942291,724990,2069,1,0,1.0,0.9995169082125603,0.0,0.0004830917874396135,0.9971542887165966,1.0,0.9985751169554196,8
1.5806758308315183,724990,2069,1,0,1.0,0.9995169082125603,0.0,0.0004830917874396135,0.9971542887165966,1.0,0.9985751169554196,8
1.5822937180688075,724990,2069,1,0,1.0,0.9995169082125603,0.0,0.0004830917874396135,0.9971542887165966,1.0,0.9985751169554196,8
1.5839116053060966,724990,2069,1,0,1.0,0.9995169082125603,0.0,0.0004830917874396135,0.9971542887165966,1.0,0.9985751169554196,8
1.5855294925433858,724990,2069,1,0,1.0,0.9995169082125603,0.0,0.0004830917874396135,0.9971542887165966,1.0,0.9985751169554196,8
1.587147379780675,724990,2069,1,0,1.0,0.9995169082125603,0.0,0.0004830917874396135,0.9971542887165966,1.0,0.9985751169554196,8
1.5887652670179642,724990,2069,1,0,1.0,0.9995169082125603,0.0,0.0004830917874396135,0.9971542887165966,1.0,0.9985751169554196,8
1.5903831542552533,724990,2069,1,0,1.0,0.9995169082125603,0.0,0.0004830917874396135,0.9971542887165966,1.0,0.9985751169554196,8
1.5920010414925425,724990,2069,1,0,1.0,0.9995169082125603,0.0,0.0004830917874396135,0.9971542887165966,1.0,0.9985751169554196,8
1.5936189287298317,724990,2069,1,0,1.0,0.9995169082125603,0.0,0.0004830917874396135,0.9971542887165966,1.0,0.9985751169554196,8
1.5952368159671209,724990,2069,1,0,1.0,0.9995169082125603,0.0,0.0004830917874396135,0.9971542887165966,1.0,0.9985751169554196,8
1.59685470320441,724990,2069,1,0,1.0,0.9995169082125603,0.0,0.0004830917874396135,0.9971542887165966,1.0,0.9985751169554196,8
1.5984725904416992,724990,2069,1,0,1.0,0.9995169082125603,0.0,0.0004830917874396135,0.9971542887165966,1.0,0.9985751169554196,8
1.6000904776789884,724990,2069,1,0,1.0,0.9995169082125603,0.0,0.0004830917874396135,0.9971542887165966,1.0,0.9985751169554196,8
1.6017083649162775,724990,2069,1,0,1.0,0.9995169082125603,0.0,0.0004830917874396135,0.9971542887165966,1.0,0.9985751169554196,8
1.6033262521535667,724990,2069,1,0,1.0,0.9995169082125603,0.0,0.0004830917874396135,0.9971542887165966,1.0,0.9985751169554196,8
1.604944139390856,724990,2069,1,0,1.0,0.9995169082125603,0.0,0.0004830917874396135,0.9971542887165966,1.0,0.9985751169554196,8
1.606562026628145,724990,2069,1,0,1.0,0.9995169082125603,0.0,0.0004830917874396135,0.9971542887165966,1.0,0.9985751169554196,8
1.608179913865434,724990,2069,1,0,1.0,0.9995169082125603,0.0,0.0004830917874396135,0.9971542887165966,1.0,0.9985751169554196,8
1.6097978011027232,724990,2069,1,0,1.0,0.9995169082125603,0.0,0.0004830917874396135,0.9971542887165966,1.0,0.9985751169554196,8
1.6114156883400124,724990,2069,1,0,1.0,0.9995169082125603,0.0,0.0004830917874396135,0.9971542887165966,1.0,0.9985751169554196,8
1.6130335755773015,724990,2069,1,0,1.0,0.9995169082125603,0.0,0.0004830917874396135,0.9971542887165966,1.0,0.9985751169554196,8
1.6146514628145907,724990,2069,1,0,1.0,0.9995169082125603,0.0,0.0004830917874396135,0.9971542887165966,1.0,0.9985751169554196,8
1.6162693500518799,724990,2069,1,0,1.0,0.9995169082125603,0.0,0.0004830917874396135,0.9971542887165966,1.0,0.9985751169554196,8
0.0,0,0,2070,661730,0.0,0.0,1.0,1.0,,0.0,,16
0.0015374802731656218,0,0,2070,661730,0.0,0.0,1.0,1.0,,0.0,,16
0.0030749605463312435,0,0,2070,661730,0.0,0.0,1.0,1.0,,0.0,,16
0.004612440819496865,0,0,2070,661730,0.0,0.0,1.0,1.0,,0.0,,16
0.006149921092662487,0,0,2070,661730,0.0,0.0,1.0,1.0,,0.0,,16
0.007687401365828109,0,0,2070,661730,0.0,0.0,1.0,1.0,,0.0,,16
0.00922488163899373,0,0,2070,661730,0.0,0.0,1.0,1.0,,0.0,,16
0.010762361912159353,0,0,2070,661730,0.0,0.0,1.0,1.0,,0.0,,16
0.012299842185324974,0,0,2070,661730,0.0,0.0,1.0,1.0,,0.0,,16
0.013837322458490595,0,0,2070,661730,0.0,0.0,1.0,1.0,,0.0,,16
0.015374802731656218,0,0,2070,661730,0.0,0.0,1.0,1.0,,0.0,,16
0.01691228300482184,0,0,2070,661730,0.0,0.0,1.0,1.0,,0.0,,16
0.01844976327798746,0,0,2070,661730,0.0,0.0,1.0,1.0,,0.0,,16
0.019987243551153083,0,0,2070,661730,0.0,0.0,1.0,1.0,,0.0,,16
0.021524723824318706,0,0,2070,661730,0.0,0.0,1.0,1.0,,0.0,,16
0.023062204097484326,0,0,2070,661730,0.0,0.0,1.0,1.0,,0.0,,16
0.02459968437064995,0,0,2070,661730,0.0,0.0,1.0,1.0,,0.0,,16
0.02613716464381557,0,0,2070,661730,0.0,0.0,1.0,1.0,,0.0,,16
0.02767464491698119,0,0,2070,661730,0.0,0.0,1.0,1.0,,0.0,,16
0.029212125190146813,0,0,2070,661730,0.0,0.0,1.0,1.0,,0.0,,16
0.030749605463312436,0,0,2070,661730,0.0,0.0,1.0,1.0,,0.0,,16
0.03228708573647806,0,0,2070,661730,0.0,0.0,1.0,1.0,,0.0,,16
0.03382456600964368,1,0,2070,661729,1.511190364650235e-06,0.0,0.9999984888096354,1.0,1.0,1.511190364650235e-06,3.0223761619147357e-06,16
0.0353620462828093,1,0,2070,661729,1.511190364650235e-06,0.0,0.9999984888096354,1.0,1.0,1.511190364650235e-06,3.0223761619147357e-06,16
0.03689952655597492,4,0,2070,661726,6.04476145860094e-06,0.0,0.9999939552385414,1.0,1.0,6.04476145860094e-06,1.2089449839361436e-05,16
0.038437006829140544,5,0,2070,661725,7.555951823251175e-06,0.0,0.9999924440481768,1.0,1.0,7.555951823251175e-06,1.5111789462549207e-05,16
0.039974487102306167,5,0,2070,661725,7.555951823251175e-06,0.0,0.9999924440481768,1.0,1.0,7.555951823251175e-06,1.5111789462549207e-05,16
0.04151196737547179,6,0,2070,661724,9.06714218790141e-06,0.0,0.9999909328578122,1.0,1.0,9.06714218790141e-06,1.813411995115877e-05,16
0.04304944764863741,7,0,2070,661723,1.0578332552551644e-05,0.0,0.9999894216674474,1.0,1.0,1.0578332552551644e-05,2.1156441305231533e-05,16
0.04458692792180303,7,0,2070,661723,1.0578332552551644e-05,0.0,0.9999894216674474,1.0,1.0,1.0578332552551644e-05,2.1156441305231533e-05,16
0.04612440819496865,7,0,2070,661723,1.0578332552551644e-05,0.0,0.9999894216674474,1.0,1.0,1.0578332552551644e-05,2.1156441305231533e-05,16
0.047661888468134274,7,0,2070,661723,1.0578332552551644e-05,0.0,0.9999894216674474,1.0,1.0,1.0578332552551644e-05,2.1156441305231533e-05,16
0.0491993687412999,8,0,2070,661722,1.208952291720188e-05,0.0,0.9999879104770828,1.0,1.0,1.208952291720188e-05,2.4178753524808913e-05,16
0.05073684901446552,8,0,2070,661722,1.208952291720188e-05,0.0,0.9999879104770828,1.0,1.0,1.208952291720188e-05,2.4178753524808913e-05,16
0.05227432928763114,8,0,2070,661722,1.208952291720188e-05,0.0,0.9999879104770828,1.0,1.0,1.208952291720188e-05,2.4178753524808913e-05,16
0.053811809560796765,9,0,2070,661721,1.3600713281852115e-05,0.0,0.9999863992867182,1.0,1.0,1.3600713281852115e-05,2.7201056609932314e-05,16
0.05534928983396238,11,0,2070,661719,1.6623094011152585e-05,0.0,0.9999833769059888,1.0,1.0,1.6623094011152585e-05,3.324563537698284e-05,16
0.056886770107128004,12,0,2070,661718,1.813428437580282e-05,0.0,0.9999818657156242,1.0,1.0,1.813428437580282e-05,3.6267911058992784e-05,16
0.05842425038029363,14,0,2070,661716,2.1156665105103288e-05,0.0,0.999978843334895,1.0,1.0,2.1156665105103288e-05,4.231243502018907e-05,16
0.05996173065345925,15,0,2070,661715,2.2667855469753526e-05,0.0,0.9999773321445302,1.0,1.0,2.2667855469753526e-05,4.533468329945825e-05,16
0.06149921092662487,16,0,2070,661714,2.417904583440376e-05,0.0,0.9999758209541656,1.0,1.0,2.417904583440376e-05,4.835692244456332e-05,16
0.0630366911997905,17,0,2070,661713,2.5690236199053995e-05,0.0,0.999974309763801,1.0,1.0,2.5690236199053995e-05,5.13791524555457e-05,16
0.06457417147295612,17,0,2070,661713,2.5690236199053995e-05,0.0,0.999974309763801,1.0,1.0,2.5690236199053995e-05,5.13791524555457e-05,16
0.06611165174612174,17,0,2070,661713,2.5690236199053995e-05,0.0,0.999974309763801,1.0,1.0,2.5690236199053995e-05,5.13791524555457e-05,16
0.06764913201928736,17,0,2070,661713,2.5690236199053995e-05,0.0,0.999974309763801,1.0,1.0,2.5690236199053995e-05,5.13791524555457e-05,16
0.06918661229245297,17,0,2070,661713,2.5690236199053995e-05,0.0,0.999974309763801,1.0,1.0,2.5690236199053995e-05,5.13791524555457e-05,16
0.0707240925656186,18,0,2070,661712,2.720142656370423e-05,0.0,0.9999727985734364,1.0,1.0,2.720142656370423e-05,5.4401373332446795e-05,16
0.07226157283878422,20,0,2070,661710,3.02238072930047e-05,0.0,0.999969776192707,1.0,1.0,3.02238072930047e-05,6.0445787684170766e-05,16
0.07379905311194984,21,0,2070,661709,3.173499765765493e-05,0.0,0.9999682650023424,1.0,1.0,3.173499765765493e-05,6.346798115907644e-05,16
0.07533653338511546,21,0,2070,661709,3.173499765765493e-05,0.0,0.9999682650023424,1.0,1.0,3.173499765765493e-05,6.346798115907644e-05,16
0.07687401365828109,21,0,2070,661709,3.173499765765493e-05,0.0,0.9999682650023424,1.0,1.0,3.173499765765493e-05,6.346798115907644e-05,16
0.07841149393144671,21,0,2070,661709,3.173499765765493e-05,0.0,0.9999682650023424,1.0,1.0,3.173499765765493e-05,6.346798115907644e-05,16
0.07994897420461233,21,0,2070,661709,3.173499765765493e-05,0.0,0.9999682650023424,1.0,1.0,3.173499765765493e-05,6.346798115907644e-05,16
0.08148645447777796,22,0,2070,661708,3.324618802230517e-05,0.0,0.9999667538119777,1.0,1.0,3.324618802230517e-05,6.649016550006649e-05,16
0.08302393475094358,24,0,2070,661706,3.626856875160564e-05,0.0,0.9999637314312484,1.0,1.0,3.626856875160564e-05,7.253450678046524e-05,16
0.0845614150241092,24,0,2070,661706,3.626856875160564e-05,0.0,0.9999637314312484,1.0,1.0,3.626856875160564e-05,7.253450678046524e-05,16
0.08609889529727482,24,0,2070,661706,3.626856875160564e-05,0.0,0.9999637314312484,1.0,1.0,3.626856875160564e-05,7.253450678046524e-05,16
0.08763637557044045,24,0,2070,661706,3.626856875160564e-05,0.0,0.9999637314312484,1.0,1.0,3.626856875160564e-05,7.253450678046524e-05,16
0.08917385584360606,24,0,2070,661706,3.626856875160564e-05,0.0,0.9999637314312484,1.0,1.0,3.626856875160564e-05,7.253450678046524e-05,16
0.09071133611677168,24,0,2070,661706,3.626856875160564e-05,0.0,0.9999637314312484,1.0,1.0,3.626856875160564e-05,7.253450678046524e-05,16
0.0922488163899373,26,0,2070,661704,3.929094948090611e-05,0.0,0.9999607090505191,1.0,1.0,3.929094948090611e-05,7.857881152569829e-05,16
0.09378629666310292,28,0,2070,661702,4.2313330210206576e-05,0.0,0.9999576866697898,1.0,1.0,4.2313330210206576e-05,8.462307973609688e-05,16
0.09532377693626855,29,0,2070,661701,4.3824520574856814e-05,0.0,0.9999561754794252,1.0,1.0,4.3824520574856814e-05,8.764520014083676e-05,16
0.09686125720943417,32,0,2070,661698,4.835809166880752e-05,0.0,0.9999516419083312,1.0,1.0,4.835809166880752e-05,9.671150655371568e-05,16
0.0983987374825998,33,0,2070,661697,4.986928203345775e-05,0.0,0.9999501307179666,1.0,1.0,4.986928203345775e-05,9.973359042436642e-05,16
0.09993621775576542,36,0,2070,661694,5.440285312740846e-05,0.0,0.9999455971468726,1.0,1.0,5.440285312740846e-05,0.00010879978723597164,16
0.10147369802893104,37,0,2070,661693,5.5914043492058696e-05,0.0,0.999944085956508,1.0,1.0,5.5914043492058696e-05,0.00011182183457319569,16
0.10301117830209666,38,0,2070,661692,5.742523385670893e-05,0.0,0.9999425747661433,1.0,1.0,5.742523385670893e-05,0.0001148438727771666,16
0.10454865857526228,40,0,2070,661690,6.04476145860094e-05,0.0,0.999939552385414,1.0,1.0,6.04476145860094e-05,0.00012088792178551461,16
0.10608613884842791,40,0,2070,661690,6.04476145860094e-05,0.0,0.999939552385414,1.0,1.0,6.04476145860094e-05,0.00012088792178551461,16
0.10762361912159353,41,0,2070,661689,6.195880495065964e-05,0.0,0.9999380411950494,1.0,1.0,6.195880495065964e-05,0.0001239099325899745,16
0.10916109939475914,46,0,2070,661684,6.951475677391082e-05,0.0,0.9999304852432261,1.0,1.0,6.951475677391082e-05,0.00013901984961678878,16
0.11069857966792476,48,0,2070,661682,7.253713750321128e-05,0.0,0.9999274628624968,1.0,1.0,7.253713750321128e-05,0.00014506375249706094,16
0.11223605994109039,49,0,2070,661681,7.404832786786152e-05,0.0,0.9999259516721322,1.0,1.0,7.404832786786152e-05,0.00014808569023797976,16
0.11377354021425601,53,0,2070,661677,8.009308932646245e-05,0.0,0.9999199069106736,1.0,1.0,8.009308932646245e-05,0.00016017334987450567,16
0.11531102048742163,59,0,2070,661671,8.916023151436387e-05,0.0,0.9999108397684856,1.0,1.0,8.916023151436387e-05,0.00017830456535240086,16
0.11684850076058725,62,0,2070,661668,9.369380260831457e-05,0.0,0.9999063061973917,1.0,1.0,9.369380260831457e-05,0.00018737004980416805,16
0.11838598103375288,64,0,2070,661666,9.671618333761504e-05,0.0,0.9999032838166624,1.0,1.0,9.671618333761504e-05,0.00019341366044418656,16
0.1199234613069185,68,0,2070,661662,0.00010276094479621598,0.0,0.9998972390552038,1.0,1.0,0.00010276094479621598,0.00020550077213893063,16
0.12146094158008412,70,0,2070,661660,0.00010578332552551645,0.0,0.9998942166744745,1.0,1.0,0.00010578332552551645,0.00021154427319431852,16
0.12299842185324975,72,0,2070,661658,0.00010880570625481692,0.0,0.9998911942937452,1.0,1.0,0.00010880570625481692,0.00021758773772215858,16
0.12453590212641537,74,0,2070,661656,0.00011182808698411739,0.0,0.9998881719130159,1.0,1.0,0.00011182808698411739,0.000223631165722782,16
0.126073382399581,74,0,2070,661656,0.00011182808698411739,0.0,0.9998881719130159,1.0,1.0,0.00011182808698411739,0.000223631165722782,16
0.1276108626727466,74,0,2070,661656,0.00011182808698411739,0.0,0.9998881719130159,1.0,1.0,0.00011182808698411739,0.000223631165722782,16
0.12914834294591224,76,0,2070,661654,0.00011485046771341785,0.0,0.9998851495322866,1.0,1.0,0.00011485046771341785,0.00022967455719651985,16
0.13068582321907785,81,0,2070,661649,0.00012240641953666903,0.0,0.9998775935804634,1.0,1.0,0.00012240641953666903,0.0002447828760779135,16
0.13222330349224348,83,0,2070,661647,0.0001254288002659695,0.0,0.999874571199734,1.0,1.0,0.0001254288002659695,0.00025082613971015984,16
0.1337607837654091,84,0,2070,661646,0.00012693999063061973,0.0,0.9998730600093694,1.0,1.0,0.00012693999063061973,0.00025384775782923906,16
0.13529826403857473,86,0,2070,661644,0.0001299623713599202,0.0,0.9998700376286401,1.0,1.0,0.0001299623713599202,0.0002598909666735165,16
0.13683574431174034,88,0,2070,661642,0.00013298475208922068,0.0,0.9998670152479108,1.0,1.0,0.00013298475208922068,0.0002659341389928953,16
0.13837322458490595,89,0,2070,661641,0.0001344959424538709,0.0,0.9998655040575462,1.0,1.0,0.0001344959424538709,0.0002689557114558512,16
0.13991070485807158,93,0,2070,661637,0.00014054070391247186,0.0,0.9998594592960875,1.0,1.0,0.00014054070391247186,0.0002810419099970838,16
0.1414481851312372,97,0,2070,661633,0.0001465854653710728,0.0,0.999853414534629,1.0,1.0,0.0001465854653710728,0.0002931279624433576,16
0.14298566540440283,99,0,2070,661631,0.00014960784610037326,0.0,0.9998503921538996,1.0,1.0,0.00014960784610037326,0.00029917093388171265,16
0.14452314567756844,99,0,2070,661631,0.00014960784610037326,0.0,0.9998503921538996,1.0,1.0,0.00014960784610037326,0.00029917093388171265,16
0.14606062595073407,101,0,2070,661629,0.00015263022682967373,0.0,0.9998473697731703,1.0,1.0,0.00015263022682967373,0.00030521386879732134,16
0.14759810622389968,104,0,2070,661626,0.00015716379792362443,0.0,0.9998428362020764,1.0,1.0,0.00015716379792362443,0.0003142782026913093,16
0.14913558649706532,105,0,2070,661625,0.00015867498828827468,0.0,0.9998413250117117,1.0,1.0,0.00015867498828827468,0.00031729962906162413,16
0.15067306677023093,106,0,2070,661624,0.0001601861786529249,0.0,0.9998398138213471,1.0,1.0,0.0001601861786529249,0.0003203210463015007,16
0.15221054704339657,109,0,2070,661621,0.0001647197497468756,0.0,0.9998352802502531,1.0,1.0,0.0001647197497468756,0.00032938524323891454,16
0.15374802731656217,109,0,2070,661621,0.0001647197497468756,0.0,0.9998352802502531,1.0,1.0,0.0001647197497468756,0.00032938524323891454,16
0.1552855075897278,111,0,2070,661619,0.00016774213047617608,0.0,0.9998322578695238,1.0,1.0,0.00016774213047617608,0.00033542799554575793,16
0.15682298786289342,113,0,2070,661617,0.00017076451120547656,0.0,0.9998292354887945,1.0,1.0,0.00017076451120547656,0.00034147071133184154,16
0.15836046813605903,118,0,2070,661612,0.00017832046302872773,0.0,0.9998216795369713,1.0,1.0,0.00017832046302872773,0.00035657734102089903,16
0.15989794840922467,122,0,2070,661608,0.00018436522448732866,0.0,0.9998156347755127,1.0,1.0,0.00018436522448732866,0.00036866248043369214,16
0.16143542868239028,130,0,2070,661600,0.00019645474740453056,0.0,0.9998035452525955,1.0,1.0,0.00019645474740453056,0.0003928323210346599,16
0.1629729089555559,134,0,2070,661596,0.00020249950886313148,0.0,0.9997975004911369,1.0,1.0,0.00020249950886313148,0.0004049170222281314,16
0.16451038922872152,142,0,2070,661588,0.00021458903178033336,0.0,0.9997854109682197,1.0,1.0,0.00021458903178033336,0.00042908598641429156,16
0.16604786950188716,146,0,2070,661584,0.0002206337932389343,0.0,0.9997793662067611,1.0,1.0,0.0002206337932389343,0.00044117024941227665,16
0.16758534977505277,155,0,2070,661575,0.00023423450652078644,0.0,0.9997657654934792,1.0,1.0,0.00023423450652078644,0.0004683593071303928,16
0.1691228300482184,163,0,2070,661567,0.0002463240294379883,0.0,0.999753675970562,1.0,1.0,0.0002463240294379883,0.0004925267377053392,16
0.170660310321384,174,0,2070,661556,0.0002629471234491409,0.0,0.9997370528765509,1.0,1.0,0.0002629471234491409,0.0005257560008702168,16
0.17219779059454965,180,0,2070,661550,0.0002720142656370423,0.0,0.999727985734363,1.0,1.0,0.0002720142656370423,0.0005438805879953469,16
0.17373527086771526,186,0,2070,661544,0.0002810814078249437,0.0,0.9997189185921751,1.0,1.0,0.0002810814078249437,0.0005620048465364185,16
0.1752727511408809,194,0,2070,661536,0.0002931709307421456,0.0,0.9997068290692579,1.0,1.0,0.0002931709307421456,0.0005861700134758673,16
0.1768102314140465,201,0,2070,661529,0.0003037492632946972,0.0,0.9996962507367053,1.0,1.0,0.0003037492632946972,0.0006073140553924805,16
0.1783477116872121,207,0,2070,661523,0.00031281640548259866,0.0,0.9996871835945174,1.0,1.0,0.00031281640548259866,0.0006254371639597122,16
0.17988519196037775,212,0,2070,661518,0.0003203723573058498,0.0,0.9996796276426941,1.0,1.0,0.0003203723573058498,0.0006405395034610284,16
0.18142267223354336,222,0,2070,661508,0.00033548426095235216,0.0,0.9996645157390477,1.0,1.0,0.00033548426095235216,0.0006707434980179831,16
0.182960152506709,231,0,2070,661499,0.00034908497423420426,0.0,0.9996509150257658,1.0,1.0,0.00034908497423420426,0.0006979263128794596,16
0.1844976327798746,244,0,2070,661486,0.0003687304489746573,0.0,0.9996312695510253,1.0,1.0,0.0003687304489746573,0.0007371890738911196,16
0.18603511305304024,250,0,2070,661480,0.00037779759116255877,0.0,0.9996222024088375,1.0,1.0,0.00037779759116255877,0.0007553098280914832,16
0.18757259332620585,256,0,2070,661474,0.00038686473335046017,0.0,0.9996131352666495,1.0,1.0,0.00038686473335046017,0.0007734302538120141,16
0.1891100735993715,262,0,2070,661468,0.00039593187553836157,0.0,0.9996040681244617,1.0,1.0,0.00039593187553836157,0.0007915503510616442,16
0.1906475538725371,268,0,2070,661462,0.00040499901772626297,0.0,0.9995950009822737,1.0,1.0,0.00040499901772626297,0.0008096701198493047,16
0.19218503414570273,271,0,2070,661459,0.00040953258882021367,0.0,0.9995904674111797,1.0,1.0,0.00040953258882021367,0.0008187298810726872,16
0.19372251441886834,281,0,2070,661449,0.000424644492466716,0.0,0.9995753555075333,1.0,1.0,0.000424644492466716,0.0008489284921247532,16
0.19525999469203398,289,0,2070,661441,0.0004367340153839179,0.0,0.9995632659846161,1.0,1.0,0.0004367340153839179,0.0008730867240970425,16
0.1967974749651996,300,0,2070,661430,0.0004533571093950705,0.0,0.9995466428906049,1.0,1.0,0.0004533571093950705,0.000906303339727807,16
0.1983349552383652,304,0,2070,661426,0.0004594018708536714,0.0,0.9995405981291463,1.0,1.0,0.0004594018708536714,0.000918381835374014,16
0.19987243551153083,309,0,2070,661421,0.0004669578226769226,0.0,0.9995330421773231,1.0,1.0,0.0004669578226769226,0.0009334797496824204,16
0.20140991578469644,314,0,2070,661416,0.00047451377450017377,0.0,0.9995254862254999,1.0,1.0,0.00047451377450017377,0.0009485774359408136,16
0.20294739605786208,329,0,2070,661401,0.0004971816299699273,0.0,0.9995028183700301,1.0,1.0,0.0004971816299699273,0.0009938691264675806,16
0.2044848763310277,335,0,2070,661395,0.0005062487721578287,0.0,0.9994937512278421,1.0,1.0,0.0005062487721578287,0.0010119852280365221,16
0.20602235660419332,346,0,2070,661384,0.0005228718661689813,0.0,0.999477128133831,1.0,1.0,0.0005228718661689813,0.0010451972281127846,16
0.20755983687735893,354,0,2070,661376,0.0005349613890861832,0.0,0.9994650386109138,1.0,1.0,0.0005349613890861832,0.001069350716827472,16
0.20909731715052457,364,0,2070,661366,0.0005500732927326855,0.0,0.9994499267072673,1.0,1.0,0.0005500732927326855,0.0010995417569106501,16
0.21063479742369018,377,0,2070,661353,0.0005697187674731386,0.0,0.9994302812325269,1.0,1.0,0.0005697187674731386,0.0011387887456257072,16
0.21217227769685582,383,0,2070,661347,0.00057878590966104,0.0,0.9994212140903389,1.0,1.0,0.00057878590966104,0.0011569022206179308,16
0.21370975797002142,391,0,2070,661339,0.0005908754325782419,0.0,0.9994091245674217,1.0,1.0,0.0005908754325782419,0.0011810530099483328,16
0.21524723824318706,399,0,2070,661331,0.0006029649554954437,0.0,0.9993970350445046,1.0,1.0,0.0006029649554954437,0.0012052032156875774,16
0.21678471851635267,409,0,2070,661321,0.0006180768591419461,0.0,0.999381923140858,1.0,1.0,0.0006180768591419461,0.001235390152218794,16
0.21832219878951828,428,0,2070,661302,0.0006467894760703005,0.0,0.9993532105239297,1.0,1.0,0.0006467894760703005,0.0012927428196895605,16
0.21985967906268392,440,0,2070,661290,0.0006649237604461034,0.0,0.9993350762395539,1.0,1.0,0.0006649237604461034,0.0013289638612440915,16
0.22139715933584952,461,0,2070,661269,0.0006966587581037583,0.0,0.9993033412418962,1.0,1.0,0.0006966587581037583,0.001392347525109825,16
0.22293463960901516,489,0,2070,661241,0.0007389720883139649,0.0,0.999261027911686,1.0,1.0,0.0007389720883139649,0.0014768528236127323,16
0.22447211988218077,504,0,2070,661226,0.0007616399437837184,0.0,0.9992383600562162,1.0,1.0,0.0007616399437837184,0.0015221205797346558,16
0.2260096001553464,514,0,2070,661216,0.0007767518474302208,0.0,0.9992232481525698,1.0,1.0,0.0007767518474302208,0.0015522979445642393,16
0.22754708042851202,528,0,2070,661202,0.000797908512535324,0.0,0.9992020914874646,1.0,1.0,0.000797908512535324,0.0015945447242615414,16
0.22908456070167765,535,0,2070,661195,0.0008084868450878757,0.0,0.9991915131549122,1.0,1.0,0.0008084868450878757,0.0016156674443009974,16
0.23062204097484326,545,0,2070,661185,0.000823598748734378,0.0,0.9991764012512656,1.0,1.0,0.000823598748734378,0.0016458419840700614,16
0.2321595212480089,559,0,2070,661171,0.0008447554138394813,0.0,0.9991552445861606,1.0,1.0,0.0008447554138394813,0.001688084808897626,16
0.2336970015211745,580,0,2070,661150,0.0008764904114971363,0.0,0.9991235095885028,1.0,1.0,0.0008764904114971363,0.0017514456976340386,16
0.23523448179434014,599,0,2070,661131,0.0009052030284254907,0.0,0.9990947969715746,1.0,1.0,0.0009052030284254907,0.001808768753897232,16
0.23677196206750575,615,0,2070,661115,0.0009293820742598945,0.0,0.9990706179257401,1.0,1.0,0.0009293820742598945,0.0018570382504585977,16
0.23830944234067136,630,0,2070,661100,0.000952049929729648,0.0,0.9990479500702704,1.0,1.0,0.000952049929729648,0.001902288785554683,16
0.239846922613837,641,0,2070,661089,0.0009686730237408006,0.0,0.9990313269762592,1.0,1.0,0.0009686730237408006,0.001935471208733474,16
0.2413844028870026,657,0,2070,661073,0.0009928520695752043,0.0,0.9990071479304248,1.0,1.0,0.0009928520695752043,0.0019837345841630344,16
0.24292188316016824,675,0,2070,661055,0.0010200534961389085,0.0,0.9989799465038611,1.0,1.0,0.0010200534961389085,0.0020380280945946965,16
0.24445936343333385,691,0,2070,661039,0.0010442325419733123,0.0,0.9989557674580267,1.0,1.0,0.0010442325419733123,0.0020862865156750766,16
0.2459968437064995,716,0,2070,661014,0.0010820123010895682,0.0,0.9989179876989104,1.0,1.0,0.0010820123010895682,0.0021616856317345115,16
0.2475343239796651,740,0,2070,660990,0.0011182808698411738,0.0,0.9988817191301588,1.0,1.0,0.0011182808698411738,0.002234063429287364,16
0.24907180425283074,759,0,2070,660971,0.0011469934867695283,0.0,0.9988530065132305,1.0,1.0,0.0011469934867695283,0.0022913587999196967,16
0.25060928452599635,775,0,2070,660955,0.0011711725326039321,0.0,0.9988288274673961,1.0,1.0,0.0011711725326039321,0.002339604984113327,16
0.252146764799162,795,0,2070,660935,0.0012013963398969367,0.0,0.9987986036601031,1.0,1.0,0.0012013963398969367,0.0023999094373797214,16
0.2536842450723276,817,0,2070,660913,0.001234642527919242,0.0,0.9987653574720807,1.0,1.0,0.001234642527919242,0.0024662401308888273,16
0.2552217253454932,843,0,2070,660887,0.0012739334774001482,0.0,0.9987260665225999,1.0,1.0,0.0012739334774001482,0.0025446252714795203,16
0.25675920561865884,874,0,2070,660856,0.0013207803787043055,0.0,0.9986792196212957,1.0,1.0,0.0013207803787043055,0.0026380764378120267,16
0.2582966858918245,898,0,2070,660832,0.001357048947455911,0.0,0.9986429510525441,1.0,1.0,0.001357048947455911,0.0027104197226799956,16
0.25983416616499005,918,0,2070,660812,0.0013872727547489157,0.0,0.9986127272452511,1.0,1.0,0.0013872727547489157,0.0027707017903924862,16
0.2613716464381557,955,0,2070,660775,0.0014431867982409744,0.0,0.998556813201759,1.0,1.0,0.0014431867982409744,0.0028822140232538838,16
0.26290912671132133,996,0,2070,660734,0.001505145603191634,0.0,0.9984948543968084,1.0,1.0,0.001505145603191634,0.0030057670892646433,16
0.26444660698448696,1040,0,2070,660690,0.0015716379792362445,0.0,0.9984283620207638,1.0,1.0,0.0015716379792362445,0.003138343618449839,16
0.26598408725765255,1071,0,2070,660659,0.0016184848805404018,0.0,0.9983815151194596,1.0,1.0,0.0016184848805404018,0.0032317392399830417,16
0.2675215675308182,1109,0,2070,660621,0.0016759101143971106,0.0,0.9983240898856028,1.0,1.0,0.0016759101143971106,0.0033462122777929483,16
0.2690590478039838,1150,0,2070,660580,0.0017378689193477703,0.0,0.9982621310806522,1.0,1.0,0.0017378689193477703,0.0034697079411054794,16
0.27059652807714946,1191,0,2070,660539,0.00179982772429843,0.0,0.9982001722757016,1.0,1.0,0.00179982772429843,0.0035931883286243766,16
0.27213400835031504,1233,0,2070,660497,0.0018632977196137398,0.0,0.9981367022803863,1.0,1.0,0.0018632977196137398,0.003719664596666782,16
0.2736714886234807,1280,0,2070,660450,0.0019343236667523009,0.0,0.9980656763332477,1.0,1.0,0.0019343236667523009,0.0038611785644258757,16
0.2752089688966463,1322,0,2070,660408,0.0019977936620676107,0.0,0.9980022063379324,1.0,1.0,0.0019977936620676107,0.003987620880413602,16
0.2767464491698119,1354,0,2070,660376,0.0020461517537364183,0.0,0.9979538482462635,1.0,1.0,0.0020461517537364183,0.004083947131886759,16
0.27828392944297753,1401,0,2070,660329,0.002117177700874979,0.0,0.9978828222991251,1.0,1.0,0.002117177700874979,0.004225409459066157,16
0.27982140971614317,1454,0,2070,660276,0.0021972707902014415,0.0,0.9978027292097985,1.0,1.0,0.0021972707902014415,0.00438490675287703,16
0.2813588899893088,1498,0,2070,660232,0.002263763166246052,0.0,0.9977362368337539,1.0,1.0,0.002263763166246052,0.004517300234610119,16
0.2828963702624744,1541,0,2070,660189,0.002328744351926012,0.0,0.997671255648074,1.0,1.0,0.002328744351926012,0.004646667802451788,16
0.28443385053564,1594,0,2070,660136,0.0024088374412524747,0.0,0.9975911625587476,1.0,1.0,0.0024088374412524747,0.00480609777424004,16
0.28597133080880566,1646,0,2070,660084,0.0024874193402142867,0.0,0.9975125806597858,1.0,1.0,0.0024874193402142867,0.004962494874701527,16
0.2875088110819713,1696,0,2070,660034,0.0025629788584467985,0.0,0.9974370211415532,1.0,1.0,0.0025629788584467985,0.005112853581258498,16
0.2890462913551369,1746,0,2070,659984,0.0026385383766793103,0.0,0.9973614616233207,1.0,1.0,0.0026385383766793103,0.005263189625547872,16
0.2905837716283025,1809,0,2070,659921,0.0027337433696522752,0.0,0.9972662566303477,1.0,1.0,0.0027337433696522752,0.005452580782742235,16
0.29212125190146815,1873,0,2070,659857,0.00283045955298989,0.0,0.9971695404470101,1.0,1.0,0.00283045955298989,0.005644941327872236,16
0.2936587321746338,1945,0,2070,659785,0.0029392652592447072,0.0,0.9970607347407553,1.0,1.0,0.0029392652592447072,0.0058613025953968435,16
0.29519621244779937,2008,0,2070,659722,0.0030344702522176717,0.0,0.9969655297477823,1.0,1.0,0.0030344702522176717,0.0060505801988133875,16
0.296733692720965,2094,0,2070,659636,0.003164432623577592,0.0,0.9968355673764224,1.0,1.0,0.003164432623577592,0.006308901154522885,16
0.29827117299413064,2157,0,2070,659573,0.003259637616550557,0.0,0.9967403623834494,1.0,1.0,0.003259637616550557,0.006498093802107889,16
0.2998086532672962,2226,0,2070,659504,0.003363909751711423,0.0,0.9966360902482886,1.0,1.0,0.003363909751711423,0.006705263601804939,16
0.30134613354046186,2304,0,2070,659426,0.0034817826001541413,0.0,0.9965182173998458,1.0,1.0,0.0034817826001541413,0.006939403705231962,16
0.3028836138136275,2388,0,2070,659342,0.0036087225907847614,0.0,0.9963912774092153,1.0,1.0,0.0036087225907847614,0.007191493078037336,16
0.30442109408679313,2461,0,2070,659269,0.0037190394874042285,0.0,0.9962809605125957,1.0,1.0,0.0037190394874042285,0.007410518962166004,16
0.3059585743599587,2529,0,2070,659201,0.0038218004322004445,0.0,0.9961781995677995,1.0,1.0,0.0038218004322004445,0.007614499765904565,16
0.30749605463312435,2604,0,2070,659126,0.003935139709549212,0.0,0.9960648602904508,1.0,1.0,0.003935139709549212,0.007839430166151363,16
0.30903353490629,2683,0,2070,659047,0.004054523748356581,0.0,0.9959454762516434,1.0,1.0,0.004054523748356581,0.008076301938703788,16
0.3105710151794556,2767,0,2070,658963,0.0041814637389872,0.0,0.9958185362610128,1.0,1.0,0.0041814637389872,0.008328103813862215,16
0.3121084954526212,2864,0,2070,658866,0.004328049204358273,0.0,0.9956719507956417,1.0,1.0,0.004328049204358273,0.008618795836254916,16
0.31364597572578684,2955,0,2070,658775,0.004465567527541445,0.0,0.9955344324724585,1.0,1.0,0.004465567527541445,0.008891429775006208,16
0.3151834559989525,3033,0,2070,658697,0.0045834403759841625,0.0,0.9954165596240159,1.0,1.0,0.0045834403759841625,0.009125056599118784,16
0.31672093627211806,3130,0,2070,658600,0.004730025841355235,0.0,0.9952699741586447,1.0,1.0,0.004730025841355235,0.009415516048491411,16
0.3182584165452837,3222,0,2070,658508,0.004869055354903057,0.0,0.995130944645097,1.0,1.0,0.004869055354903057,0.009690925059252396,16
0.31979589681844933,3329,0,2070,658401,0.005030752723920632,0.0,0.9949692472760794,1.0,1.0,0.005030752723920632,0.010011141868616168,16
0.32133337709161497,3440,0,2070,658290,0.005198494854396808,0.0,0.9948015051456032,1.0,1.0,0.005198494854396808,0.010343220530090052,16
0.32287085736478055,3537,0,2070,658193,0.005345080319767881,0.0,0.9946549196802321,1.0,1.0,0.005345080319767881,0.010633324665134449,16
0.3244083376379462,3634,0,2070,658096,0.005491665785138954,0.0,0.9945083342148611,1.0,1.0,0.005491665785138954,0.010923344214595319,16
0.3259458179111118,3748,0,2070,657982,0.005663941486709081,0.0,0.9943360585132909,1.0,1.0,0.005663941486709081,0.011264083861525099,16
0.32748329818427746,3858,0,2070,657872,0.005830172426820606,0.0,0.9941698275731794,1.0,1.0,0.005830172426820606,0.011592757080956988,16
0.32902077845744304,3976,0,2070,657754,0.006008492889849335,0.0,0.9939915071101507,1.0,1.0,0.006008492889849335,0.011945213052007943,16
0.3305582587306087,4099,0,2070,657631,0.006194369304701314,0.0,0.9938056306952987,1.0,1.0,0.006194369304701314,0.012312470619333193,16
0.3320957390037743,4236,0,2070,657494,0.006401402384658395,0.0,0.9935985976153416,1.0,1.0,0.006401402384658395,0.0127213701600382,16
0.33363321927693995,4396,0,2070,657334,0.006643192843002433,0.0,0.9933568071569976,1.0,1.0,0.006643192843002433,0.013198704149064891,16
0.33517069955010553,4511,0,2070,657219,0.00681697973493721,0.0,0.9931830202650628,1.0,1.0,0.00681697973493721,0.01354164634118885,16
0.33670817982327117,4621,0,2070,657109,0.006983210675048736,0.0,0.9930167893249513,1.0,1.0,0.006983210675048736,0.013869567240088181,16
0.3382456600964368,4766,0,2070,656964,0.00720233327792302,0.0,0.992797666722077,1.0,1.0,0.00720233327792302,0.01430166122527367,16
0.3397831403696024,4894,0,2070,656836,0.00739576564459825,0.0,0.9926042343554018,1.0,1.0,0.00739576564459825,0.014682939708141322,16
0.341320620642768,5053,0,2070,656677,0.007636044912577637,0.0,0.9923639550874224,1.0,1.0,0.007636044912577637,0.015156355216014805,16
0.34285810091593366,5182,0,2070,656548,0.007830988469617517,0.0,0.9921690115303825,1.0,1.0,0.007830988469617517,0.015540281176527037,16
0.3443955811890993,5305,0,2070,656425,0.008016864884469496,0.0,0.9919831351155305,1.0,1.0,0.008016864884469496,0.015906211817970573,16
0.3459330614622649,5460,0,2070,656270,0.008251099390990283,0.0,0.9917489006090097,1.0,1.0,0.008251099390990283,0.01636715178584811,16
0.3474705417354305,5630,0,2070,656100,0.008508001752980823,0.0,0.9914919982470192,1.0,1.0,0.008508001752980823,0.016872452649244786,16
0.34900802200859615,5765,0,2070,655965,0.008712012452208606,0.0,0.9912879875477913,1.0,1.0,0.008712012452208606,0.017273537629495354,16
0.3505455022817618,5934,0,2070,655796,0.008967403623834495,0.0,0.9910325963761655,1.0,1.0,0.008967403623834495,0.01777540798964749,16
0.35208298255492737,6128,0,2070,655602,0.00926057455457664,0.0,0.9907394254454234,1.0,1.0,0.00926057455457664,0.018351206394173612,16
0.353620462828093,6318,0,2070,655412,0.009547700723860185,0.0,0.9904522992761399,1.0,1.0,0.009547700723860185,0.018914808516753284,16
0.35515794310125864,6517,0,2070,655213,0.009848427606425582,0.0,0.9901515723935744,1.0,1.0,0.009848427606425582,0.019504763957039834,16
0.3566954233744242,6699,0,2070,655031,0.010123464252791925,0.0,0.9898765357472081,1.0,1.0,0.010123464252791925,0.02004401364991645,16
0.35823290364758986,6890,0,2070,654840,0.01041210161244012,0.0,0.9895878983875599,1.0,1.0,0.01041210161244012,0.020609613831473785,16
0.3597703839207555,7077,0,2070,654653,0.010694694210629713,0.0,0.9893053057893703,1.0,1.0,0.010694694210629713,0.021163056008684122,16
0.36130786419392114,7281,0,2070,654449,0.011002977045018361,0.0,0.9889970229549816,1.0,1.0,0.011002977045018361,0.021766458249565402,16
0.3628453444670867,7488,0,2070,654242,0.011315793450500959,0.0,0.9886842065494991,1.0,1.0,0.011315793450500959,0.02237835802384275,16
0.36438282474025235,7723,0,2070,654007,0.011670923186193765,0.0,0.9883290768138062,1.0,1.0,0.011670923186193765,0.023072568201203073,16
0.365920305013418,7940,0,2070,653790,0.011998851495322866,0.0,0.9880011485046771,1.0,1.0,0.011998851495322866,0.023713172159421803,16
0.3674577852865836,8159,0,2070,653571,0.012329802185181267,0.0,0.9876701978148187,1.0,1.0,0.012329802185181267,0.02435925951911436,16
0.3689952655597492,8372,0,2070,653358,0.012651685732851768,0.0,0.9873483142671482,1.0,1.0,0.012651685732851768,0.024987240748423376,16
0.37053274583291484,8629,0,2070,653101,0.013040061656566878,0.0,0.9869599383434331,1.0,1.0,0.013040061656566878,0.025744414559959662,16
0.3720702261060805,8871,0,2070,652859,0.013405769724812234,0.0,0.9865942302751878,1.0,1.0,0.013405769724812234,0.02645686481231015,16
0.3736077063792461,9111,0,2070,652619,0.01376845541232829,0.0,0.9862315445876717,1.0,1.0,0.01376845541232829,0.027162919380300247,16
0.3751451866524117,9346,0,2070,652384,0.014123585148021096,0.0,0.9858764148519789,1.0,1.0,0.014123585148021096,0.027853775131281705,16
0.37668266692557734,9613,0,2070,652117,0.014527072975382709,0.0,0.9854729270246173,1.0,1.0,0.014527072975382709,0.02863811792183727,16
0.378220147198743,9877,0,2070,651853,0.01492602723165037,0.0,0.9850739727683496,1.0,1.0,0.01492602723165037,0.0294130347063089,16
0.37975762747190855,10127,0,2070,651603,0.01530382482281293,0.0,0.9846961751771871,1.0,1.0,0.01530382482281293,0.03014629601239549,16
0.3812951077450742,10400,0,2070,651330,0.015716379792362446,0.0,0.9842836202076376,1.0,1.0,0.015716379792362446,0.030946394298721976,16
0.3828325880182398,10659,0,2070,651071,0.016107778096806854,0.0,0.9838922219031931,1.0,1.0,0.016107778096806854,0.03170486132283544,16
0.38437006829140546,10958,0,2070,650772,0.016559624015837274,0.0,0.9834403759841627,1.0,1.0,0.016559624015837274,0.03257973979021478,16
0.38590754856457105,11252,0,2070,650478,0.017003913983044443,0.0,0.9829960860169555,1.0,1.0,0.017003913983044443,0.03343923017257519,16
0.3874450288377367,11548,0,2070,650182,0.017451226330980913,0.0,0.982548773669019,1.0,1.0,0.017451226330980913,0.03430380912490828,16
0.3889825091109023,11834,0,2070,649896,0.01788342677527088,0.0,0.9821165732247291,1.0,1.0,0.01788342677527088,0.03513845751851346,16
0.39051998938406796,12130,0,2070,649600,0.01833073912320735,0.0,0.9816692608767926,1.0,1.0,0.01833073912320735,0.03600154334728282,16
0.39205746965723354,12433,0,2070,649297,0.01878862980369637,0.0,0.9812113701963037,1.0,1.0,0.01878862980369637,0.036884254994711964,16
0.3935949499303992,12768,0,2070,648962,0.0192948785758542,0.0,0.9807051214241458,1.0,1.0,0.0192948785758542,0.03785926718833858,16
0.3951324302035648,13100,0,2070,648630,0.01979659377691808,0.0,0.9802034062230819,1.0,1.0,0.01979659377691808,0.03882459286042411,16
0.3966699104767304,13459,0,2070,648271,0.02033911111782751,0.0,0.9796608888821725,1.0,1.0,0.02033911111782751,0.03986735565893402,16
0.39820739074989603,13801,0,2070,647929,0.020855938222537892,0.0,0.9791440617774622,1.0,1.0,0.020855938222537892,0.04085970888086557,16
0.39974487102306167,14123,0,2070,647607,0.02134254151995527,0.0,0.9786574584800447,1.0,1.0,0.02134254151995527,0.04179311181573508,16
0.4012823512962273,14498,0,2070,647232,0.021909237906699106,0.0,0.9780907620933009,1.0,1.0,0.021909237906699106,0.042879028966561566,16
0.4028198315693929,14866,0,2070,646864,0.022465355960890394,0.0,0.9775346440391096,1.0,1.0,0.022465355960890394,0.043943505430123736,16
0.4043573118425585,15255,0,2070,646475,0.023053209012739335,0.0,0.9769467909872607,1.0,1.0,0.023053209012739335,0.04506746826000576,16
0.40589479211572416,15650,0,2070,646080,0.02365012920677618,0.0,0.9763498707932238,1.0,1.0,0.02365012920677618,0.046207446337358654,16
0.4074322723888898,16059,0,2070,645671,0.024268206065918122,0.0,0.9757317939340818,1.0,1.0,0.024268206065918122,0.04738642851979008,16
0.4089697526620554,16440,0,2070,645290,0.024843969594849864,0.0,0.9751560304051501,1.0,1.0,0.024843969594849864,0.048483418611852486,16
0.410507232935221,16816,0,2070,644914,0.02541217717195835,0.0,0.9745878228280417,1.0,1.0,0.02541217717195835,0.04956480474426199,16
0.41204471320838665,17225,0,2070,644505,0.0260302540311003,0.0,0.9739697459688997,1.0,1.0,0.0260302540311003,0.050739739747111365,16
0.41358219348155223,17669,0,2070,644061,0.026701222553005003,0.0,0.973298777446995,1.0,1.0,0.026701222553005003,0.05201361791818946,16
0.41511967375471787,18106,0,2070,643624,0.027361612742357155,0.0,0.9726383872576428,1.0,1.0,0.027361612742357155,0.05326578763113456,16
0.4166571540278835,18550,0,2070,643180,0.02803258126426186,0.0,0.9719674187357381,1.0,1.0,0.02803258126426186,0.05453636737813841,16
0.41819463430104914,18992,0,2070,642738,0.028700527405437264,0.0,0.9712994725945627,1.0,1.0,0.028700527405437264,0.05579957750741125,16
0.4197321145742147,19496,0,2070,642234,0.029462167349220983,0.0,0.970537832650779,1.0,1.0,0.029462167349220983,0.0572379797600209,16
0.42126959484738036,19965,0,2070,641765,0.03017091563024194,0.0,0.969829084369758,1.0,1.0,0.03017091563024194,0.05857458247456707,16
0.422807075120546,20469,0,2070,641261,0.03093255557402566,0.0,0.9690674444259744,1.0,1.0,0.03093255557402566,0.06000888303852688,16
0.42434455539371163,20953,0,2070,640777,0.031663971710516374,0.0,0.9683360282894836,1.0,1.0,0.031663971710516374,0.06138427352079956,16
0.4258820356668772,21460,0,2070,640270,0.032430145225394044,0.0,0.967569854774606,1.0,1.0,0.032430145225394044,0.06282293359094834,16
0.42741951594004285,21979,0,2070,639751,0.03321445302464752,0.0,0.9667855469753525,1.0,1.0,0.03321445302464752,0.06429343478000145,16
0.4289569962132085,22508,0,2070,639222,0.03401387272754749,0.0,0.9659861272724525,1.0,1.0,0.03401387272754749,0.06578997366413442,16
0.4304944764863741,22999,0,2070,638731,0.03475586719659075,0.0,0.9652441328034093,1.0,1.0,0.03475586719659075,0.06717694153453409,16
0.4320319567595397,23594,0,2070,638136,0.035655025463557644,0.0,0.9643449745364423,1.0,1.0,0.035655025463557644,0.06885502331743817,16
0.43356943703270534,24152,0,2070,637578,0.03649826968703247,0.0,0.9635017303129675,1.0,1.0,0.03649826968703247,0.07042610828101627,16
0.435106917305871,24703,0,2070,637027,0.037330935577954756,0.0,0.9626690644220453,1.0,1.0,0.037330935577954756,0.0719749778929626,16
0.43664439757903656,25277,0,2070,636453,0.03819835884726399,0.0,0.961801641152736,1.0,1.0,0.03819835884726399,0.07358585865937319,16
0.4381818778522022,25879,0,2070,635851,0.03910809544678343,0.0,0.9608919045532166,1.0,1.0,0.03910809544678343,0.0752724295348083,16
0.43971935812536783,26491,0,2070,635239,0.04003294394994938,0.0,0.9599670560500506,1.0,1.0,0.04003294394994938,0.07698399206068982,16
0.44125683839853347,27127,0,2070,634603,0.04099406102186692,0.0,0.959005938978133,1.0,1.0,0.04099406102186692,0.07875945225206393,16
0.44279431867169905,27767,0,2070,633963,0.04196122285524308,0.0,0.9580387771447569,1.0,1.0,0.04196122285524308,0.08054277248486941,16
0.4443317989448647,28414,0,2070,633316,0.042938963021171776,0.0,0.9570610369788283,1.0,1.0,0.042938963021171776,0.08234223582324847,16
0.4458692792180303,29068,0,2070,632662,0.04392728151965303,0.0,0.9560727184803469,1.0,1.0,0.04392728151965303,0.08415774220539145,16
0.44740675949119596,29736,0,2070,631994,0.04493675668323939,0.0,0.9550632433167606,1.0,1.0,0.04493675668323939,0.08600856730482771,16
0.44894423976436154,30454,0,2070,631276,0.046021791365058254,0.0,0.9539782086349418,1.0,1.0,0.046021791365058254,0.08799394380684904,16
0.4504817200375272,31143,0,2070,630587,0.047063001526302266,0.0,0.9529369984736977,1.0,1.0,0.047063001526302266,0.08989526219090656,16
0.4520192003106928,31892,0,2070,629838,0.048194883109425296,0.0,0.9518051168905747,1.0,1.0,0.048194883109425296,0.09195786754168699,16
0.4535566805838584,32636,0,2070,629094,0.04931920874072507,0.0,0.950680791259275,1.0,1.0,0.04931920874072507,0.09400229849963852,16
0.45509416085702403,33402,0,2070,628328,0.050476780560047146,0.0,0.9495232194399529,1.0,1.0,0.050476780560047146,0.09610261072717123,16
0.45663164113018967,34111,0,2070,627619,0.051548214528584164,0.0,0.9484517854714158,1.0,1.0,0.051548214528584164,0.09804251258549007,16
0.4581691214033553,34876,0,2070,626854,0.05270427515754159,0.0,0.9472957248424584,1.0,1.0,0.05270427515754159,0.10013120759798222,16
0.4597066016765209,35654,0,2070,626076,0.053879981261239475,0.0,0.9461200187387605,1.0,1.0,0.053879981261239475,0.10225069689009211,16
0.4612440819496865,36492,0,2070,625238,0.055146358786816375,0.0,0.9448536412131836,1.0,1.0,0.055146358786816375,0.10452835917516205,16
0.46278156222285216,37309,0,2070,624421,0.05638100131473562,0.0,0.9436189986852643,1.0,1.0,0.05638100131473562,0.10674368668986994,16
0.4643190424960178,38200,0,2070,623530,0.05772747192963898,0.0,0.942272528070361,1.0,1.0,0.05772747192963898,0.10915377252010916,16
0.4658565227691834,39055,0,2070,622675,0.05901953969141493,0.0,0.9409804603085851,1.0,1.0,0.05901953969141493,0.11146071905077878,16
0.467394003042349,39917,0,2070,621813,0.06032218578574343,0.0,0.9396778142142566,1.0,1.0,0.06032218578574343,0.11378086131630293,16
0.46893148331551465,40752,0,2070,620978,0.06158402974022638,0.0,0.9384159702597736,1.0,1.0,0.06158402974022638,0.11602290165441963,16
0.4704689635886803,41676,0,2070,620054,0.06298036963716319,0.0,0.9370196303628368,1.0,1.0,0.06298036963716319,0.11849770971529956,16
0.47200644386184587,42546,0,2070,619184,0.0642951052544089,0.0,0.9357048947455912,1.0,1.0,0.0642951052544089,0.1208219504853211,16
0.4735439241350115,43428,0,2070,618302,0.0656279751560304,0.0,0.9343720248439696,1.0,1.0,0.0656279751560304,0.12317239540641954,16
0.47508140440817714,44396,0,2070,617334,0.06709080742901183,0.0,0.9329091925709881,1.0,1.0,0.06709080742901183,0.12574526359318308,16
0.4766188846813427,45357,0,2070,616373,0.0685430613694407,0.0,0.9314569386305593,1.0,1.0,0.0685430613694407,0.12829255805862644,16
0.47815636495450836,46331,0,2070,615399,0.07001496078461003,0.0,0.92998503921539,1.0,1.0,0.07001496078461003,0.13086725578728384,16
0.479693845227674,47339,0,2070,614391,0.07153824067217747,0.0,0.9284617593278225,1.0,1.0,0.07153824067217747,0.1335243819712891,16
0.48123132550083964,48373,0,2070,613357,0.07310081150922582,0.0,0.9268991884907741,1.0,1.0,0.07310081150922582,0.13624220711643242,16
0.4827688057740052,49356,0,2070,612374,0.074586311637677,0.0,0.925413688362323,1.0,1.0,0.074586311637677,0.13881865203364993,16
0.48430628604717085,50399,0,2070,611331,0.0761624831880072,0.0,0.9238375168119928,1.0,1.0,0.0761624831880072,0.14154457970395815,16
0.4858437663203365,51380,0,2070,610350,0.07764496093572908,0.0,0.922355039064271,1.0,1.0,0.07764496093572908,0.14410119055966122,16
0.4873812465935021,52410,0,2070,609320,0.07920148701131882,0.0,0.9207985129886812,1.0,1.0,0.07920148701131882,0.14677794270031086,16
0.4889187268666677,53525,0,2070,608205,0.08088646426790383,0.0,0.9191135357320962,1.0,1.0,0.08088646426790383,0.14966690201396704,16
0.49045620713983334,54597,0,2070,607133,0.08250646033880887,0.0,0.9174935396611911,1.0,1.0,0.08250646033880887,0.15243596848925142,16
0.491993687412999,55689,0,2070,606041,0.08415668021700694,0.0,0.915843319782993,1.0,1.0,0.08415668021700694,0.15524818829721546,16
0.49353116768616456,56789,0,2070,604941,0.08581898961812219,0.0,0.9141810103818778,1.0,1.0,0.08581898961812219,0.15807236830202123,16
0.4950686479593302,57971,0,2070,603759,0.08760521662913877,0.0,0.9123947833708612,1.0,1.0,0.08760521662913877,0.16109745574898465,16
0.49660612823249584,59129,0,2070,602601,0.08935517507140374,0.0,0.9106448249285962,1.0,1.0,0.08935517507140374,0.16405149966914473,16
0.4981436085056615,60364,0,2070,601366,0.09122149517174678,0.0,0.9087785048282532,1.0,1.0,0.09122149517174678,0.16719152908070142,16
0.49968108877882705,61553,0,2070,600177,0.09301830051531591,0.0,0.9069816994846841,1.0,1.0,0.09301830051531591,0.17020447044932618,16
0.5012185690519927,62794,0,2070,598936,0.09489368775784686,0.0,0.9051063122421531,1.0,1.0,0.09489368775784686,0.1733386333648023,16
0.5027560493251583,64046,0,2070,597684,0.09678569809438894,0.0,0.903214301905611,1.0,1.0,0.09678569809438894,0.17648971583518883,16
0.504293529598324,65311,0,2070,596419,0.0986973539056715,0.0,0.9013026460943285,1.0,1.0,0.0986973539056715,0.17966249496245743,16
0.5058310098714895,66601,0,2070,595129,0.1006467894760703,0.0,0.8993532105239297,1.0,1.0,0.1006467894760703,0.18288662709674583,16
0.5073684901446552,67847,0,2070,593883,0.10252973267042449,0.0,0.8974702673295755,1.0,1.0,0.10252973267042449,0.1859899640476605,16
0.5089059704178208,69237,0,2070,592493,0.10463028727728832,0.0,0.8953697127227117,1.0,1.0,0.10463028727728832,0.18943946853961943,16
0.5104434506909864,70659,0,2070,591071,0.10677919997582096,0.0,0.893220800024179,1.0,1.0,0.10677919997582096,0.19295483684216994,16
0.5119809309641521,72057,0,2070,589673,0.10889184410560199,0.0,0.8911081558943981,1.0,1.0,0.10889184410560199,0.19639759221681496,16
0.5135184112373177,73408,0,2070,588322,0.11093346228824445,0.0,0.8890665377117556,1.0,1.0,0.11093346228824445,0.19971216288642404,16
0.5150558915104833,74784,0,2070,586946,0.11301286023000318,0.0,0.8869871397699969,1.0,1.0,0.11301286023000318,0.20307556950716485,16
0.516593371783649,76207,0,2070,585523,0.11516328411890046,0.0,0.8848367158810996,1.0,1.0,0.11516328411890046,0.20654066675068466,16
0.5181308520568145,77561,0,2070,584169,0.11720943587263688,0.0,0.8827905641273631,1.0,1.0,0.11720943587263688,0.20982535970274221,16
0.5196683323299801,79041,0,2070,582689,0.11944599761231922,0.0,0.8805540023876808,1.0,1.0,0.11944599761231922,0.21340198252901368,16
0.5212058126031458,80501,0,2070,581229,0.12165233554470857,0.0,0.8783476644552914,1.0,1.0,0.12165233554470857,0.2169162969479852,16
0.5227432928763114,81993,0,2070,579737,0.12390703156876672,0.0,0.8760929684312333,1.0,1.0,0.12390703156876672,0.22049338261691517,16
0.5242807731494771,83447,0,2070,578283,0.12610430235896816,0.0,0.8738956976410318,1.0,1.0,0.12610430235896816,0.22396558133168362,16
0.5258182534226427,84990,1,2069,576740,0.12843606909162347,0.0004830917874396135,0.8715639309083766,0.9995169082125603,0.9999882340483109,0.12843606909162347,0.2276352211870297,16
0.5273557336958082,86628,1,2069,575102,0.13091139890892056,0.0004830917874396135,0.8690886010910794,0.9995169082125603,0.9999884565214882,0.13091139890892056,0.23151455384381026,16
0.5288932139689739,88204,1,2069,573526,0.13329303492360933,0.0004830917874396135,0.8667069650763907,0.9995169082125603,0.9999886627742192,0.13329303492360933,0.2352310533579577,16
0.5304306942421395,89833,1,2069,571897,0.13575476402762457,0.0004830917874396135,0.8642452359723755,0.9995169082125603,0.9999888683571921,0.13575476402762457,0.2390561548983187,16
0.5319681745153051,91467,1,2069,570263,0.13822404908346306,0.0004830917874396135,0.8617759509165369,0.9995169082125603,0.9999890672147637,0.13822404908346306,0.24287637513641835,16
0.5335056547884708,93146,1,2069,568584,0.14076133770571078,0.0004830917874396135,0.8592386622942892,0.9995169082125603,0.99998926428119,0.14076133770571078,0.24678457550037952,16
0.5350431350616364,94787,1,2069,566943,0.14324120109410182,0.0004830917874396135,0.8567587989058981,0.9995169082125603,0.9999894501413681,0.14324120109410182,0.2505875603752984,16
0.536580615334802,96565,1,2069,565165,0.14592809756244995,0.0004830917874396135,0.85407190243755,0.9995169082125603,0.999989644388294,0.14592809756244995,0.25468946163503436,16
0.5381180956079676,98190,1,2069,563540,0.14838378190500656,0.0004830917874396135,0.8516162180949934,0.9995169082125603,0.9999898157672292,0.14838378190500656,0.2584215990872735,16
0.5396555758811332,99900,3,2067,561830,0.15096791742855847,0.0014492753623188406,0.8490320825714415,0.9985507246376811,0.9999699708717456,0.15096791742855847,0.2623310702136068,16
0.5411930561542989,101578,3,2067,560152,0.15350369486044158,0.0014492753623188406,0.8464963051395584,0.9985507246376811,0.999970466918026,0.15350369486044158,0.2661510183922412,16
0.5427305364274645,103359,4,2066,558371,0.15619512489988363,0.001932367149758454,0.8438048751001164,0.9980676328502416,0.9999613014328145,0.15619512489988363,0.27018676160937294,16
0.5442680167006301,105107,4,2066,556623,0.15883668565729225,0.001932367149758454,0.8411633143427077,0.9980676328502416,0.9999619449914852,0.15883668565729225,0.27412983917135364,16
0.5458054969737958,106861,4,2066,554869,0.16148731355688875,0.001932367149758454,0.8385126864431113,0.9980676328502416,0.9999625695971552,0.16148731355688875,0.27806842355206574,16
0.5473429772469613,108672,4,2066,553058,0.16422407930727034,0.001932367149758454,0.8357759206927297,0.9980676328502416,0.9999631933453569,0.16422407930727034,0.28211618289577184,16
0.5488804575201269,110485,4,2066,551245,0.1669638674383812,0.001932367149758454,0.8330361325616188,0.9980676328502416,0.9999637973010888,0.1669638674383812,0.2861493954435205,16
0.5504179377932926,112276,4,2066,549454,0.1696704093814698,0.001932367149758454,0.8303295906185302,0.9980676328502416,0.9999643747773423,0.1696704093814698,0.2901151147917985,16
0.5519554180664582,114071,4,2066,547659,0.17238299608601695,0.001932367149758454,0.8276170039139831,0.9980676328502416,0.9999649353495508,0.17238299608601695,0.2940713194681653,16
0.5534928983396238,115842,4,2066,545888,0.17505931422181253,0.001932367149758454,0.8249406857781875,0.9980676328502416,0.9999654714016885,0.17505931422181253,0.2979567270594772,16
0.5550303786127895,117755,4,2066,543975,0.17795022138938843,0.001932367149758454,0.8220497786106116,0.9980676328502416,0.9999660323202473,0.17795022138938843,0.30213383383216447,16
0.5565678588859551,119578,5,2065,542152,0.1807051214241458,0.0024154589371980675,0.8192948785758541,0.9975845410628019,0.9999581880367611,0.1807051214241458,0.30609499649948224,16
0.5581053391591208,121489,5,2065,540241,0.1835930062109924,0.0024154589371980675,0.8164069937890076,0.9975845410628019,0.9999588457043146,0.1835930062109924,0.310227980756463,16
0.5596428194322863,123354,5,2065,538376,0.18641137624106507,0.0024154589371980675,0.8135886237589349,0.9975845410628019,0.9999594678945193,0.18641137624106507,0.3142420795604065,16
0.5611802997054519,125325,5,2065,536405,0.1893899324497907,0.0024154589371980675,0.8106100675502093,0.9975845410628019,0.99996010532195,0.1893899324497907,0.31846364953116657,16
0.5627177799786176,127240,5,2065,534490,0.1922838619980959,0.0024154589371980675,0.8077161380019041,0.9975845410628019,0.9999607057251758,0.1922838619980959,0.32254507430526946,16
0.5642552602517832,129147,5,2065,532583,0.1951657020234839,0.0024154589371980675,0.8048342979765161,0.9975845410628019,0.99996128592666,0.1951657020234839,0.3265898073290327,16
0.5657927405249488,131153,5,2065,530577,0.19819714989497228,0.0024154589371980675,0.8018028501050277,0.9975845410628019,0.9999618780402263,0.19819714989497228,0.33082352110260216,16
0.5673302207981145,133118,5,2065,528612,0.20116663896151,0.0024154589371980675,0.79883336103849,0.9975845410628019,0.9999624407502836,0.20116663896151,0.33494998446253593,16
0.56886770107128,135143,6,2064,526587,0.2042267994499267,0.002898550724637681,0.7957732005500733,0.9971014492753624,0.9999556045549727,0.2042267994499267,0.33918072881830236,16
0.5704051813444457,137207,7,2063,524523,0.20734589636256479,0.003381642512077295,0.7926541036374352,0.9966183574879227,0.9999489847974696,0.20734589636256479,0.343470881563664,16
0.5719426616176113,139304,7,2063,522426,0.21051486255723634,0.003381642512077295,0.7894851374427637,0.9966183574879227,0.9999497527115591,0.21051486255723634,0.3478074156004499,16
0.5734801418907769,141290,8,2062,520440,0.2135160866214317,0.003864734299516908,0.7864839133785683,0.996135265700483,0.9999433820719331,0.2135160866214317,0.351893084674507,16
0.5750176221639426,143356,9,2061,518374,0.2166382059147991,0.004347826086956522,0.7833617940852009,0.9956521739130435,0.9999372231716249,0.2166382059147991,0.3561219483415001,16
0.5765551024371082,145415,9,2061,516315,0.2197497468756139,0.004347826086956522,0.7802502531243861,0.9956521739130435,0.9999381120035208,0.2197497468756139,0.3603153797168818,16
0.5780925827102738,147511,9,2061,514219,0.2229172018799208,0.004347826086956522,0.7770827981200792,0.9956521739130435,0.9999389913232104,0.2229172018799208,0.36456224899598394,16
0.5796300629834394,149740,9,2061,511990,0.22628564520272618,0.004347826086956522,0.7737143547972738,0.9956521739130435,0.9999398994317157,0.22628564520272618,0.3690545288294583,16
0.581167543256605,151877,9,2061,509853,0.22951505901198374,0.004347826086956522,0.7704849409880162,0.9956521739130435,0.9999407450324586,0.22951505901198374,0.3733382824329905,16
0.5827050235297706,154011,10,2060,507719,0.23273993925014735,0.004830917874396135,0.7672600607498526,0.9951690821256038,0.9999350737886392,0.23273993925014735,0.37759316261947584,16
0.5842425038029363,156187,11,2059,505543,0.23602828948362625,0.005314009661835749,0.7639717105163737,0.9946859903381643,0.9999295765630802,0.23602828948362625,0.38190892107862795,16
0.5857799840761019,158315,11,2059,503415,0.23924410257960196,0.005314009661835749,0.7607558974203981,0.9946859903381643,0.9999305230979119,0.23924410257960196,0.3861077780054045,16
0.5873174643492676,160523,11,2059,501207,0.24258081090474967,0.005314009661835749,0.7574191890952503,0.9946859903381643,0.9999314786898725,0.24258081090474967,0.3904415127015168,16
0.5888549446224332,162729,11,2059,499001,0.24591449684916808,0.005314009661835749,0.7540855031508319,0.9946859903381643,0.9999324075211995,0.24591449684916808,0.3947481412301236,16
0.5903924248955987,164925,11,2059,496805,0.24923307088994,0.005314009661835749,0.75076692911006,0.9946859903381643,0.9999333074647135,0.24923307088994,0.399012418558402,16
0.5919299051687644,167215,11,2059,494515,0.25269369682498904,0.005314009661835749,0.747306303175011,0.9946859903381643,0.9999342207551457,0.25269369682498904,0.4034351642306709,16
0.59346738544193,169440,11,2059,492290,0.25605609538633584,0.005314009661835749,0.7439439046136642,0.9946859903381643,0.9999350844786988,0.25605609538633584,0.4077090308849697,16
0.5950048657150956,171716,12,2058,490014,0.25949556465627976,0.005797101449275362,0.7405044353437202,0.9942028985507246,0.99993012205348,0.25949556465627976,0.41205675630925614,16
0.5965423459882613,174026,12,2058,487704,0.2629864143986218,0.005797101449275362,0.7370135856013782,0.9942028985507246,0.9999310495409048,0.2629864143986218,0.41644571220721543,16
0.5980798262614269,176283,12,2058,485447,0.26639717105163735,0.005797101449275362,0.7336028289483626,0.9942028985507246,0.9999319322726112,0.26639717105163735,0.42071059932579574,16
0.5996173065345924,178596,13,2057,483134,0.26989255436507337,0.006280193236714976,0.7301074456349266,0.993719806763285,0.9999272153138979,0.26989255436507337,0.42505703055552585,16
0.6011547868077581,180816,13,2057,480914,0.2732473969745969,0.006280193236714976,0.7267526030254031,0.993719806763285,0.9999281088763418,0.2732473969745969,0.4292067380444574,16
0.6026922670809237,183231,14,2056,478499,0.27689692170522723,0.00676328502415459,0.7231030782947728,0.9932367149758454,0.9999235995525116,0.27689692170522723,0.43369567146957017,16
0.6042297473540894,185564,14,2056,476166,0.2804225288259562,0.00676328502415459,0.7195774711740438,0.9932367149758454,0.9999245600232787,0.2804225288259562,0.43800837475864735,16
0.605767227627255,187898,15,2055,473832,0.28394964713704984,0.007246376811594203,0.7160503528629502,0.9927536231884058,0.9999201758260472,0.28394964713704984,0.4422987066332566,16
0.6073047079004206,190258,15,2055,471472,0.2875160563976244,0.007246376811594203,0.7124839436023755,0.9927536231884058,0.9999211659037278,0.2875160563976244,0.44661345089160487,16
0.6088421881735863,192643,15,2055,469087,0.29112024541731524,0.007246376811594203,0.7088797545826848,0.9927536231884058,0.9999221418264489,0.29112024541731524,0.4509496856229254,16
0.6103796684467518,194997,15,2055,466733,0.2946775875357019,0.007246376811594203,0.7053224124642982,0.9927536231884058,0.9999230816565134,0.2946775875357019,0.45520588461870665,16
0.6119171487199174,197388,15,2055,464342,0.2982908436975806,0.007246376811594203,0.7017091563024194,0.9927536231884058,0.9999240133128676,0.2982908436975806,0.4595051057286823,16
0.6134546289930831,199783,16,2054,461947,0.3019101446209179,0.007729468599033816,0.6980898553790821,0.9922705314009662,0.9999199195191167,0.3019101446209179,0.46378705766143685,16
0.6149921092662487,202131,17,2053,459599,0.30545841959711667,0.00821256038647343,0.6945415804028834,0.9917874396135266,0.9999159031996359,0.30545841959711667,0.4679619112883996,16
0.6165295895394143,204549,19,2051,457181,0.30911247789884094,0.009178743961352657,0.6908875221011591,0.9908212560386473,0.9999071213484025,0.30911247789884094,0.472237036216175,16
0.61806706981258,206980,19,2051,454750,0.31278618167530564,0.009178743961352657,0.6872138183246944,0.9908212560386473,0.9999082121169668,0.31278618167530564,0.4765122379936666,16
0.6196045500857456,209292,19,2051,452438,0.316280053798377,0.009178743961352657,0.683719946201623,0.9908212560386473,0.9999092259843009,0.316280053798377,0.48055602434328576,16
0.6211420303589112,211696,19,2051,450034,0.31991295543499615,0.009178743961352657,0.6800870445650039,0.9908212560386473,0.999910256713034,0.31991295543499615,0.48473802013864636,16
0.6226795106320768,214084,19,2051,447646,0.3235216780257809,0.009178743961352657,0.6764783219742191,0.9908212560386473,0.999911257665703,0.3235216780257809,0.4888694534231983,16
0.6242169909052424,216523,21,2049,445207,0.3272074713251628,0.010144927536231883,0.6727925286748372,0.9898550724637681,0.9999030220186198,0.3272074713251628,0.49306480665487085,16
0.6257544711784081,218972,23,2047,442758,0.3309083765281913,0.011111111111111112,0.6690916234718087,0.9888888888888889,0.9998949747711134,0.3309083765281913,0.49725396690226803,16
0.6272919514515737,221383,25,2045,440347,0.33455185649736296,0.012077294685990338,0.665448143502637,0.9879227053140096,0.9998870862841451,0.33455185649736296,0.5013553940607244,16
0.6288294317247393,223868,25,2045,437862,0.3383071645535188,0.012077294685990338,0.6616928354464812,0.9879227053140096,0.999888339519324,0.3383071645535188,0.5055604924443019,16
0.630366911997905,226278,25,2045,435452,0.34194913333232585,0.012077294685990338,0.6580508666676741,0.9879227053140096,0.9998895286408046,0.34194913333232585,0.509616196695393,16
0.6319043922710705,228683,28,2042,433047,0.3455835461593097,0.01352657004830918,0.6544164538406904,0.9864734299516909,0.9998775747559147,0.3455835461593097,0.5136398705809818,16
0.6334418725442361,231143,29,2041,430587,0.3493010744563493,0.014009661835748793,0.6506989255436507,0.9859903381642512,0.9998745522814182,0.3493010744563493,0.5177343090283144,16
0.6349793528174018,233674,31,2039,428056,0.353125897269279,0.01497584541062802,0.646874102730721,0.985024154589372,0.9998673541430436,0.353125897269279,0.5219228643061752,16
0.6365168330905674,236226,33,2037,425504,0.3569824550798664,0.015942028985507246,0.6430175449201336,0.9840579710144928,0.9998603227813544,0.3569824550798664,0.5261222576223094,16
0.6380543133637331,238750,34,2036,422980,0.36079669956024363,0.01642512077294686,0.6392033004397564,0.9835748792270531,0.9998576119002949,0.36079669956024363,0.5302527223341337,16
0.6395917936368987,241283,38,2032,420447,0.36462454475390266,0.018357487922705314,0.6353754552460974,0.9816425120772947,0.9998425333891373,0.36462454475390266,0.5343729202448145,16
0.6411292739100642,243857,38,2032,417873,0.3685143487525124,0.018357487922705314,0.6314856512474877,0.9816425120772947,0.9998441952479551,0.3685143487525124,0.5385385783298826,16
0.6426667541832299,246344,45,2025,415386,0.3722726791893975,0.021739130434782608,0.6277273208106026,0.9782608695652174,0.9998173619763869,0.3722726791893975,0.5425368261208058,16
0.6442042344563955,248857,47,2023,412873,0.3760703005757635,0.022705314009661835,0.6239296994242365,0.9772946859903382,0.999811172178832,0.3760703005757635,0.5465576730058398,16
0.6457417147295611,251414,49,2021,410316,0.37993441433817415,0.023671497584541065,0.6200655856618258,0.976328502415459,0.999805140318854,0.37993441433817415,0.5506262093555251,16
0.6472791950027268,253983,50,2020,407747,0.38381666238496065,0.024154589371980676,0.6161833376150394,0.9758454106280193,0.9998031751780281,0.38381666238496065,0.554691552290276,16
0.6488166752758924,256531,51,2019,405199,0.3876671754340894,0.02463768115942029,0.6123328245659105,0.9753623188405797,0.9998012331340468,0.3876671754340894,0.5587011821690231,16
0.650354155549058,259061,55,2015,402669,0.3914904870566545,0.026570048309178744,0.6085095129433454,0.9734299516908212,0.9997877398539651,0.3914904870566545,0.5626586855999809,16
0.6518916358222236,261597,56,2014,400133,0.3953228658214075,0.02705314009661836,0.6046771341785925,0.9729468599033816,0.9997859760828273,0.3953228658214075,0.566605623018834,16
0.6534291160953892,264093,59,2011,397637,0.3990947969715745,0.028502415458937197,0.6009052030284255,0.9714975845410628,0.9997766437505679,0.3990947969715745,0.5704679429992159,16
0.6549665963685549,266640,62,2008,395090,0.40294379883033865,0.02995169082125604,0.5970562011696613,0.970048309178744,0.9997675308021687,0.40294379883033865,0.5743877849966394,16
0.6565040766417205,269125,63,2007,392605,0.40669910688649447,0.030434782608695653,0.5933008931135055,0.9695652173913043,0.9997659628215225,0.40669910688649447,0.5781927087025924,16
0.6580415569148861,271700,65,2005,390030,0.41059042207546886,0.03140096618357488,0.5894095779245312,0.9685990338164251,0.9997608227696724,0.41059042207546886,0.582113455347913,16
0.6595790371880518,274299,66,2004,387431,0.4145180058331948,0.03188405797101449,0.5854819941668052,0.9681159420289855,0.999759444535564,0.4145180058331948,0.5860494928399361,16
0.6611165174612174,276917,67,2003,384813,0.41847430220784915,0.0323671497584541,0.5815256977921509,0.9676328502415459,0.9997581087716259,0.41847430220784915,0.589992266014995,16
0.6626539977343829,279529,67,2003,382201,0.4224215314403155,0.0323671497584541,0.5775784685596844,0.9676328502415459,0.9997603685317387,0.4224215314403155,0.5939047683799237,16
0.6641914780075486,282021,68,2002,379709,0.4261874178290239,0.03285024154589372,0.5738125821709761,0.9671497584541063,0.999758941327028,0.4261874178290239,0.5976167040502469,16
0.6657289582807142,284650,70,2000,377080,0.4301603372976894,0.033816425120772944,0.5698396627023106,0.966183574879227,0.9997541444225906,0.4301603372976894,0.6015109091869617,16
0.6672664385538799,287201,70,2000,374529,0.4340153839179121,0.033816425120772944,0.5659846160820878,0.966183574879227,0.9997563276488055,0.4340153839179121,0.6052701735825358,16
0.6688039188270455,289750,70,2000,371980,0.4378674081574056,0.033816425120772944,0.5621325918425945,0.966183574879227,0.9997584707749638,0.4378674081574056,0.6090063580473963,16
0.6703413991002111,292325,71,1999,369405,0.44175872334637994,0.03429951690821256,0.5582412766536201,0.9657004830917875,0.9997571786207745,0.44175872334637994,0.6127597403277973,16
0.6718788793733768,294903,72,1998,366827,0.44565457210644827,0.034782608695652174,0.5543454278935518,0.9652173913043478,0.9997559115179252,0.44565457210644827,0.6164972483680967,16
0.6734163596465423,297425,74,1996,364305,0.4494657942060961,0.035748792270531404,0.5505342057939039,0.9642512077294686,0.9997512596680997,0.4494657942060961,0.6201334613528157,16
0.6749538399197079,299970,77,1993,361760,0.453311773684131,0.03719806763285024,0.546688226315869,0.9628019323671497,0.9997433735381457,0.453311773684131,0.6237828519500882,16
0.6764913201928736,302523,79,1991,359207,0.45716984268508304,0.03816425120772947,0.5428301573149169,0.9618357487922705,0.9997389310050826,0.45716984268508304,0.6274249947113649,16
0.6780288004660392,305136,80,1990,356594,0.4611185831079141,0.03864734299516908,0.5388814168920859,0.961352657004831,0.9997378905430908,0.4611185831079141,0.6311334862546617,16
0.6795662807392048,307770,82,1988,353960,0.46509905852840283,0.03961352657004831,0.5349009414715972,0.9603864734299516,0.9997336382417525,0.46509905852840283,0.6348508945091803,16
0.6811037610123705,310390,85,1985,351340,0.46905837728378647,0.04106280193236715,0.5309416227162136,0.9589371980676329,0.9997262259441179,0.46905837728378647,0.6385278824939185,16
0.682641241285536,312941,86,1984,348789,0.4729134239040092,0.04154589371980676,0.5270865760959909,0.9584541062801932,0.999725263315944,0.4729134239040092,0.642090285065919,16
0.6841787215587017,315513,88,1982,346217,0.4768002055218896,0.04251207729468599,0.5231997944781104,0.957487922705314,0.9997211669164546,0.4768002055218896,0.6456625237509094,16
0.6857162018318673,318138,88,1982,343592,0.4807670802290965,0.04251207729468599,0.5192329197709036,0.957487922705314,0.999723466970015,0.4807670802290965,0.6492903763026096,16
0.6872536821050329,320708,88,1982,341022,0.48465083946624754,0.04251207729468599,0.5153491605337525,0.957487922705314,0.9997256823651167,0.48465083946624754,0.6528234367334808,16
0.6887911623781986,323244,89,1981,338486,0.48848321823100055,0.042995169082125605,0.5115167817689994,0.9570048309178744,0.9997247419842701,0.48848321823100055,0.6562910189500569,16
0.6903286426513642,325814,90,1980,335916,0.49236697746815167,0.043478260869565216,0.5076330225318484,0.9565217391304348,0.9997238450586676,0.49236697746815167,0.6597869251159844,16
0.6918661229245298,328458,94,1976,333272,0.4963625647922869,0.04541062801932367,0.5036374352077131,0.9545893719806763,0.9997138961260318,0.4963625647922869,0.663362557332154,16
0.6934036031976955,331069,94,1976,330661,0.5003082828343887,0.04541062801932367,0.49969171716561134,0.9545893719806763,0.9997161518647917,0.5003082828343887,0.6668774983809937,16
0.694941083470861,333654,96,1974,328076,0.5042147099270095,0.0463768115942029,0.4957852900729905,0.9536231884057971,0.9997123595505618,0.5042147099270095,0.6703379274319925,16
0.6964785637440266,336273,98,1972,325457,0.5081725174920285,0.04734299516908213,0.49182748250797154,0.9526570048309179,0.9997086550267413,0.5081725174920285,0.6738255948045339,16
0.6980160440171923,338795,99,1971,322935,0.5119837395916763,0.04782608695652174,0.48801626040832363,0.9521739130434783,0.9997078732583049,0.5119837395916763,0.6771674475127519,16
0.6995535242903579,341366,101,1969,320364,0.5158690100191922,0.048792270531400964,0.4841309899808079,0.951207729468599,0.9997042173914317,0.5158690100191922,0.6805562616315639,16
0.7010910045635236,343969,101,1969,317761,0.5198026385383767,0.048792270531400964,0.48019736146162334,0.951207729468599,0.9997064550818148,0.5198026385383767,0.6839709683833765,16
0.7026284848366892,346558,103,1967,315172,0.5237151103924561,0.049758454106280194,0.47628488960754384,0.9502415458937198,0.9997028797586114,0.5237151103924561,0.6873484590798609,16
0.7041659651098547,349129,104,1966,312601,0.5276003808199718,0.050241545893719805,0.4723996191800281,0.9497584541062802,0.9997022045453895,0.5276003808199718,0.6906860092802605,16
0.7057034453830204,351738,106,1964,309992,0.5315430764813444,0.051207729468599035,0.46845692351865564,0.9487922705314009,0.99969873011903,0.5315430764813444,0.6940548988036394,16
0.707240925656186,354376,107,1963,307354,0.5355295966632917,0.051690821256038647,0.4644704033367083,0.9483091787439614,0.9996981519565113,0.5355295966632917,0.6974443349966986,16
0.7087784059293516,356926,107,1963,304804,0.5393831320931498,0.051690821256038647,0.46061686790685025,0.9483091787439614,0.9997003078146838,0.5393831320931498,0.7007046781243529,16
0.7103158862025173,359387,108,1962,302343,0.543102171580554,0.05217391304347826,0.456897828419446,0.9478260869565217,0.9996995785755017,0.543102171580554,0.7038351000024479,16
0.7118533664756829,361953,109,1961,299777,0.5469798860562465,0.052657004830917876,0.4530201139437535,0.9473429951690822,0.9996989465892582,0.5469798860562465,0.7070830793754982,16
0.7133908467488485,364532,109,1961,297198,0.5508772460066794,0.052657004830917876,0.4491227539933205,0.9473429951690822,0.999701075852688,0.5508772460066794,0.7103318390718365,16
0.7149283270220141,366995,109,1961,294735,0.554599307874813,0.052657004830917876,0.445400692125187,0.9473429951690822,0.9997030814156206,0.554599307874813,0.713419268803325,16
0.7164658072951797,369599,109,1961,292131,0.5585344475843622,0.052657004830917876,0.4414655524156378,0.9473429951690822,0.999705172730912,0.5585344475843622,0.7166674099655044,16
0.7180032875683454,372185,109,1961,289545,0.5624423858673477,0.052657004830917876,0.4375576141326523,0.9473429951690822,0.9997072206374532,0.5624423858673477,0.7198769080795031,16
0.719540767841511,374695,112,1958,287035,0.5662354736826198,0.05410628019323672,0.4337645263173802,0.9458937198067633,0.9997011795404035,0.5662354736826198,0.722974674324216,16
0.7210782481146766,377135,112,1958,284595,0.5699227781723664,0.05410628019323672,0.43007722182763364,0.9458937198067633,0.9997031122845245,0.5699227781723664,0.7259737222286923,16
0.7226157283878423,379619,115,1955,282111,0.5736765750381576,0.05555555555555555,0.42632342496184245,0.9444444444444444,0.999697156430554,0.5736765750381576,0.7290103162471292,16
0.7241532086610079,382167,115,1955,279563,0.5775270880872864,0.05555555555555555,0.42247291191271363,0.9444444444444444,0.9996991749546147,0.5775270880872864,0.7321122745715566,16
0.7256906889341734,384692,116,1954,277038,0.5813428437580282,0.05603864734299517,0.4186571562419718,0.9439613526570049,0.9996985509656764,0.5813428437580282,0.7351706292556983,16
0.7272281692073391,387200,117,1953,274530,0.585132909192571,0.05652173913043478,0.414867090807429,0.9434782608695652,0.99969792185729,0.585132909192571,0.7381938082850434,16
0.7287656494805047,389643,119,1951,272087,0.5888247472534115,0.05748792270531401,0.4111752527465885,0.942512077294686,0.9996946854747256,0.5888247472534115,0.7411240408866638,16
0.7303031297536703,392075,121,1949,269655,0.5924999622202409,0.058454106280193235,0.40750003777975913,0.9415458937198068,0.9996914807902172,0.5924999622202409,0.7440275692980343,16
0.731840610026836,394487,121,1949,267243,0.5961449533797772,0.058454106280193235,0.40385504662022276,0.9415458937198068,0.9996933665815189,0.5961449533797772,0.7468954065838774,16
0.7333780903000016,396943,123,1947,264787,0.5998564369153583,0.059420289855072465,0.4001435630846418,0.9405797101449276,0.9996902278210675,0.5998564369153583,0.7498007170408654,16
0.7349155705731673,399384,123,1947,262346,0.6035452525954694,0.059420289855072465,0.39645474740453057,0.9405797101449276,0.9996921205385638,0.6035452525954694,0.7526763578729351,16
0.7364530508463328,401861,124,1946,259869,0.6072884711287081,0.05990338164251208,0.3927115288712919,0.9400966183574879,0.9996915307785116,0.6072884711287081,0.7555802071043465,16
0.7379905311194984,404265,124,1946,257465,0.6109213727653272,0.05990338164251208,0.38907862723467274,0.9400966183574879,0.999693364557394,0.6109213727653272,0.7583862589448269,16
0.7395280113926641,406667,125,1945,255063,0.6145512520212171,0.06038647342995169,0.38544874797878287,0.9396135265700483,0.9996927176542312,0.6145512520212171,0.7611766533585644,16
0.7410654916658297,409173,125,1945,252557,0.6183382950750306,0.06038647342995169,0.3816617049249694,0.9396135265700483,0.9996945990451944,0.6183382950750306,0.764075262271388,16
0.7426029719389953,411610,125,1945,250120,0.6220210659936832,0.06038647342995169,0.37797893400631677,0.9396135265700483,0.9996964066693382,0.6220210659936832,0.7668810813580321,16
0.744140452212161,414010,126,1944,247720,0.6256479228688437,0.06086956521739131,0.3743520771311562,0.9391304347826087,0.9996957521200764,0.6256479228688437,0.7696311622451122,16
0.7456779324853265,416341,127,1943,245389,0.6291705076088435,0.06135265700483092,0.37082949239115653,0.938647342995169,0.9996950546020342,0.6291705076088435,0.7722904327405542,16
0.7472154127584922,418630,128,1942,243100,0.6326296223535278,0.06183574879227053,0.3673703776464721,0.9381642512077295,0.9996943341977944,0.6326296223535278,0.7748906049858952,16
0.7487528930316578,421001,128,1942,240729,0.6362126547081136,0.06183574879227053,0.36378734529188644,0.9381642512077295,0.9996960551280012,0.6362126547081136,0.7775730727638593,16
0.7502903733048234,423367,128,1942,238363,0.6397881311108761,0.06183574879227053,0.360211868889124,0.9381642512077295,0.9996977532202269,0.6397881311108761,0.7802381994517266,16
0.7518278535779891,425685,128,1942,236045,0.6432910703761353,0.06183574879227053,0.35670892962386475,0.9381642512077295,0.9996993985622797,0.6432910703761353,0.7828380119222873,16
0.7533653338511547,427939,128,1942,233791,0.6466972934580569,0.06183574879227053,0.35330270654194307,0.9381642512077295,0.9997009813884276,0.6466972934580569,0.7853554377558389,16
0.7549028141243203,430309,128,1942,231421,0.650278814622278,0.06183574879227053,0.349721185377722,0.9381642512077295,0.9997026277945437,0.650278814622278,0.7879912137978899,16
0.756440294397486,432629,129,1941,229101,0.6537847762682665,0.06231884057971015,0.34621522373173347,0.9376811594202898,0.9997019119230609,0.6537847762682665,0.7905596041253992,16
0.7579777746706515,434905,130,1940,226825,0.6572242455382105,0.06280193236714976,0.34277575446178954,0.9371980676328503,0.9997011734688014,0.6572242455382105,0.7930687066053348,16
0.7595152549438171,437146,130,1940,224584,0.6606108231453917,0.06280193236714976,0.3393891768546084,0.9371980676328503,0.9997027049277801,0.6606108231453917,0.7955297787273227,16
0.7610527352169828,439388,130,1940,222342,0.6639989119429375,0.06280193236714976,0.3360010880570625,0.9371980676328503,0.9997042214425803,0.6639989119429375,0.7979819259603651,16
0.7625902154901484,441676,130,1940,220054,0.6674565154972572,0.06280193236714976,0.3325434845027428,0.9371980676328503,0.9997057532038949,0.6674565154972572,0.8004741123080715,16
0.7641276957633141,443946,130,1940,217784,0.6708869176250132,0.06280193236714976,0.32911308237498677,0.9371980676328503,0.9997072573163153,0.6708869176250132,0.8029365006158404,16
0.7656651760364797,446249,130,1940,215481,0.6743671890348027,0.06280193236714976,0.3256328109651973,0.9371980676328503,0.9997087676615611,0.6743671890348027,0.8054243761218437,16
0.7672026563096452,448495,130,1940,213235,0.6777613225938072,0.06280193236714976,0.32223867740619283,0.9371980676328503,0.9997102256896071,0.6777613225938072,0.8078407356205898,16
0.7687401365828109,450773,131,1939,210957,0.6812038142444804,0.06328502415458938,0.3187961857555196,0.9367149758454106,0.9997094725263027,0.6812038142444804,0.8102808290956416,16
0.7702776168559765,453000,131,1939,208730,0.6845692351865564,0.06328502415458938,0.31543076481344356,0.9367149758454106,0.9997109003798018,0.6845692351865564,0.812657362666736,16
0.7718150971291421,455206,132,1938,206524,0.6879029211309748,0.06376811594202898,0.31209707886902516,0.936231884057971,0.9997101054601197,0.6879029211309748,0.8150014144170274,16
0.7733525774023078,457485,132,1938,204245,0.6913469239720128,0.06376811594202898,0.30865307602798725,0.936231884057971,0.9997115491775874,0.6913469239720128,0.8174140816029346,16
0.7748900576754734,459586,132,1938,202144,0.6945219349281428,0.06376811594202898,0.3054780650718571,0.936231884057971,0.9997128674535258,0.6945219349281428,0.8196296217033692,16
0.776427537948639,461723,133,1937,200007,0.6977513487374004,0.0642512077294686,0.30224865126259953,0.9357487922705314,0.9997120314556918,0.6977513487374004,0.8218738930531353,16
0.7779650182218046,463882,133,1937,197848,0.7010140087346803,0.0642512077294686,0.2989859912653197,0.9357487922705314,0.9997133713349784,0.7010140087346803,0.8241333516915466,16
0.7795024984949702,465949,133,1937,195781,0.7041376392184123,0.0642512077294686,0.2958623607815877,0.9357487922705314,0.9997146424878026,0.7041376392184123,0.8262884239571844,16
0.7810399787681359,468021,135,1935,193709,0.7072688256539676,0.06521739130434782,0.29273117434603235,0.9347826086956522,0.999711634583344,0.7072688256539676,0.828439329277467,16
0.7825774590413015,470094,135,1935,191636,0.7104015232798876,0.06521739130434782,0.2895984767201124,0.9347826086956522,0.9997129058394952,0.7104015232798876,0.8305848533383277,16
0.7841149393144671,472191,136,1934,189539,0.7135704894745591,0.06570048309178744,0.2864295105254409,0.9342995169082126,0.9997120638879421,0.7135704894745591,0.8327465021599444,16
0.7856524195876328,474252,137,1933,187478,0.7166850528161033,0.06618357487922705,0.28331494718389677,0.9338164251207729,0.9997112074689759,0.7166850528161033,0.8348632493603223,16
0.7871898998607983,476315,137,1933,185415,0.7198026385383767,0.06618357487922705,0.28019736146162333,0.9338164251207729,0.9997124579181114,0.7198026385383767,0.8369751059145198,16
0.7887273801339639,478320,138,1932,183410,0.7228325752195004,0.06666666666666667,0.2771674247804996,0.9333333333333333,0.9997115734296427,0.7228325752195004,0.8390195301125779,16
0.7902648604071296,480353,138,1932,181377,0.7259048252308343,0.06666666666666667,0.2740951747691657,0.9333333333333333,0.999712793788021,0.7259048252308343,0.8410859194499138,16
0.7918023406802952,482379,139,1931,179351,0.7289664969096157,0.06714975845410628,0.2710335030903843,0.9328502415458937,0.9997119278451788,0.7289664969096157,0.8431371520859114,16
0.7933398209534608,484337,140,1930,177393,0.7319254076436008,0.06763285024154589,0.26807459235639913,0.9323671497584541,0.9997110285937206,0.7319254076436008,0.8451126192738311,16
0.7948773012266265,486294,140,1930,175436,0.7348828071872213,0.06763285024154589,0.2651171928127786,0.9323671497584541,0.9997121911708474,0.7348828071872213,0.8470810790096188,16
0.7964147814997921,488332,140,1930,173398,0.7379626131503786,0.06763285024154589,0.26203738684962147,0.9323671497584541,0.9997133919651484,0.7379626131503786,0.8491238930205303,16
0.7979522617729577,490301,140,1930,171429,0.7409381469783749,0.06763285024154589,0.25906185302162515,0.9323671497584541,0.9997145426259224,0.7409381469783749,0.8510906801160593,16
0.7994897420461233,492184,140,1930,169546,0.7437837184350112,0.06763285024154589,0.25621628156498877,0.9323671497584541,0.9997156344196099,0.7437837184350112,0.852965285853175,16
0.8010272223192889,494067,140,1930,167663,0.7466292898916477,0.06763285024154589,0.2533707101083523,0.9323671497584541,0.9997167178935142,0.7466292898916477,0.8548337841941214,16
0.8025647025924546,496062,142,1928,165668,0.7496441146691248,0.06859903381642513,0.2503558853308751,0.9314009661835749,0.9997138273774496,0.7496441146691248,0.8568053101472105,16
0.8041021828656202,497935,142,1928,163795,0.7524745742221147,0.06859903381642513,0.24752542577788525,0.9314009661835749,0.9997149035189338,0.7524745742221147,0.8586514825311452,16
0.8056396631387858,499743,142,1928,161987,0.7552068064014024,0.06859903381642513,0.2447931935985976,0.9314009661835749,0.999715934664973,0.7552068064014024,0.8604279386888082,16
0.8071771434119515,501674,143,1927,160056,0.758124914995542,0.06908212560386473,0.241875085004458,0.9309178743961353,0.9997150355607721,0.758124914995542,0.8623184108592089,16
0.808714623685117,503629,143,1927,158101,0.7610792921584332,0.06908212560386473,0.2389207078415668,0.9309178743961353,0.9997161414290592,0.7610792921584332,0.8642267452136503,16
0.8102521039582826,505447,143,1927,156283,0.7638266362413674,0.06908212560386473,0.23617336375863268,0.9309178743961353,0.9997171621274155,0.7638266362413674,0.865995613884796,16
0.8117895842314483,507255,143,1927,154475,0.7665588684206549,0.06908212560386473,0.23344113157934504,0.9309178743961353,0.9997181699573117,0.7665588684206549,0.8677492969118864,16
0.8133270645046139,508998,143,1927,152732,0.7691928732262403,0.06908212560386473,0.2308071267737597,0.9309178743961353,0.9997191347779888,0.7691928732262403,0.8694348053713858,16
0.8148645447777796,510725,143,1927,151005,0.7718026989859913,0.06908212560386473,0.22819730101400873,0.9309178743961353,0.9997200842487688,0.7718026989859913,0.8710998995393135,16
0.8164020250509452,512505,143,1927,149225,0.7744926178350687,0.06908212560386473,0.22550738216493132,0.9309178743961353,0.9997210561632933,0.7744926178350687,0.8728109688703297,16
0.8179395053241107,514271,144,1926,147459,0.777161380019041,0.06956521739130435,0.222838619980959,0.9304347826086956,0.9997200703711984,0.777161380019041,0.8745027186273802,16
0.8194769855972764,516003,144,1926,145727,0.7797787617306152,0.06956521739130435,0.2202212382693848,0.9304347826086956,0.9997210097123493,0.7797787617306152,0.8761576972807856,16
0.821014465870442,517730,144,1926,144000,0.7823885874903662,0.06956521739130435,0.21761141250963384,0.9304347826086956,0.9997219400858124,0.7823885874903662,0.8778030593317757,16
0.8225519461436076,519455,144,1926,142275,0.7849953908693879,0.06956521739130435,0.21500460913061217,0.9304347826086956,0.9997228632079739,0.7849953908693879,0.8794417135277303,16
0.8240894264167733,521174,144,1926,140556,0.7875931271062215,0.06956521739130435,0.21240687289377844,0.9304347826086956,0.9997237770420357,0.7875931271062215,0.8810699143230029,16
0.8256269066899389,522884,144,1926,138846,0.7901772626297735,0.06956521739130435,0.20982273737022653,0.9304347826086956,0.9997246801318477,0.7901772626297735,0.8826849027396312,16
0.8271643869631045,524604,144,1926,137126,0.7927765100569719,0.06956521739130435,0.2072234899430281,0.9304347826086956,0.9997255825653456,0.7927765100569719,0.8843046394454848,16
0.8287018672362702,526280,144,1926,135450,0.7953092651081257,0.06956521739130435,0.20469073489187434,0.9304347826086956,0.999726456240597,0.7953092651081257,0.8858784299005011,16
0.8302393475094357,528050,144,1926,133680,0.7979840720535566,0.06956521739130435,0.2020159279464434,0.9304347826086956,0.9997273728970795,0.7979840720535566,0.8875356745472821,16
0.8317768277826014,529680,145,1925,132050,0.8004473123479364,0.07004830917874397,0.19955268765206352,0.9299516908212561,0.9997263247298637,0.8004473123479364,0.8890567367851253,16
0.833314308055767,531398,146,1924,130332,0.8030435373944056,0.07053140096618357,0.19695646260559443,0.9294685990338164,0.9997253284770404,0.8030435373944056,0.8906554571707755,16
0.8348517883289326,533075,146,1924,128655,0.805577803635924,0.07053140096618357,0.19442219636407598,0.9294685990338164,0.9997261923292593,0.805577803635924,0.892212316655662,16
0.8363892686020983,534726,146,1924,127004,0.8080727789279616,0.07053140096618357,0.19192722107203844,0.9294685990338164,0.9997270374968217,0.8080727789279616,0.8937407759639379,16
0.8379267488752639,536380,146,1924,125350,0.810572287791093,0.07053140096618357,0.18942771220890695,0.9294685990338164,0.9997278789844295,0.810572287791093,0.8952677891869517,16
0.8394642291484294,538016,146,1924,123714,0.8130445952276608,0.07053140096618357,0.18695540477233918,0.9294685990338164,0.9997287062260063,0.8130445952276608,0.8967740429972031,16
0.8410017094215951,539576,146,1924,122154,0.8154020521965152,0.07053140096618357,0.18459794780348482,0.9294685990338164,0.9997294903672631,0.8154020521965152,0.8982065034641417,16
0.8425391896947607,541233,147,1923,120497,0.8179060946307406,0.07101449275362319,0.18209390536925937,0.9289855072463769,0.9997284716834756,0.8179060946307406,0.8997232173284238,16
0.8440766699679264,542782,147,1923,118948,0.8202469285055839,0.07101449275362319,0.17975307149441616,0.9289855072463769,0.9997292463655468,0.8202469285055839,0.9011379983879256,16
0.845614150241092,544396,147,1923,117334,0.8226859897541293,0.07101449275362319,0.17731401024587068,0.9289855072463769,0.9997300488666644,0.8226859897541293,0.9026082818731747,16
0.8471516305142576,546007,147,1923,115723,0.8251205174315809,0.07101449275362319,0.17487948256841915,0.9289855072463769,0.9997308451462408,0.8251205174315809,0.9040719141904354,16
0.8486891107874233,547537,147,1923,114193,0.8274326386894957,0.07101449275362319,0.1725673613105043,0.9289855072463769,0.9997315970523148,0.8274326386894957,0.9054583459427458,16
0.8502265910605888,549083,147,1923,112647,0.829768938993245,0.07101449275362319,0.17023106100675503,0.9289855072463769,0.9997323525663201,0.829768938993245,0.9068557177776311,16
0.8517640713337544,550576,147,1923,111154,0.8320251462076678,0.07101449275362319,0.1679748537923322,0.9289855072463769,0.9997330781536271,0.8320251462076678,0.9082018024616212,16
0.8533015516069201,552047,147,1923,109683,0.8342481072340683,0.07101449275362319,0.16575189276593172,0.9289855072463769,0.9997337892117625,0.8342481072340683,0.9095248137445178,16
0.8548390318800857,553547,148,1922,108183,0.8365148927810436,0.07149758454106281,0.16348510721895637,0.9285024154589372,0.9997327048284705,0.8365148927810436,0.9108698603369193,16
0.8563765121532513,554983,148,1922,106747,0.8386849621446814,0.07149758454106281,0.16131503785531864,0.9285024154589372,0.999733396261423,0.8386849621446814,0.9121551270030019,16
0.857913992426417,556389,148,1922,105341,0.8408096957973796,0.07149758454106281,0.1591903042026204,0.9285024154589372,0.999734069792305,0.8408096957973796,0.9134106070344186,16
0.8594514726995826,557809,148,1922,103921,0.842955586115183,0.07149758454106281,0.15704441388481707,0.9285024154589372,0.9997347465844142,0.842955586115183,0.9146756503922727,16
0.8609889529727482,559217,148,1922,102513,0.8450833421486105,0.07149758454106281,0.15491665785138953,0.9285024154589372,0.999735414264389,0.8450833421486105,0.9159270982192212,16
0.8625264332459138,560563,148,1922,101167,0.8471174043794297,0.07149758454106281,0.15288259562057033,0.9285024154589372,0.9997360494086972,0.8471174043794297,0.9171207444776477,16
0.8640639135190794,561934,148,1922,99796,0.8491892463693651,0.07149758454106281,0.15081075363063484,0.9285024154589372,0.9997366932226971,0.8491892463693651,0.9183338617369333,16
0.8656013937922451,563311,148,1922,98419,0.8512701555014885,0.07149758454106281,0.14872984449851148,0.9285024154589372,0.9997373367006295,0.8512701555014885,0.9195495552114816,16
0.8671388740654107,564682,148,1922,97048,0.853341997491424,0.07149758454106281,0.146658002508576,0.9285024154589372,0.9997379742577412,0.853341997491424,0.9207572397599791,16
0.8686763543385763,565986,148,1922,95744,0.8553125897269279,0.07149758454106281,0.1446874102730721,0.9285024154589372,0.9997385777925367,0.8553125897269279,0.9219034029827408,16
0.870213834611742,567386,148,1922,94344,0.8574282562374382,0.07149758454106281,0.14257174376256176,0.9285024154589372,0.9997392226721219,0.8574282562374382,0.9231312395059158,16
0.8717513148849075,568745,148,1922,92985,0.8594819639429979,0.07149758454106281,0.1405180360570021,0.9285024154589372,0.9997398456300218,0.8594819639429979,0.9243204458229693,16
0.8732887951580731,570081,148,1922,91649,0.8615009142701706,0.07149758454106281,0.13849908572982939,0.9285024154589372,0.9997404551504746,0.8615009142701706,0.9254869683163156,16
0.8748262754312388,571379,148,1922,90351,0.8634624393634867,0.07149758454106281,0.13653756063651337,0.9285024154589372,0.9997410446050667,0.8634624393634867,0.9266178906748553,16
0.8763637557044044,572667,149,1921,89063,0.8654088525531561,0.07198067632850241,0.1345911474468439,0.9280193236714975,0.999739881567554,0.8654088525531561,0.9277369980543455,16
0.8779012359775701,573992,149,1921,87738,0.8674111797863177,0.07198067632850241,0.13258882021368232,0.9280193236714975,0.9997404818676945,0.8674111797863177,0.9288865909144238,16
0.8794387162507357,575216,149,1921,86514,0.8692608767926495,0.07198067632850241,0.13073912320735043,0.9280193236714975,0.9997410339523607,0.8692608767926495,0.9299463662855317,16
0.8809761965239012,576434,149,1921,85296,0.8711015066567935,0.07198067632850241,0.12889849334320644,0.9280193236714975,0.9997415810039492,0.8711015066567935,0.9309988670069683,16
0.8825136767970669,577603,149,1921,84127,0.8728680881930697,0.07198067632850241,0.12713191180693031,0.9280193236714975,0.9997421038784807,0.8728680881930697,0.9320070803771253,16
0.8840511570702325,578858,149,1921,82872,0.8747646321007058,0.07198067632850241,0.12523536789929426,0.9280193236714975,0.9997426628693609,0.8747646321007058,0.9330873505021613,16
0.8855886373433981,580038,149,1921,81692,0.876547836730993,0.07198067632850241,0.123452163269007,0.9280193236714975,0.9997431862485716,0.876547836730993,0.9341010711665917,16
0.8871261176165638,581188,149,1921,80542,0.8782857056503408,0.07198067632850241,0.12171429434965923,0.9280193236714975,0.9997436942771577,0.8782857056503408,0.9350871674656315,16
0.8886635978897294,582342,149,1921,79388,0.8800296193311471,0.07198067632850241,0.11997038066885285,0.9280193236714975,0.9997442020563407,0.8800296193311471,0.9360748612987563,16
0.890201078162895,583582,149,1921,78148,0.8819034953833135,0.07198067632850241,0.11809650461668657,0.9280193236714975,0.999744745439252,0.8819034953833135,0.9371341214217065,16
0.8917385584360606,584704,149,1921,77026,0.883599050972451,0.07198067632850241,0.116400949027549,0.9280193236714975,0.9997452351274594,0.883599050972451,0.9380907649149716,16
0.8932760387092262,585854,149,1921,75876,0.8853369198917987,0.07198067632850241,0.11466308010820123,0.9280193236714975,0.9997457350900933,0.8853369198917987,0.9390694964387414,16
0.8948135189823919,586975,149,1921,74755,0.8870309642905717,0.07198067632850241,0.11296903570942832,0.9280193236714975,0.9997462205598817,0.8870309642905717,0.9400218119972391,16
0.8963509992555575,588163,149,1921,73567,0.8888262584437762,0.07198067632850241,0.11117374155622384,0.9280193236714975,0.9997467330260134,0.8888262584437762,0.9410291814195043,16
0.8978884795287231,589241,149,1921,72489,0.8904553216568691,0.07198067632850241,0.10954467834313088,0.9280193236714975,0.9997471962537539,0.8904553216568691,0.9419416203082038,16
0.8994259598018888,590330,149,1921,71400,0.8921010079639732,0.07198067632850241,0.10789899203602678,0.9280193236714975,0.9997476624909607,0.8921010079639732,0.9428617746718001,16
0.9009634400750544,591362,149,1921,70368,0.8936605564202923,0.07198067632850241,0.10633944357970773,0.9280193236714975,0.9997481027402703,0.8936605564202923,0.9437322909161127,16
0.9025009203482199,592473,149,1921,69257,0.8953394889154187,0.07198067632850241,0.10466051108458133,0.9280193236714975,0.9997485749769668,0.8953394889154187,0.9446678444328227,16
0.9040384006213856,593552,149,1921,68178,0.8969700633188763,0.07198067632850241,0.10302993668112372,0.9280193236714975,0.9997490319201079,0.8969700633188763,0.9455748663208093,16
0.9055758808945512,594595,149,1921,67135,0.8985462348692065,0.07198067632850241,0.10145376513079353,0.9280193236714975,0.9997494720417525,0.8985462348692065,0.9464501454069086,16
0.9071133611677168,595624,149,1921,66106,0.9001012497544316,0.07198067632850241,0.09989875024556844,0.9280193236714975,0.9997499047455994,0.9001012497544316,0.947312252932995,16
0.9086508414408825,596628,149,1921,65102,0.9016184848805404,0.07198067632850241,0.0983815151194596,0.9280193236714975,0.9997503254984693,0.9016184848805404,0.948152056365201,16
0.9101883217140481,597618,149,1921,64112,0.9031145633415442,0.07198067632850241,0.09688543665845586,0.9280193236714975,0.9997507390003129,0.9031145633415442,0.9489788383775427,16
0.9117258019872138,598608,150,1920,63122,0.9046106418025479,0.07246376811594203,0.09538935819745213,0.927536231884058,0.999749481426553,0.9046106418025479,0.9498035681418625,16
0.9132632822603793,599649,150,1920,62081,0.9061837909721487,0.07246376811594203,0.09381620902785123,0.927536231884058,0.9997499162219343,0.9061837909721487,0.9506701788068289,16
0.9148007625335449,600559,150,1920,61171,0.9075589742039805,0.07246376811594203,0.09244102579601952,0.927536231884058,0.9997502950679946,0.9075589742039805,0.9514265639765564,16
0.9163382428067106,601514,150,1920,60216,0.9090021610022214,0.07246376811594203,0.09099783899777855,0.927536231884058,0.9997506914158069,0.9090021610022214,0.9522191810314122,16
0.9178757230798762,602451,150,1920,59279,0.9104181463738987,0.07246376811594203,0.08958185362610128,0.927536231884058,0.9997510790722219,0.9104181463738987,0.9529956949564631,16
0.9194132033530418,603321,150,1920,58409,0.9117328819911444,0.07246376811594203,0.08826711800885557,0.927536231884058,0.9997514379315658,0.9117328819911444,0.9537156546667289,16
0.9209506836262075,604243,150,1920,57487,0.913126199507352,0.07246376811594203,0.08687380049264806,0.927536231884058,0.9997518171123756,0.913126199507352,0.9544775665555401,16
0.922488163899373,605188,150,1920,56542,0.9145542744019464,0.07246376811594203,0.08544572559805359,0.927536231884058,0.9997522045534891,0.9145542744019464,0.9552573342551465,16
0.9240256441725387,606091,150,1920,55639,0.9159188793012256,0.07246376811594203,0.08408112069877442,0.927536231884058,0.9997525736464541,0.9159188793012256,0.9560013596525472,16
0.9255631244457043,607007,150,1920,54723,0.9173031296752452,0.07246376811594203,0.08269687032475481,0.927536231884058,0.9997529469313539,0.9173031296752452,0.9567550144339095,16
0.9271006047188699,607848,150,1920,53882,0.9185740407719161,0.07246376811594203,0.08142595922808396,0.927536231884058,0.9997532886621338,0.9185740407719161,0.9574460041835731,16
0.9286380849920356,608732,150,1920,52998,0.9199099330542668,0.07246376811594203,0.08009006694573316,0.927536231884058,0.9997536468478293,0.9199099330542668,0.9581713379064577,16
0.9301755652652012,609615,150,1920,52115,0.921244314146253,0.07246376811594203,0.078755685853747,0.927536231884058,0.9997540035915475,0.921244314146253,0.9588948442581371,16
0.9317130455383668,610459,150,1920,51271,0.9225197588140178,0.07246376811594203,0.0774802411859822,0.927536231884058,0.999754343614326,0.9225197588140178,0.959585456391732,16
0.9332505258115324,611324,150,1920,50406,0.9238269384794403,0.07246376811594203,0.07617306152055975,0.927536231884058,0.9997546911234165,0.9238269384794403,0.960292301940616,16
0.934788006084698,612169,150,1920,49561,0.9251038943375697,0.07246376811594203,0.0748961056624303,0.927536231884058,0.9997550296495781,0.9251038943375697,0.9609818774631118,16
0.9363254863578636,612924,150,1920,48806,0.9262448430628807,0.07246376811594203,0.07375515693711937,0.927536231884058,0.9997553313303125,0.9262448430628807,0.9615972337708385,16
0.9378629666310293,613744,150,1920,47986,0.9274840191618938,0.07246376811594203,0.07251598083810618,0.927536231884058,0.9997556581429368,0.9274840191618938,0.9622647425887253,16
0.9394004469041949,614551,150,1920,47179,0.9287035497861665,0.07246376811594203,0.07129645021383343,0.927536231884058,0.9997559789230862,0.9287035497861665,0.9629208315999847,16
0.9409379271773606,615298,150,1920,46432,0.9298324089885603,0.07246376811594203,0.07016759101143971,0.927536231884058,0.9997562751036643,0.9298324089885603,0.9635274018186972,16
0.9424754074505262,616098,150,1920,45632,0.9310413612802805,0.07246376811594203,0.06895863871971952,0.927536231884058,0.9997565915021225,0.9310413612802805,0.9641762221258895,16
0.9440128877236917,616916,150,1920,44814,0.9322775149985644,0.07246376811594203,0.06772248500143563,0.927536231884058,0.9997569141712556,0.9322775149985644,0.9648388014976587,16
0.9455503679968574,617672,150,1920,44058,0.9334199749142399,0.07246376811594203,0.06658002508576005,0.927536231884058,0.99975721162406,0.9334199749142399,0.9654504076426749,16
0.947087848270023,618419,151,1919,43311,0.9345488341166337,0.07294685990338164,0.06545116588336633,0.9270531400966183,0.9997558885817288,0.9345488341166337,0.9660532687651332,16
0.9486253285431886,619147,151,1919,42583,0.935648980702099,0.07294685990338164,0.06435101929790096,0.9270531400966183,0.9997561755406928,0.935648980702099,0.9666408540640797,16
0.9501628088163543,619821,151,1919,41909,0.9366675230078733,0.07294685990338164,0.0633324769921267,0.9270531400966183,0.999756440613447,0.9366675230078733,0.9671842596797071,16
0.9517002890895199,620513,151,1919,41217,0.9377132667402113,0.07294685990338164,0.062286733259788736,0.9270531400966183,0.9997567121663251,0.9377132667402113,0.9677415833199469,16
0.9532377693626854,621228,151,1919,40502,0.9387937678509362,0.07294685990338164,0.061206232149063816,0.9270531400966183,0.9997569921094855,0.9387937678509362,0.9683167992742627,16
0.9547752496358511,621904,151,1919,39826,0.9398153325374398,0.07294685990338164,0.06018466746256026,0.9270531400966183,0.9997572561911728,0.9398153325374398,0.9688600505536363,16
0.9563127299090167,622647,151,1919,39083,0.9409381469783749,0.07294685990338164,0.05906185302162514,0.9270531400966183,0.9997575457853108,0.9409381469783749,0.9694564851836627,16
0.9578502101821824,623330,151,1919,38400,0.9419702899974309,0.07294685990338164,0.05802971000256903,0.9270531400966183,0.9997578113847896,0.9419702899974309,0.9700041471789457,16
0.959387690455348,623989,151,1919,37741,0.9429661644477355,0.07294685990338164,0.05703383555226452,0.9270531400966183,0.9997580671003301,0.9429661644477355,0.9705320133450503,16
0.9609251707285136,624693,152,1918,37037,0.9440300424644492,0.07342995169082125,0.05596995753555075,0.9265700483091788,0.9997567396714385,0.9440300424644492,0.9710945727998755,16
0.9624626510016793,625336,152,1918,36394,0.9450017378689194,0.07342995169082125,0.05499826213108065,0.9265700483091788,0.9997569897424091,0.9450017378689194,0.9716085387245984,16
0.9640001312748449,625974,153,1917,35756,0.9459658773215662,0.07391304347826087,0.0540341226784338,0.9260869565217391,0.9997556406288182,0.9459658773215662,0.9721172459364666,16
0.9655376115480104,626572,153,1917,35158,0.9468695691596271,0.07391304347826087,0.053130430840372965,0.9260869565217391,0.9997558737883442,0.9468695691596271,0.9725943086875367,16
0.9670750918211761,627210,153,1917,34520,0.9478337086122739,0.07391304347826087,0.05216629138772611,0.9260869565217391,0.9997561220537392,0.9478337086122739,0.9731027939799533,16
0.9686125720943417,627835,153,1917,33895,0.9487782025901803,0.07391304347826087,0.05122179740981971,0.9260869565217391,0.9997563647713014,0.9487782025901803,0.9736004304817021,16
0.9701500523675073,628422,153,1917,33308,0.94966527133423,0.07391304347826087,0.050334728665770025,0.9260869565217391,0.9997565922920892,0.94966527133423,0.974067371667939,16
0.971687532640673,629006,153,1917,32724,0.9505478065071857,0.07391304347826087,0.04945219349281429,0.9260869565217391,0.9997568182287784,0.9505478065071857,0.9745315050325782,16
0.9732250129138386,629589,153,1917,32141,0.9514288304897768,0.07391304347826087,0.0485711695102232,0.9260869565217391,0.9997570433606143,0.9514288304897768,0.97499442496624,16
0.9747624931870043,630196,153,1917,31534,0.9523461230411195,0.07391304347826087,0.04765387695888051,0.9260869565217391,0.9997572773178033,0.9523461230411195,0.9754759577394262,16
0.9762999734601698,630767,153,1917,30963,0.9532090127393348,0.07391304347826087,0.046790987260665225,0.9260869565217391,0.9997574969885247,0.9532090127393348,0.9759285189339728,16
0.9778374537333354,631309,153,1917,30421,0.9540280779169752,0.07391304347826087,0.0459719220830248,0.9260869565217391,0.9997577051350676,0.9540280779169752,0.9763577256896115,16
0.9793749340065011,631836,153,1917,29894,0.9548244752391458,0.07391304347826087,0.045175524760854124,0.9260869565217391,0.9997579071787642,0.9548244752391458,0.9767747091910995,16
0.9809124142796667,632391,153,1917,29339,0.9556631858915268,0.07391304347826087,0.044336814108473246,0.9260869565217391,0.9997581195932616,0.9556631858915268,0.9772134802986076,16
0.9824498945528323,632913,153,1917,28817,0.9564520272618742,0.07391304347826087,0.04354797273812582,0.9260869565217391,0.9997583190378254,0.9564520272618742,0.9776258190479427,16
0.983987374825998,633421,154,1916,28309,0.9572197119671165,0.07439613526570048,0.0427802880328835,0.9256038647342996,0.9997569348538058,0.9572197119671165,0.9780260247586476,16
0.9855248550991635,633933,154,1916,27797,0.9579934414338174,0.07439613526570048,0.04200655856618258,0.9256038647342996,0.9997571311192313,0.9579934414338174,0.9784298245817117,16
0.9870623353723291,634438,155,1915,27292,0.9587565925679657,0.0748792270531401,0.04124340743203422,0.9251207729468599,0.9997557489603572,0.9587565925679657,0.978827036163055,16
0.9885998156454948,634965,155,1915,26765,0.9595529898901365,0.0748792270531401,0.04044701010986354,0.9251207729468599,0.9997559516311878,0.9595529898901365,0.9792420094845202,16
0.9901372959186604,635457,155,1915,26273,0.9602964955495443,0.0748792270531401,0.039703504450455625,0.9251207729468599,0.9997561405385675,0.9602964955495443,0.9796291186132877,16
0.9916747761918261,635949,155,1915,25781,0.9610400012089523,0.0748792270531401,0.03895999879104771,0.9251207729468599,0.9997563291537233,0.9610400012089523,0.9800159342412048,16
0.9932122564649917,636446,156,1914,25284,0.9617910628201835,0.07536231884057971,0.03820893717981654,0.9246376811594202,0.9997549489319858,0.9617910628201835,0.9804056281444192,16
0.9947497367381573,636928,157,1913,24802,0.9625194565759448,0.07584541062801932,0.03748054342405513,0.9241545893719807,0.999753565065886,0.9625194565759448,0.9807832524262502,16
0.996287217011323,637359,157,1913,24371,0.9631707796231092,0.07584541062801932,0.036829220376890875,0.9241545893719807,0.9997537316710483,0.9631707796231092,0.9811213580799942,16
0.9978246972844885,637803,158,1912,23927,0.9638417481450138,0.07632850241545894,0.036158251854986175,0.923671497584541,0.9997523359578406,0.9638417481450138,0.981468672169,16
0.9993621775576541,638262,158,1912,23468,0.9645353845223883,0.07632850241545894,0.03546461547761171,0.923671497584541,0.9997525140189844,0.9645353845223883,0.9818282505864708,16
1.0008996578308198,638726,158,1912,23004,0.965236576851586,0.07632850241545894,0.034763423148414005,0.923671497584541,0.9997526937597435,0.965236576851586,0.9821914880202736,16
1.0024371381039854,639161,159,1911,22569,0.9658939446602088,0.07681159420289856,0.03410605533979116,0.9231884057971015,0.9997512982543953,0.9658939446602088,0.9825310326274931,16
1.003974618377151,639600,159,1911,22130,0.9665573572302903,0.07681159420289856,0.0334426427697097,0.9231884057971015,0.9997514689125123,0.9665573572302903,0.9828742309769809,16
1.0055120986503165,639999,159,1911,21731,0.9671603221857857,0.07681159420289856,0.032839677814214256,0.9231884057971015,0.99975162381787,0.9671603221857857,0.9831859576246189,16
1.0070495789234823,640423,159,1911,21307,0.9678010669003975,0.07681159420289856,0.032198933099602554,0.9231884057971015,0.9997517882175896,0.9678010669003975,0.9835170066773553,16
1.008587059196648,640855,159,1911,20875,0.9684539011379264,0.07681159420289856,0.03154609886207366,0.9231884057971015,0.9997519554955118,0.9684539011379264,0.9838540803104832,16
1.0101245394698135,641241,159,1911,20489,0.9690372206186814,0.07681159420289856,0.030962779381318663,0.9231884057971015,0.9997521047708139,0.9690372206186814,0.9841550727862916,16
1.011662019742979,641619,160,1910,20111,0.9696084505765191,0.07729468599033816,0.030391549423480876,0.9227053140096618,0.9997506929955638,0.9696084505765191,0.9844488990870028,16
1.0131995000161447,642016,160,1910,19714,0.9702083931512853,0.07729468599033816,0.029791606848714732,0.9227053140096618,0.9997508471197927,0.9702083931512853,0.9847581037283363,16
1.0147369802893105,642370,161,1909,19360,0.9707433545403714,0.07777777777777778,0.02925664545962855,0.9222222222222223,0.9997494284322469,0.9707433545403714,0.985032903690289,16
1.016274460562476,642741,162,1908,18989,0.9713040061656567,0.0782608695652174,0.028695993834343313,0.9217391304347826,0.9997480179747178,0.9713040061656567,0.9853207760343331,16
1.0178119408356416,643128,162,1908,18602,0.9718888368367763,0.0782608695652174,0.028111163163223672,0.9217391304347826,0.9997481695658257,0.9718888368367763,0.9856216762961487,16
1.0193494211088072,643552,163,1907,18178,0.972529581551388,0.078743961352657,0.02747041844861197,0.921256038647343,0.9997467823493316,0.972529581551388,0.9859503847347073,16
1.0208869013819728,643929,163,1907,17801,0.9730993003188612,0.078743961352657,0.026900699681138833,0.921256038647343,0.9997469305627147,0.9730993003188612,0.9862431479941371,16
1.0224243816551384,644297,164,1906,17433,0.9736554183730525,0.07922705314009662,0.02634458162694755,0.9207729468599034,0.9997455237787857,0.9736554183730525,0.986528003944293,16
1.0239618619283042,644656,165,1905,17074,0.9741979357139618,0.07971014492753623,0.025802064286038113,0.9202898550724637,0.9997441150334744,0.9741979357139618,0.9868057197920326,16
1.0254993422014698,644992,165,1905,16738,0.9747056956764844,0.07971014492753623,0.025294304323515635,0.9202898550724637,0.9997442482992512,0.9747056956764844,0.9870662115393297,16
1.0270368224746353,645331,166,1904,16399,0.9752179892101008,0.08019323671497584,0.024782010789899205,0.9198067632850242,0.9997428338164236,0.9752179892101008,0.9873281381122023,16
1.028574302747801,645700,167,1903,16030,0.9757756184546568,0.08067632850241546,0.024224381545343267,0.9193236714975845,0.9997414328336949,0.9757756184546568,0.9876131560411961,16
1.0301117830209665,646055,167,1903,15675,0.9763120910341075,0.08067632850241546,0.023687908965892433,0.9193236714975845,0.9997415748767452,0.9763120910341075,0.9878879347254333,16
1.0316492632941323,646396,167,1903,15334,0.9768274069484533,0.08067632850241546,0.023172593051546703,0.9193236714975845,0.9997417111712238,0.9768274069484533,0.9881517366522635,16
1.033186743567298,646725,167,1903,15005,0.9773245885784232,0.08067632850241546,0.022675411421576776,0.9193236714975845,0.9997418425332204,0.9773245885784232,0.9884061249161332,16
1.0347242238404635,647050,168,1902,14680,0.9778157254469345,0.08115942028985507,0.022184274553065448,0.9188405797101449,0.9997404274912008,0.9778157254469345,0.9886565394500011,16
1.036261704113629,647360,171,1899,14370,0.9782841944599762,0.08260869565217391,0.021715805540023878,0.9173913043478261,0.9997359199791207,0.9782841944599762,0.9888937347098861,16
1.0377991843867946,647668,171,1899,14062,0.9787496410922883,0.08260869565217391,0.021250358907711604,0.9173913043478261,0.9997360455298308,0.9787496410922883,0.9891315386970827,16
1.0393366646599602,647960,172,1898,13770,0.9791909086787662,0.08309178743961353,0.020809091321233736,0.9169082125603865,0.9997346219597243,0.9791909086787662,0.9893561306458237,16
1.040874144933126,648230,173,1897,13500,0.9795989300772219,0.08357487922705314,0.02040106992277817,0.9164251207729469,0.9997331906237324,0.9795989300772219,0.9895636549876997,16
1.0424116252062916,648545,173,1897,13185,0.9800749550420866,0.08357487922705314,0.01992504495791335,0.9164251207729469,0.9997333201791841,0.9800749550420866,0.9898065394429997,16
1.0439491054794572,648816,173,1897,12914,0.9804844876309069,0.08357487922705314,0.019515512369093133,0.9164251207729469,0.9997334315373604,0.9804844876309069,0.9900154037593107,16
1.0454865857526228,649086,173,1897,12644,0.9808925090293624,0.08357487922705314,0.01910749097063757,0.9164251207729469,0.9997335423921733,0.9808925090293624,0.9902234114855274,16
1.0470240660257883,649361,173,1897,12369,0.9813080863796413,0.08357487922705314,0.018691913620358755,0.9164251207729469,0.9997336552051163,0.9813080863796413,0.9904351831515241,16
1.0485615462989542,649629,175,1895,12101,0.9817130853973675,0.08454106280193237,0.018286914602632494,0.9154589371980676,0.9997306880228499,0.9817130853973675,0.9906399681594225,16
1.0500990265721197,649884,176,1894,11846,0.9820984389403533,0.08502415458937199,0.017901561059646683,0.914975845410628,0.9997292557610067,0.9820984389403533,0.9908354233528232,16
1.0516365068452853,650146,176,1894,11584,0.9824943708158916,0.08502415458937199,0.01750562918410832,0.914975845410628,0.9997293648377266,0.9824943708158916,0.9910369406090611,16
1.053173987118451,650401,176,1894,11329,0.9828797243588775,0.08502415458937199,0.017120275641122513,0.914975845410628,0.9997294709158178,0.9828797243588775,0.9912329965473019,16
1.0547114673916165,650638,179,1891,11092,0.9832378764752996,0.08647342995169083,0.016762123524700405,0.9135265700483092,0.9997249610873717,0.9832378764752996,0.9914128789292879,16
1.056248947664782,650868,179,1891,10862,0.9835854502591691,0.08647342995169083,0.016414549740830852,0.9135265700483092,0.9997250582523228,0.9835854502591691,0.9915895845219713,16
1.0577864279379479,651104,179,1891,10626,0.9839420911852266,0.08647342995169083,0.016057908814773397,0.9135265700483092,0.9997251578806755,0.9839420911852266,0.9917708354753532,16
1.0593239082111134,651372,183,1887,10358,0.9843470902029529,0.08840579710144927,0.015652909797047133,0.9115942028985508,0.9997191334576513,0.9843470902029529,0.9919735624788222,16
1.060861388484279,651619,187,1883,10111,0.9847203542230215,0.09033816425120773,0.015279645776978526,0.9096618357487922,0.9997131048195322,0.9847203542230215,0.9921600930617813,16
1.0623988687574446,651818,188,1882,9912,0.9850210811055868,0.09082125603864734,0.01497891889441313,0.9091787439613527,0.9997116590951617,0.9850210811055868,0.992312001802493,16
1.0639363490306102,652023,189,1881,9707,0.9853308751303401,0.09130434782608696,0.01466912486965983,0.908695652173913,0.9997102169233317,0.9853308751303401,0.9924684651225093,16
1.065473829303776,652240,190,1880,9490,0.9856588034394693,0.09178743961352658,0.01434119656053073,0.9082125603864735,0.9997087810186533,0.9856588034394693,0.9926340780422476,16
1.0670113095769416,652415,190,1880,9315,0.985923261753283,0.09178743961352658,0.014076738246716939,0.9082125603864735,0.9997088591107944,0.985923261753283,0.9927682059748847,16
1.0685487898501072,652637,193,1877,9093,0.9862587460142355,0.09323671497584542,0.013741253985764586,0.9067632850241546,0.9997043640764058,0.9862587460142355,0.9929360394352482,16
1.0700862701232727,652818,195,1875,8912,0.9865322714702371,0.09420289855072464,0.013467728529762895,0.9057971014492754,0.9997013841990895,0.9865322714702371,0.9930731709543233,16
1.0716237503964383,653025,196,1874,8705,0.9868450878757197,0.09468599033816426,0.013154912124280296,0.9053140096618357,0.9996999484094969,0.9868450878757197,0.9932309264755873,16
1.073161230669604,653224,199,1871,8506,0.9871458147582851,0.09613526570048309,0.012854185241714899,0.9038647342995169,0.9996954499612043,0.9871458147582851,0.9933809982564766,16
1.0746987109427697,653391,199,1871,8339,0.9873981835491817,0.09613526570048309,0.01260181645081831,0.9038647342995169,0.9996955277773528,0.9873981835491817,0.9935088039412463,16
1.0762361912159353,653590,200,1870,8140,0.9876989104317471,0.0966183574879227,0.012301089568252913,0.9033816425120773,0.9996940913749063,0.9876989104317471,0.9936603016297737,16
1.0777736714891009,653771,202,1868,7959,0.9879724358877487,0.09758454106280193,0.01202756411225122,0.9024154589371981,0.9996911187464926,0.9879724358877487,0.9937972323541103,16
1.0793111517622664,653949,205,1865,7781,0.9882414277726566,0.09903381642512077,0.01175857222734348,0.9009661835748792,0.9996866181357906,0.9882414277726566,0.9939310759915008,16
1.080848632035432,654128,208,1862,7602,0.9885119308479289,0.10048309178743961,0.011488069152071087,0.8995169082125604,0.9996821205007824,0.9885119308479289,0.994065647163592,16
1.0823861123085978,654295,211,1859,7435,0.9887642996388255,0.10193236714975845,0.011235700361174498,0.8980676328502415,0.9996776194565061,0.9887642996388255,0.9941910113383922,16
1.0839235925817634,654459,213,1857,7271,0.9890121348586282,0.10289855072463767,0.010987865141371858,0.8971014492753623,0.9996746462350612,0.9890121348586282,0.994314806571245,16
1.085461072854929,654606,214,1856,7124,0.9892342798422318,0.10338164251207729,0.010765720157768274,0.8966183574879227,0.99967319263309,0.9892342798422318,0.9944263415745699,16
1.0869985531280946,654758,216,1854,6972,0.9894639807776585,0.10434782608695652,0.010536019222341438,0.8956521739130435,0.9996702159169677,0.9894639807776585,0.9945409142829367,16
1.0885360334012602,654905,218,1852,6825,0.9896861257612621,0.10531400966183575,0.010313874238737853,0.8946859903381642,0.999667238060639,0.9896861257612621,0.9946516429700203,16
1.0900735136744257,655061,219,1851,6669,0.9899218714581476,0.10579710144927536,0.010078128541852418,0.8942028985507247,0.9996657917226224,0.9899218714581476,0.9947699713745529,16
1.0916109939475915,655195,221,1849,6535,0.9901243709670107,0.1067632850241546,0.009875629032989285,0.8932367149758454,0.9996628095743771,0.9901243709670107,0.9948707280741846,16
1.0931484742207571,655344,222,1848,6386,0.9903495383313436,0.1072463768115942,0.0096504616686564,0.8927536231884058,0.9996613613274636,0.9903495383313436,0.9949836635046339,16
1.0946859544939227,655490,222,1848,6240,0.9905701721245825,0.1072463768115942,0.009429827875417466,0.8927536231884058,0.9996614367283198,0.9905701721245825,0.9950950402370654,16
1.0962234347670883,655621,222,1848,6109,0.9907681380623518,0.1072463768115942,0.009231861937648286,0.8927536231884058,0.9996615043539384,0.9907681380623518,0.9951949531449111,16
1.0977609150402539,655762,224,1846,5968,0.9909812159037674,0.10821256038647344,0.009018784096232602,0.8917874396135266,0.9996585292978813,0.9909812159037674,0.9953009601461924,16
1.0992983953134197,655896,226,1844,5834,0.9911837154126305,0.10917874396135266,0.008816284587369471,0.8908212560386474,0.9996555518638301,0.9911837154126305,0.9954016080713161,16
1.1008358755865852,656012,228,1842,5718,0.9913590134949299,0.11014492753623188,0.008640986505070043,0.8898550724637682,0.9996525661343411,0.9913590134949299,0.9954885164305711,16
1.1023733558597508,656138,229,1841,5592,0.9915494234808759,0.1106280193236715,0.008450576519124115,0.8893719806763285,0.9996511098211823,0.9915494234808759,0.9955837848049119,16
1.1039108361329164,656289,231,1839,5441,0.991777613225938,0.11159420289855072,0.008222386774061929,0.8884057971014493,0.9996481447632974,0.991777613225938,0.9956973260003794,16
1.105448316406082,656419,234,1836,5311,0.9919740679733426,0.11304347826086956,0.008025932026657398,0.8869565217391304,0.9996436474058598,0.9919740679733426,0.9957940901847189,16
1.1069857966792476,656544,237,1833,5186,0.9921629667689239,0.1144927536231884,0.007837033231076119,0.8855072463768116,0.999639149122767,0.9921629667689239,0.9958870271086098,16
1.1085232769524134,656653,238,1832,5077,0.9923276865186708,0.11497584541062802,0.007672313481329243,0.885024154589372,0.9996376872266479,0.9923276865186708,0.9959692739612064,16
1.110060757225579,656771,239,1831,4959,0.9925060069816994,0.11545893719806763,0.007493993018300516,0.8845410628019323,0.9996362308031841,0.9925060069816994,0.9960583587363695,16
1.1115982374987445,656890,239,1831,4840,0.9926858386350929,0.11545893719806763,0.007314161364907137,0.8845410628019323,0.9996362966784299,0.9926858386350929,0.9961489438977176,16
1.1131357177719101,657009,240,1830,4721,0.9928656702884863,0.11594202898550725,0.007134329711513759,0.8840579710144928,0.9996348415897172,0.9928656702884863,0.996238757402506,16
1.1146731980450757,657110,242,1828,4620,0.9930183005153159,0.11690821256038647,0.0069816994846840855,0.8830917874396135,0.9996318562961701,0.9930183005153159,0.9963141032930478,16
1.1162106783182415,657221,242,1828,4509,0.9931860426457921,0.11690821256038647,0.006813957354207909,0.8830917874396135,0.9996319184501637,0.9931860426457921,0.9963985557837254,16
1.117748158591407,657337,244,1826,4393,0.9933613407280916,0.1178743961352657,0.006638659271908483,0.8821256038647343,0.9996289430503619,0.9933613407280916,0.9964852866382529,16
1.1192856388645727,657448,245,1825,4282,0.9935290828585677,0.11835748792270531,0.0064709171414323065,0.8816425120772947,0.9996274857722371,0.9935290828585677,0.9965689547628016,16
1.1208231191377382,657540,246,1824,4190,0.9936681123721155,0.11884057971014493,0.0063318876278844844,0.881159420289855,0.9996260181882861,0.9936681123721155,0.9966381612651911,16
1.1223605994109038,657648,247,1823,4082,0.9938313209314977,0.11932367149758454,0.006168679068502259,0.8806763285024155,0.999624560150176,0.9938313209314977,0.9967195225916453,16
1.1238980796840694,657750,247,1823,3980,0.9939854623486921,0.11932367149758454,0.006014537651307935,0.8806763285024155,0.9996246183493238,0.9939854623486921,0.9967970648475026,16
1.1254355599572352,657833,248,1822,3897,0.994110891148958,0.11980676328502415,0.005889108851041966,0.8801932367149758,0.9996231466947078,0.994110891148958,0.9968593988078596,16
1.1269730402304008,657929,249,1821,3801,0.9942559654239644,0.12028985507246377,0.005744034576035543,0.8797101449275362,0.9996216828882156,0.9942559654239644,0.9969316043239377,16
1.1285105205035664,658015,250,1820,3715,0.9943859277953244,0.12077294685990338,0.005614072204675623,0.8792270531400966,0.999620213743705,0.9943859277953244,0.9969962007431845,16
1.130048000776732,658100,255,1815,3630,0.9945143789763197,0.12318840579710146,0.005485621023680353,0.8768115942028986,0.9996126709753856,0.9945143789763197,0.9970570076926866,16
1.1315854810498975,658189,256,1814,3541,0.9946488749187735,0.12367149758454106,0.005351125081226482,0.8763285024154589,0.9996112051879807,0.9946488749187735,0.9971238661541084,16
1.1331229613230633,658283,258,1812,3447,0.9947909268130506,0.1246376811594203,0.00520907318694936,0.8753623188405797,0.9996082248485667,0.9947909268130506,0.9971937579481788,16
1.134660441596229,658362,263,1807,3368,0.994910310851858,0.12705314009661836,0.005089689148141991,0.8729468599033816,0.9996006832416018,0.994910310851858,0.9972499820124133,16
1.1361979218693945,658439,264,1806,3291,0.995026672509936,0.12753623188405797,0.004973327490063923,0.8724637681159421,0.9995992123916242,0.995026672509936,0.9973077013373643,16
1.13773540214256,658517,266,1804,3213,0.9951445453583788,0.1285024154589372,0.004855454641621205,0.8714975845410629,0.9995962251606371,0.9951445453583788,0.9973654178338267,16
1.1392728824157257,658592,267,1803,3138,0.9952578846357275,0.1289855072463768,0.004742115364272438,0.8710144927536232,0.9995947539610144,0.9952578846357275,0.9974216050565315,16
1.1408103626888915,658669,271,1799,3061,0.9953742462938057,0.13091787439613525,0.004625753706194369,0.8690821256038648,0.9995887334203417,0.9953742462938057,0.9974770381700199,16
1.142347842962057,658743,272,1798,2987,0.9954860743807897,0.13140096618357489,0.004513925619210252,0.8685990338164251,0.999587262808889,0.9954860743807897,0.9975324532744776,16
1.1438853232352226,658802,274,1796,2928,0.9955752346123041,0.1323671497584541,0.004424765387695888,0.8676328502415459,0.9995842664578896,0.9955752346123041,0.9975757227026528,16
1.1454228035083882,658875,275,1795,2855,0.9956855515089236,0.13285024154589373,0.004314448491076421,0.8671497584541062,0.999582796025184,0.9956855515089236,0.9976303676336988,16
1.1469602837815538,658935,276,1794,2795,0.9957762229308026,0.13333333333333333,0.004223777069197407,0.8666666666666667,0.999581317666119,0.9957762229308026,0.9976751421903021,16
1.1484977640547194,659007,278,1792,2723,0.9958850286370574,0.13429951690821257,0.00411497136294259,0.8657004830917875,0.9995783310707812,0.9958850286370574,0.9977282619803711,16
1.1500352443278852,659084,286,1784,2646,0.9960013902951355,0.13816425120772946,0.003998609704864522,0.8618357487922705,0.999566252635091,0.9960013902951355,0.9977806373476649,16
1.1515727246010508,659148,289,1781,2582,0.9960981064784731,0.1396135265700483,0.0039018935215269068,0.8603864734299517,0.9995617473693469,0.9960981064784731,0.9978269211992126,16
1.1531102048742163,659223,289,1781,2507,0.9962114457558219,0.1396135265700483,0.003788554244178139,0.8603864734299517,0.9995617972076323,0.9962114457558219,0.9978838093248626,16
1.154647685147382,659281,289,1781,2449,0.9962990947969715,0.1396135265700483,0.0037009052030284257,0.8603864734299517,0.999561835741468,0.9962990947969715,0.9979277983803829,16
1.1561851654205475,659345,289,1781,2385,0.9963958109803092,0.1396135265700483,0.0036041890196908104,0.8603864734299517,0.9995618782536982,0.9963958109803092,0.9979763335462446,16
1.1577226456937133,659403,291,1779,2327,0.9964834600214589,0.14057971014492754,0.0035165399785410966,0.8594202898550725,0.9995588863927821,0.9964834600214589,0.9980188039569435,16
1.1592601259668789,659468,295,1775,2262,0.9965816873951612,0.14251207729468598,0.0034183126048388315,0.857487922705314,0.9995528697426197,0.9965816873951612,0.9980650673140152,16
1.1607976062400445,659528,297,1773,2202,0.9966723588170402,0.14347826086956522,0.0033276411829598175,0.8565217391304348,0.9995498806501724,0.9966723588170402,0.9981090457831872,16
1.16233508651321,659575,302,1768,2155,0.9967433847641788,0.14589371980676327,0.003256615235821256,0.8541062801932368,0.9995423389510469,0.9967433847641788,0.9981408996774381,16
1.1638725667863756,659621,306,1764,2109,0.9968128995209526,0.14782608695652175,0.0031871004790473456,0.8521739130434782,0.9995363123496993,0.9968128995209526,0.9981727483000505,16
1.1654100470595412,659678,309,1761,2052,0.9968990373717377,0.1492753623188406,0.003100962628262282,0.8507246376811595,0.9995318089598735,0.9968990373717377,0.9982136871962758,16
1.166947527332707,659734,310,1760,1996,0.9969836640321581,0.1497584541062802,0.003016335967841869,0.8502415458937198,0.999530334341347,0.9969836640321581,0.9982553749733314,16
1.1684850076058726,659781,317,1753,1949,0.9970546899792967,0.15314009661835748,0.002945310020703308,0.8468599033816425,0.9995197682768316,0.9970546899792967,0.9982857073688861,16
1.1700224878790382,659822,318,1752,1908,0.9971166487842473,0.1536231884057971,0.0028833512157526485,0.8463768115942029,0.9995182840003636,0.9971166487842473,0.9983160219991376,16
1.1715599681522038,659877,319,1751,1853,0.9971997642543031,0.15410628019323672,0.0028002357456968856,0.8458937198067633,0.9995168101594072,0.9971997642543031,0.9983569428243335,16
1.1730974484253693,659921,321,1749,1809,0.9972662566303477,0.15507246376811595,0.0027337433696522752,0.8449275362318841,0.9995138146316048,0.9972662566303477,0.9983887707152648,16
1.1746349286985351,659958,322,1748,1772,0.9973221706738398,0.15555555555555556,0.0026778293261602165,0.8444444444444444,0.999512328103229,0.9973221706738398,0.9984160482901037,16
1.1761724089717007,659995,323,1747,1735,0.9973780847173318,0.15603864734299516,0.002621915282668158,0.8439613526570048,0.9995108417459466,0.9973780847173318,0.9984433242968486,16
1.1777098892448663,660031,326,1744,1699,0.9974324875704592,0.157487922705314,0.0025675124295407494,0.842512077294686,0.9995063276379291,0.9974324875704592,0.9984683307528172,16
1.1792473695180319,660073,330,1740,1657,0.9974959575657746,0.15942028985507245,0.002504042434225439,0.8405797101449275,0.9995003051167242,0.9974959575657746,0.9984971254782992,16
1.1807848497911975,660113,335,1735,1617,0.9975564051803606,0.16183574879227053,0.00244359481963943,0.8381642512077294,0.9994927685449877,0.9975564051803606,0.998523648101844,16
1.182322330064363,660151,340,1730,1579,0.9976138304142173,0.1642512077294686,0.002386169585782721,0.8357487922705314,0.999485231441458,0.9976138304142173,0.9985486541206047,16
1.1838598103375289,660188,341,1729,1542,0.9976697444577093,0.1647342995169082,0.0023302555422906623,0.8352657004830918,0.9994837471178404,0.9976697444577093,0.9985759219638514,16
1.1853972906106944,660234,343,1727,1496,0.9977392592144833,0.16570048309178745,0.0022607407855167517,0.8342995169082126,0.9994807569745844,0.9977392592144833,0.9986092488355579,16
1.18693477088386,660265,344,1726,1465,0.9977861061157874,0.16618357487922705,0.0022138938842125944,0.8338164251207729,0.9994792683720628,0.9977861061157874,0.9986319695630244,16
1.1884722511570256,660309,346,1724,1421,0.997852598491832,0.1671497584541063,0.002147401508167984,0.8328502415458937,0.9994762773308308,0.997852598491832,0.9986637779466646,16
1.1900097314301912,660342,348,1722,1388,0.9979024677738655,0.1681159420289855,0.002097532226134526,0.8318840579710145,0.9994732779367025,0.9979024677738655,0.9986872551836784,16
1.191547211703357,660374,352,1718,1356,0.9979508258655343,0.17004830917874397,0.0020491741344657185,0.8299516908212561,0.9994672526887091,0.9979508258655343,0.9987084636464275,16
1.1930846919765226,660408,356,1714,1322,0.9980022063379324,0.17198067632850242,0.0019977936620676107,0.8280193236714976,0.9994612297280118,0.9980022063379324,0.9987311851698382,16
1.1946221722496881,660446,359,1711,1284,0.9980596315717891,0.17342995169082126,0.0019403684282109017,0.8265700483091788,0.9994567232390796,0.9980596315717891,0.9987576888324317,16
1.1961596525228537,660478,363,1707,1252,0.9981079896634579,0.1753623188405797,0.0018920103365420943,0.8246376811594203,0.9994506999414382,0.9981079896634579,0.998778893533882,16
1.1976971327960193,660512,369,1701,1218,0.998159370135856,0.1782608695652174,0.0018406298641439863,0.8217391304347826,0.9994416543976904,0.998159370135856,0.9988001007098838,16
1.1992346130691849,660543,372,1698,1187,0.9982062170371602,0.17971014492753623,0.001793782962839829,0.8202898550724638,0.9994371439595107,0.9982062170371602,0.9988213012561951,16
1.2007720933423507,660572,378,1692,1158,0.998250041557735,0.1826086956521739,0.001749958442264972,0.8173913043478261,0.9994280959225358,0.998250041557735,0.998838721383857,16
1.2023095736155163,660598,381,1689,1132,0.998289332507216,0.18405797101449275,0.001710667492784066,0.8159420289855073,0.999423582292327,0.998289332507216,0.9988561354009082,16
1.2038470538886819,660627,387,1683,1103,0.9983331570277908,0.18695652173913044,0.0016668429722092092,0.8130434782608695,0.9994145358494676,0.9983331570277908,0.9988735537639937,16
1.2053845341618474,660654,396,1674,1076,0.9983739591676364,0.19130434782608696,0.0016260408323636529,0.808695652173913,0.9994009530292716,0.9983739591676364,0.9988871921256747,16
1.206922014435013,660675,399,1671,1055,0.998405694165294,0.1927536231884058,0.001594305834705998,0.8072463768115942,0.9993964367075395,0.998405694165294,0.9989008197737533,16
1.2084594947081788,660694,401,1669,1036,0.9984344067822224,0.193719806763285,0.0015655932177776435,0.806280193236715,0.9993934305962078,0.9984344067822224,0.9989136885075501,16
1.2099969749813444,660720,404,1666,1010,0.9984736977317032,0.19516908212560385,0.0015263022682967373,0.8048309178743961,0.9993889194765279,0.9984736977317032,0.9989310989723733,16
1.21153445525451,660743,407,1663,987,0.9985084551100902,0.1966183574879227,0.001491544889909782,0.8033816425120773,0.9993844059593133,0.9985084551100902,0.9989462385099178,16
1.2130719355276756,660767,415,1655,963,0.9985447236788418,0.20048309178743962,0.0014552763211581764,0.7995169082125604,0.9993723362099997,0.9985447236788418,0.9989583585302726,16
1.2146094158008411,660792,424,1646,938,0.9985825034379581,0.20483091787439614,0.0014174965620419205,0.7951690821256039,0.9993587571988579,0.9985825034379581,0.9989704795207061,16
1.2161468960740067,660823,429,1641,907,0.9986293503392623,0.2072463768115942,0.0013706496607377632,0.7927536231884058,0.9993512306957105,0.9986293503392623,0.9989901601079986,16
1.2176843763471725,660839,435,1635,891,0.9986535293850967,0.21014492753623187,0.0013464706149033594,0.7898550724637681,0.9993421788850008,0.9986535293850967,0.9989977354565822,16
1.219221856620338,660868,440,1630,862,0.9986973539056715,0.21256038647342995,0.0013026460943285027,0.7874396135265701,0.9993346519322313,0.9986973539056715,0.999015901281747,16
1.2207593368935037,660891,449,1621,839,0.9987321112840585,0.21690821256038648,0.0012678887159415472,0.7830917874396135,0.9993210753923851,0.9987321112840585,0.9990265065340457,16
1.2222968171666693,660904,457,1613,826,0.9987517567587989,0.22077294685990337,0.001248243241201094,0.7792270531400967,0.9993090006819271,0.9987517567587989,0.9990303010148206,16
1.2238342974398349,660925,467,1603,805,0.9987834917564565,0.22560386473429953,0.0012165082435434391,0.7743961352657005,0.9992939134431623,0.9987834917564565,0.9990386374045628,16
1.2253717777130007,660940,472,1598,790,0.9988061596119263,0.22801932367149758,0.0011938403880736856,0.7719806763285024,0.9992863752094004,0.9988061596119263,0.9990462097038715,16
1.2269092579861662,660959,477,1593,771,0.9988348722288547,0.23043478260869565,0.0011651277711453311,0.7695652173913043,0.9992788417927055,0.9988348722288547,0.9990568076870174,16
1.2284467382593318,660975,486,1584,755,0.9988590512746891,0.23478260869565218,0.0011409487253109273,0.7652173913043478,0.9992652628046098,0.9988590512746891,0.9990621157489736,16
1.2299842185324974,660998,498,1572,732,0.998893808653076,0.24057971014492754,0.001106191346923972,0.7594202898550725,0.9992471609805653,0.998893808653076,0.9990704535733126,16
1.231521698805663,661012,506,1564,718,0.9989149653181811,0.24444444444444444,0.0010850346818188686,0.7555555555555555,0.9992350926203066,0.9989149653181811,0.9990750033251515,16
1.2330591790788286,661030,515,1555,700,0.9989421667447448,0.24879227053140096,0.0010578332552551644,0.751207729468599,0.9992215193221927,0.9989421667447448,0.999081823506074,16
1.2345966593519944,661041,524,1546,689,0.998958789838756,0.2531400966183575,0.001041210161244012,0.7468599033816425,0.9992079387512943,0.998958789838756,0.9990833487619918,16
1.23613413962516,661055,531,1539,675,0.9989799465038611,0.2565217391304348,0.0010200534961389085,0.7434782608695653,0.9991973832578077,0.9989799465038611,0.9990886530503675,16
1.2376716198983255,661075,533,1537,655,0.9990101703111541,0.257487922705314,0.000989829688845904,0.7425120772946859,0.9991943870086214,0.9990101703111541,0.9991022701683169,16
1.239209100171491,661094,540,1530,636,0.9990388829280824,0.2608695652173913,0.0009611170719175494,0.7391304347826086,0.9991838387990943,0.9990388829280824,0.9991113556058651,16
1.2407465804446567,661109,545,1525,621,0.9990615507835522,0.2632850241545894,0.0009384492164477959,0.7367149758454107,0.9991763066496991,0.9990615507835522,0.9991189254214952,16
1.2422840607178225,661123,553,1517,607,0.9990827074486573,0.26714975845410627,0.0009172925513426926,0.7328502415458937,0.9991642435270435,0.9990827074486573,0.9991234738243593,16
1.243821540990988,661142,559,1511,588,0.9991114200655856,0.27004830917874395,0.0008885799344143381,0.729951690821256,0.999155207563537,0.9991114200655856,0.9991333133348094,16
1.2453590212641537,661156,571,1499,574,0.9991325767306908,0.2758454106280193,0.0008674232693092348,0.7241545893719806,0.9991371063897951,0.9991325767306908,0.999134841555109,16
1.2468965015373192,661164,579,1491,566,0.999144666253608,0.2797101449275362,0.000855333746392033,0.7202898550724638,0.999125037967912,0.999144666253608,0.9991348520143593,16
1.2484339818104848,661176,586,1484,554,0.9991628005379838,0.28309178743961355,0.0008371994620162302,0.7169082125603865,0.9991144852681175,0.9991628005379838,0.9991386423189562,16
1.2499714620836504,661192,596,1474,538,0.9991869795838182,0.28792270531400965,0.0008130204161818264,0.7120772946859903,0.9990994094785641,0.9991869795838182,0.9991431926124162,16
1.2515089423568162,661203,603,1467,527,0.9992036026778294,0.29130434782608694,0.0007963973221706738,0.7086956521739131,0.9990888568553322,0.9992036026778294,0.9991462264721171,16
1.2530464226299818,661222,614,1456,508,0.9992323152947576,0.2966183574879227,0.0007676847052423193,0.7033816425120772,0.9990722777243909,0.9992323152947576,0.9991522901011359,16
1.2545839029031474,661233,621,1449,497,0.9992489383887688,0.3,0.0007510616112311668,0.7,0.9990617266043569,0.9992489383887688,0.9991553237270926,16
1.256121383176313,661242,631,1439,488,0.9992625391020507,0.30483091787439615,0.0007374608979493146,0.6951690821256039,0.9990466449001546,0.9992625391020507,0.9991545803386664,16
1.2576588634494785,661250,639,1431,480,0.9992746286249679,0.30869565217391304,0.0007253713750321128,0.691304347826087,0.9990345813270806,0.9992746286249679,0.999154590558159,16
1.2591963437226443,661261,648,1422,469,0.999291251718979,0.3130434782608696,0.0007087482810209602,0.6869565217391305,0.9990210134625757,0.999291251718979,0.9991561143181789,16
1.26073382399581,661273,658,1412,457,0.9993093860033548,0.3178743961352657,0.0006906139966451574,0.6821256038647343,0.9990059386854521,0.9993093860033548,0.9991576393049278,16
1.2622713042689755,661281,668,1402,449,0.999321475526272,0.32270531400966185,0.0006785244737279555,0.6772946859903382,0.9989908588123858,0.999321475526272,0.9991561398193972,16
1.263808784542141,661293,680,1390,437,0.9993396098106478,0.3285024154589372,0.0006603901893521527,0.6714975845410628,0.9989727677714952,0.9993396098106478,0.9991561551193885,16
1.2653462648153067,661302,692,1378,428,0.9993532105239297,0.3342995169082126,0.0006467894760703005,0.6657004830917874,0.9989546733051962,0.9993532105239297,0.9991539021729605,16
1.2668837450884722,661312,702,1368,418,0.9993683224275762,0.3391304347826087,0.0006316775724237982,0.6608695652173913,0.9989395994646639,0.9993683224275762,0.9991539149563662,16
1.268421225361638,661317,707,1363,413,0.9993758783793995,0.34154589371980676,0.000624121620600547,0.6584541062801932,0.9989320628859377,0.9993758783793995,0.9991539213479241,16
1.2699587056348036,661330,722,1348,400,0.9993955238541399,0.34879227053140094,0.000604476145860094,0.6512077294685991,0.9989094512213542,0.9993955238541399,0.9991524284209937,16
1.2714961859079692,661338,733,1337,392,0.9994076133770571,0.3541062801932367,0.0005923866229428921,0.6458937198067632,0.9988928679854577,0.9994076133770571,0.9991501743842164,16
1.2730336661811348,661348,744,1326,382,0.9994227252807036,0.35942028985507246,0.0005772747192963897,0.6405797101449275,0.9988762890957752,0.9994227252807036,0.9991494324765716,16
1.2745711464543004,661354,757,1313,376,0.9994317924228915,0.36570048309178743,0.0005682075771084883,0.6342995169082125,0.9988566871717884,0.9994317924228915,0.999144157040007,16
1.2761086267274662,661358,764,1306,372,0.9994378371843501,0.3690821256038647,0.0005621628156498874,0.6309178743961352,0.9988461340961333,0.9994378371843501,0.9991418980369406,16
1.2776461070006317,661369,777,1293,361,0.9994544602783613,0.3753623188405797,0.0005455397216387348,0.6246376811594203,0.9988265427866362,0.9994544602783613,0.9991404028776109,16
1.2791835872737973,661380,786,1284,350,0.9994710833723724,0.37971014492753624,0.0005289166276275822,0.6202898550724638,0.9988129864716703,0.9994710833723724,0.9991419265561646,16
1.280721067546963,661394,798,1272,336,0.9994922400374775,0.3855072463768116,0.0005077599625224789,0.6144927536231884,0.998794911445623,0.9994922400374775,0.9991434540705569,16
1.2822585478201285,661400,808,1262,330,0.9995013071796655,0.3903381642512077,0.0004986928203345775,0.6096618357487923,0.9987798395670242,0.9995013071796655,0.9991404431325335,16
1.283796028093294,661405,822,1248,325,0.9995088631314887,0.39710144927536234,0.0004911368685113264,0.6028985507246377,0.9987587337876589,0.9995088631314887,0.9991336576641083,16
1.2853335083664599,661410,834,1236,320,0.9995164190833119,0.4028985507246377,0.0004835809166880752,0.5971014492753624,0.9987406454418614,0.9995164190833119,0.9991283816751688,16
1.2868709886396255,661419,844,1226,311,0.9995300197965937,0.4077294685990338,0.00046998020340622307,0.5922705314009662,0.9987255818307832,0.9995300197965937,0.9991276388923507,16
1.288408468912791,661425,854,1216,305,0.9995390869387817,0.41256038647342996,0.00046091306121832167,0.58743961352657,0.9987105132429082,0.9995390869387817,0.9991246283069073,16
1.2899459491859566,661430,873,1197,300,0.9995466428906049,0.4217391304347826,0.0004533571093950705,0.5782608695652174,0.9986818721944488,0.9995466428906049,0.9991140704196949,16
1.2914834294591222,661438,879,1191,292,0.9995587324135221,0.4246376811594203,0.0004412675864778686,0.5753623188405798,0.9986728409507833,0.9995587324135221,0.9991155903075949,16
1.293020909732288,661447,888,1182,283,0.9995723331268039,0.4289855072463768,0.0004276668731960165,0.5710144927536231,0.9986592887285135,0.9995723331268039,0.9991156023307012,16
1.2945583900054536,661452,897,1173,278,0.9995798890786273,0.43333333333333335,0.0004201109213727653,0.5666666666666667,0.9986457290642848,0.9995798890786273,0.9991125907139982,16
1.2960958702786192,661457,910,1160,273,0.9995874450304505,0.4396135265700483,0.00041255496954951417,0.5603864734299517,0.9986261392853206,0.9995874450304505,0.9991065609241618,16
1.2976333505517847,661464,918,1152,266,0.9995980233630031,0.4434782608695652,0.0004019766369969625,0.5565217391304348,0.9986140927742602,0.9995980233630031,0.9991058158222266,16
1.2991708308249503,661469,928,1142,261,0.9996055793148263,0.44830917874396137,0.0003944206851737113,0.5516908212560386,0.9985990274714408,0.9996055793148263,0.9991020498789013,16
1.300708311098116,661475,947,1123,255,0.9996146464570141,0.457487922705314,0.0003853535429858099,0.542512077294686,0.9985703977222978,0.9996146464570141,0.9990922492281852,16
1.3022457913712817,661477,957,1113,253,0.9996176688377435,0.4623188405797101,0.00038233116225650947,0.5376811594202898,0.9985553277760502,0.9996176688377435,0.9990862159067911,16
1.3037832716444473,661482,973,1097,248,0.9996252247895667,0.47004830917874396,0.00037477521043325826,0.529951690821256,0.9985312209885955,0.9996252247895667,0.9990779234019416,16
1.3053207519176129,661484,982,1088,246,0.9996282471702961,0.47439613526570046,0.0003717528297039578,0.5256038647342995,0.9985176597742375,0.9996282471702961,0.9990726448350546,16
1.3068582321907785,661485,987,1083,245,0.9996297583606607,0.47681159420289854,0.00037024163933930756,0.5231884057971015,0.9985101257109734,0.9996297583606607,0.9990696283497532,16
1.308395712463944,661491,999,1071,239,0.9996388255028485,0.4826086956521739,0.00036117449715140616,0.5173913043478261,0.9984920527102296,0.9996388255028485,0.9990651100270348,16
1.3099331927371098,661497,1011,1059,233,0.9996478926450365,0.48840579710144927,0.00035210735496350477,0.5115942028985507,0.9984739806915539,0.9996478926450365,0.9990605918271489,16
1.3114706730102754,661500,1017,1053,230,0.9996524262161305,0.49130434782608695,0.00034757378386955407,0.508695652173913,0.9984649450504667,0.9996524262161305,0.9990583327732667,16
1.313008153283441,661504,1030,1040,226,0.9996584709775891,0.4975845410628019,0.0003415290224109531,0.5024154589371981,0.9984453628040222,0.9996584709775891,0.9990515486338072,16
1.3145456335566066,661510,1042,1028,220,0.9996675381197769,0.5033816425120773,0.0003324618802230517,0.4966183574879227,0.9984272932539635,0.9996675381197769,0.9990470307683711,16
1.3160831138297722,661514,1051,1019,216,0.9996735828812355,0.5077294685990338,0.00032641711876445076,0.49227053140096616,0.9984137405386642,0.9996735828812355,0.9990432645294288,16
1.317620594102938,661521,1058,1012,209,0.9996841612137881,0.5111111111111111,0.0003158387862118991,0.4888888888888889,0.9984032092776861,0.9996841612137881,0.9990432746436065,16
1.3191580743761036,661526,1075,995,204,0.9996917171656113,0.5193236714975845,0.00030828283438864796,0.4806763285024155,0.998377605829149,0.9996917171656113,0.9990342293580683,16
1.3206955546492691,661530,1085,985,200,0.9996977619270699,0.5241545893719807,0.000302238072930047,0.4758454106280193,0.998362548387827,0.9996977619270699,0.9990297090259713,16
1.3222330349224347,661536,1094,976,194,0.9997068290692579,0.5285024154589372,0.0002931709307421456,0.4714975845410628,0.9983490032144636,0.9997068290692579,0.9990274547706063,16
1.3237705151956003,661536,1104,966,194,0.9997068290692579,0.5333333333333333,0.0002931709307421456,0.4666666666666667,0.9983339369793554,0.9997068290692579,0.9990199113540779,16
1.3253079954687659,661538,1111,959,192,0.9997098514499871,0.5367149758454106,0.0002901485500128451,0.4632850241545894,0.9983233959456665,0.9997098514499871,0.9990161426600693,16
1.3268454757419317,661540,1124,946,190,0.9997128738307165,0.5429951690821256,0.00028712616928354466,0.4570048309178744,0.9983038161119361,0.9997128738307165,0.9990078481177052,16
1.3283829560150973,661542,1139,931,188,0.9997158962114457,0.5502415458937198,0.00028410378855424416,0.4497584541062802,0.9982812242994744,0.9997158962114457,0.998998045168758,16
1.3299204362882628,661546,1147,923,184,0.9997219409729043,0.5541062801932367,0.00027805902709564326,0.4458937198067633,0.9982691834680614,0.9997219409729043,0.9989950340638905,16
1.3314579165614284,661553,1154,916,177,0.9997325193054569,0.557487922705314,0.0002674806945430916,0.442512077294686,0.9982586572950036,0.9997325193054569,0.9989950446869121,16
1.332995396834594,661557,1168,902,173,0.9997385640669155,0.5642512077294686,0.00026143593308449066,0.4357487922705314,0.9982375796899167,0.9997385640669155,0.9989875080693569,16
1.3345328771077598,661559,1179,891,171,0.9997415864476448,0.5695652173913044,0.00025841355235519016,0.43043478260869567,0.9982210164499395,0.9997415864476448,0.9989807228260705,16
1.3360703573809254,661562,1184,886,168,0.9997461200187387,0.5719806763285025,0.00025387998126123946,0.4280193236714976,0.9982134935556005,0.9997461200187387,0.9989792189514949,16
1.337607837654091,661569,1187,883,161,0.9997566983512913,0.5734299516908212,0.00024330164870868783,0.4265700483091787,0.9982089939585609,0.9997566983512913,0.9989822466979643,16
1.3391453179272566,661573,1190,880,157,0.9997627431127499,0.5748792270531401,0.00023725688725008688,0.4251207729468599,0.9982044863699392,0.9997627431127499,0.9989830070827102,16
1.3406827982004221,661577,1195,875,153,0.9997687878742085,0.5772946859903382,0.00023121212579148596,0.4227053140096618,0.9981969666793407,0.9997687878742085,0.9989822589924364,16
1.3422202784735877,661579,1206,864,151,0.9997718102549378,0.5826086956521739,0.00022818974506218548,0.41739130434782606,0.9981804054105027,0.9997718102549378,0.9989754740414416,16
1.3437577587467535,661582,1213,857,148,0.9997763438260318,0.5859903381642512,0.00022365617396823478,0.4140096618357488,0.9981698715289041,0.9997763438260318,0.9989724618259376,16
1.345295239019919,661590,1223,847,140,0.999788433348949,0.5908212560386473,0.0002115666510510329,0.4091787439613527,0.9981548340180413,0.999788433348949,0.9989709658350088,16
1.3468327192930847,661594,1227,843,136,0.9997944781104076,0.5927536231884057,0.00020552188959243196,0.4072463768115942,0.9981488214766883,0.9997944781104076,0.9989709720501514,16
1.3483701995662503,661595,1234,836,135,0.9997959893007722,0.5961352657004831,0.00020401069922778173,0.4038647342995169,0.9981382830262405,0.9997959893007722,0.9989664484556745,16
1.3499076798394158,661598,1241,829,132,0.9998005228718662,0.5995169082125604,0.000199477128133831,0.4004830917874396,0.9981277504793773,0.9998005228718662,0.9989634364083714,16
1.3514451601125816,661602,1248,822,128,0.9998065676333248,0.6028985507246377,0.00019343236667523008,0.39710144927536234,0.9981172210907445,0.9998065676333248,0.9989611801476694,16
1.3529826403857472,661603,1254,816,127,0.9998080788236894,0.6057971014492753,0.00019192117631057983,0.39420289855072466,0.9981081892474546,0.9998080788236894,0.9989574108759938,16
1.3545201206589128,661604,1266,804,126,0.9998095900140541,0.6115942028985507,0.0001904099859459296,0.3884057971014493,0.9980901232519197,0.9998095900140541,0.99894911671448,16
1.3560576009320784,661605,1275,795,125,0.9998111012044187,0.6159420289855072,0.00018889879558127938,0.38405797101449274,0.9980765749456916,0.9998111012044187,0.9989430851344925,16
1.357595081205244,661608,1283,787,122,0.9998156347755127,0.6198067632850242,0.00018436522448732866,0.38019323671497585,0.9980645385138733,0.9998156347755127,0.9989393192467884,16
1.3591325614784096,661610,1293,777,120,0.999818657156242,0.6246376811594203,0.0001813428437580282,0.3753623188405797,0.9980494883866871,0.999818657156242,0.9989332894469638,16
1.3606700417515754,661612,1301,769,118,0.9998216795369713,0.6285024154589371,0.00017832046302872773,0.3714975845410628,0.9980374498614448,0.9998216795369713,0.9989287679774854,16
1.362207522024741,661615,1314,756,115,0.9998262131080652,0.6347826086956522,0.00017378689193477703,0.3652173913043478,0.9980178872850637,0.9998262131080652,0.9989212318038077,16
1.3637450022979065,661621,1326,744,109,0.9998352802502531,0.6405797101449275,0.0001647197497468756,0.35942028985507246,0.9979998401078819,0.9998352802502531,0.9989167170563088,16
1.365282482571072,661626,1340,730,104,0.9998428362020764,0.6473429951690821,0.00015716379792362443,0.3526570048309179,0.9979787802089398,0.9998428362020764,0.9989099385821352,16
1.3668199628442377,661627,1349,721,103,0.999844347392441,0.6516908212560386,0.0001556526075589742,0.34830917874396133,0.9979652355439714,0.999844347392441,0.9989039077349993,16
1.3683574431174035,661627,1360,710,103,0.999844347392441,0.6570048309178744,0.0001556526075589742,0.34299516908212563,0.9979486777267126,0.999844347392441,0.9988956131762481,16
1.369894923390569,661628,1368,702,102,0.9998458585828057,0.6608695652173913,0.00015414141719432398,0.3391304347826087,0.9979366391350777,0.9998458585828057,0.998890336567713,16
1.3714324036637346,661630,1380,690,100,0.999848880963535,0.6666666666666666,0.0001511190364650235,0.3333333333333333,0.9979185834301142,0.999848880963535,0.9988827996437036,16
1.3729698839369002,661634,1390,680,96,0.9998549257249936,0.6714975845410628,0.00014507427500642256,0.3285024154589372,0.9979035449697146,0.9998549257249936,0.9988782823075076,16
1.3745073642100658,661635,1399,671,95,0.9998564369153582,0.6758454106280193,0.00014356308464177233,0.32415458937198066,0.9978900026242998,0.9998564369153582,0.9988722519633685,16
1.3760448444832314,661638,1410,660,92,0.9998609704864522,0.6811594202898551,0.00013902951354782163,0.3188405797101449,0.997873457125276,0.9998609704864522,0.9988662251335695,16
1.3775823247563972,661641,1421,649,89,0.9998655040575462,0.6864734299516908,0.0001344959424538709,0.3135265700483092,0.997856912324941,0.9998655040575462,0.9988601984311499,16
1.3791198050295628,661645,1436,634,85,0.9998715488190048,0.693719806763285,0.00012845118099526998,0.30628019323671496,0.9978343520625685,0.9998715488190048,0.9988519117066511,16
1.3806572853027284,661645,1453,617,85,0.9998715488190048,0.7019323671497585,0.00012845118099526998,0.29806763285024157,0.9978087703476711,0.9998715488190048,0.9988390945843536,16
1.382194765575894,661647,1462,608,83,0.999874571199734,0.706280193236715,0.0001254288002659695,0.293719806763285,0.9977952342676695,0.999874571199734,0.9988338205623475,16
1.3837322458490595,661647,1470,600,83,0.999874571199734,0.7101449275362319,0.0001254288002659695,0.2898550724637681,0.9977831966304589,0.999874571199734,0.9988277891711268,16
1.3852697261222253,661650,1480,590,80,0.999879104770828,0.714975845410628,0.0001208952291720188,0.28502415458937197,0.9977681600892736,0.999879104770828,0.998822517096146,16
1.386807206395391,661652,1484,586,78,0.9998821271515573,0.7169082125603865,0.00011787284844271833,0.28309178743961355,0.9977621483375959,0.9998821271515573,0.9988210128420535,16
1.3883446866685565,661654,1494,576,76,0.9998851495322866,0.7217391304347827,0.00011485046771341785,0.2782608695652174,0.9977471092425824,0.9998851495322866,0.9988149852288286,16
1.389882166941722,661658,1502,568,72,0.9998911942937452,0.7256038647342995,0.00010880570625481692,0.2743961352657005,0.9977350865552808,0.9998911942937452,0.9988119768433606,16
1.3914196472148876,661662,1510,560,68,0.9998972390552038,0.7294685990338164,0.00010276094479621598,0.27053140096618356,0.9977230643030768,0.9998972390552038,0.998808968512388,16
1.3929571274880532,661663,1528,542,67,0.9998987502455684,0.7381642512077294,0.00010124975443156574,0.2618357487922705,0.9976959880336133,0.9998987502455684,0.9987961546386539,16
1.394494607761219,661664,1541,529,66,0.9999002614359331,0.7444444444444445,9.97385640669155e-05,0.25555555555555554,0.9976764348881567,0.9999002614359331,0.9987871103110718,16
1.3960320880343846,661665,1549,521,65,0.9999017726262978,0.7483091787439613,9.822737370226528e-05,0.25169082125603864,0.9976644039480469,0.9999017726262978,0.9987818353077564,16
1.3975695683075502,661669,1559,511,61,0.9999078173877564,0.7531400966183575,9.218261224366433e-05,0.24685990338164251,0.9976493754787192,0.9999078173877564,0.9987773197339085,16
1.3991070485807158,661670,1572,498,60,0.999909328578121,0.7594202898550725,9.06714218790141e-05,0.24057971014492754,0.9976298244079839,0.999909328578121,0.998768275857905,16
1.4006445288538814,661673,1580,490,57,0.999913862149215,0.7632850241545893,8.613785078506339e-05,0.23671497584541062,0.9976178019549101,0.999913862149215,0.9987645124503485,16
1.4021820091270472,661673,1592,478,57,0.999913862149215,0.7690821256038647,8.613785078506339e-05,0.23091787439613526,0.9975997527383474,0.999913862149215,0.9987554670017624,16
1.4037194894002127,661675,1604,466,55,0.9999168845299442,0.77487922705314,8.311547005576293e-05,0.2251207729468599,0.9975817114668186,0.9999168845299442,0.9987479330329077,16
1.4052569696733783,661675,1614,456,55,0.9999168845299442,0.7797101449275362,8.311547005576293e-05,0.22028985507246376,0.9975666715413644,0.9999168845299442,0.998740395420745,16
1.406794449946544,661675,1620,450,55,0.9999168845299442,0.782608695652174,8.311547005576293e-05,0.21739130434782608,0.9975576478037675,0.9999168845299442,0.9987358729080583,16
1.4083319302197095,661676,1632,438,54,0.9999183957203089,0.7884057971014493,8.160427969111269e-05,0.21159420289855072,0.9975396045276101,0.9999183957203089,0.9987275836617516,16
1.409869410492875,661679,1648,422,51,0.9999229292914028,0.7961352657004831,7.707070859716199e-05,0.2038647342995169,0.9975155541686076,0.9999229292914028,0.9987177910082358,16
1.4114068907660409,661680,1663,407,50,0.9999244404817675,0.8033816425120773,7.555951823251175e-05,0.1966183574879227,0.9974930013582717,0.9999244404817675,0.9987072410350223,16
1.4129443710392064,661680,1681,389,50,0.9999244404817675,0.8120772946859903,7.555951823251175e-05,0.18792270531400967,0.9974659348378937,0.9999244404817675,0.9986936746231013,16
1.414481851312372,661681,1695,375,49,0.9999259516721322,0.8188405797101449,7.404832786786152e-05,0.18115942028985507,0.9974448879670051,0.9999259516721322,0.9986838788745956,16
1.4160193315855376,661682,1704,366,48,0.9999274628624968,0.8231884057971014,7.253713750321128e-05,0.17681159420289855,0.997431359721188,0.9999274628624968,0.9986778515994071,16
1.4175568118587032,661683,1717,353,47,0.9999289740528614,0.8294685990338164,7.102594713856104e-05,0.17053140096618358,0.9974118179077479,0.9999289740528614,0.9986688098526181,16
1.419094292131869,661687,1726,344,43,0.99993501881432,0.8338164251207729,6.49811856799601e-05,0.16618357487922705,0.9973983024149361,0.99993501881432,0.9986650497342551,16
1.4206317724050346,661690,1732,338,40,0.999939552385414,0.8367149758454107,6.04476145860094e-05,0.16328502415458937,0.9973892936924009,0.999939552385414,0.998662794909565,16
1.4221692526782002,661691,1747,323,39,0.9999410635757786,0.8439613526570048,5.8936424221359165e-05,0.15603864734299516,0.9973667471564788,0.9999410635757786,0.9986522463566883,16
1.4237067329513657,661694,1762,308,36,0.9999455971468726,0.851207729468599,5.440285312740846e-05,0.14879227053140096,0.9973442097139825,0.9999455971468726,0.9986432093306148,16
1.4252442132245313,661694,1778,292,36,0.9999455971468726,0.8589371980676328,5.440285312740846e-05,0.14106280193236714,0.9973201581980852,0.9999455971468726,0.9986311520809656,16
1.426781693497697,661695,1786,284,35,0.9999471083372372,0.8628019323671497,5.289166276275823e-05,0.13719806763285025,0.9973081369323311,0.9999471083372372,0.9986258791996142,16
1.4283191737708627,661696,1794,276,34,0.999948619527602,0.8666666666666667,5.138047239810799e-05,0.13333333333333333,0.9972961159927053,0.999948619527602,0.9986206063898825,16
1.4298566540440283,661698,1802,268,32,0.9999516419083312,0.8705314009661835,4.835809166880752e-05,0.1294685990338164,0.9972840994724943,0.9999516419083312,0.9986160892826151,16
1.4313941343171939,661699,1815,255,31,0.9999531530986958,0.8768115942028986,4.684690130415728e-05,0.12318840579710146,0.9972645641237412,0.9999531530986958,0.9986070489660771,16
1.4329316145903594,661700,1828,242,30,0.9999546642890605,0.8830917874396135,4.533571093950705e-05,0.11690821256038647,0.9972450295993538,0.9999546642890605,0.9985980088405427,16
1.434469094863525,661702,1837,233,28,0.9999576866697898,0.8874396135265701,4.2313330210206576e-05,0.11256038647342995,0.9972315116368442,0.9999576866697898,0.9985927385308191,16
1.4360065751366908,661703,1851,219,27,0.9999591978601544,0.8942028985507247,4.0802139845556345e-05,0.10579710144927536,0.9972104757110951,0.9999591978601544,0.9985829452404165,16
1.4375440554098564,661707,1865,205,23,0.999965242621613,0.9009661835748792,3.475737838695541e-05,0.09903381642512077,0.9971894534428819,0.999965242621613,0.9985754190365668,16
1.439081535683022,661708,1876,194,22,0.9999667538119777,0.9062801932367149,3.324618802230517e-05,0.09371980676328502,0.9971729276173024,0.9999667538119777,0.998567886553677,16
1.4406190159561876,661708,1893,177,22,0.9999667538119777,0.9144927536231884,3.324618802230517e-05,0.08550724637681159,0.9971473822372179,0.9999667538119777,0.9985550779390204,16
1.4421564962293532,661708,1900,170,22,0.9999667538119777,0.9178743961352657,3.324618802230517e-05,0.0821256038647343,0.9971368639317187,0.9999667538119777,0.9985498038990809,16
1.4436939765025187,661710,1911,159,20,0.999969776192707,0.9231884057971015,3.02238072930047e-05,0.07681159420289856,0.9971203442929021,0.999969776192707,0.9985430274697042,16
1.4452314567756845,661713,1921,149,17,0.999974309763801,0.9280193236714975,2.5690236199053995e-05,0.07198067632850241,0.9971053321559775,0.999974309763801,0.9985377601926716,16
1.4467689370488501,661715,1930,140,15,0.9999773321445302,0.9323671497584541,2.2667855469753526e-05,0.06763285024154589,0.9970918186681133,0.9999773321445302,0.9985324908044892,16
1.4483064173220157,661716,1941,129,14,0.999978843334895,0.9376811594202898,2.1156665105103288e-05,0.06231884057971015,0.9970752964257139,0.999978843334895,0.9985249591251463,16
1.4498438975951813,661716,1948,122,14,0.999978843334895,0.9410628019323671,2.1156665105103288e-05,0.05893719806763285,0.9970647797680754,0.999978843334895,0.998519685467114,16
1.4513813778683469,661717,1951,119,13,0.9999803545252596,0.942512077294686,1.9645474740453054e-05,0.05748792270531401,0.997060277126515,0.9999803545252596,0.9985181809539474,16
1.4529188581415127,661717,1956,114,13,0.9999803545252596,0.9449275362318841,1.9645474740453054e-05,0.05507246376811594,0.9970527654432227,0.9999803545252596,0.998514414106502,16
1.4544563384146783,661719,1963,107,11,0.9999833769059888,0.9483091787439614,1.6623094011152585e-05,0.051690821256038647,0.9970422581899162,0.9999833769059888,0.9985106517822382,16
1.4559938186878438,661720,1972,98,10,0.9999848880963536,0.9526570048309179,1.511190364650235e-05,0.04734299516908213,0.9970287422479102,0.9999848880963536,0.9985046272055239,16
1.4575312989610094,661720,1977,93,10,0.9999848880963536,0.9550724637681159,1.511190364650235e-05,0.04492753623188406,0.9970212310738183,0.9999848880963536,0.998500860477416,16
1.459068779234175,661720,1982,88,10,0.9999848880963536,0.957487922705314,1.511190364650235e-05,0.04251207729468599,0.9970137200128973,0.9999848880963536,0.9984970937777268,16
1.4606062595073406,661721,1983,87,9,0.9999863992867182,0.9579710144927536,1.3600713281852115e-05,0.042028985507246375,0.9970122223159722,0.9999863992867182,0.9984970960455217,16
1.4621437397805064,661721,1986,84,9,0.9999863992867182,0.9594202898550724,1.3600713281852115e-05,0.04057971014492753,0.9970077157540903,0.9999863992867182,0.9984948360427542,16
1.463681220053672,661721,1993,77,9,0.9999863992867182,0.9628019323671497,1.3600713281852115e-05,0.03719806763285024,0.9969972006014639,0.9999863992867182,0.9984895627427489,16
1.4652187003268375,661722,1996,74,8,0.9999879104770828,0.9642512077294686,1.208952291720188e-05,0.035748792270531404,0.9969926987063783,0.9999879104770828,0.998488058377243,16
1.4667561806000031,661722,1999,71,8,0.9999879104770828,0.9657004830917875,1.208952291720188e-05,0.03429951690821256,0.9969881923278003,0.9999879104770828,0.9984857984188023,16
1.4682936608731687,661722,2001,69,8,0.9999879104770828,0.9666666666666667,1.208952291720188e-05,0.03333333333333333,0.9969851880980469,0.9999879104770828,0.9984842917855254,16
1.4698311411463345,661722,2005,65,8,0.9999879104770828,0.9685990338164251,1.208952291720188e-05,0.03140096618357488,0.9969791796928557,0.9999879104770828,0.9984812785326118,16
1.4713686214195,661722,2007,63,8,0.9999879104770828,0.9695652173913043,1.208952291720188e-05,0.030434782608695653,0.9969761755174175,0.9999879104770828,0.9984797719129751,16
1.4729061016926657,661722,2012,58,8,0.9999879104770828,0.9719806763285024,1.208952291720188e-05,0.028019323671497585,0.9969686651580302,0.9999879104770828,0.998476005383775,16
1.4744435819658313,661722,2016,54,8,0.9999879104770828,0.9739130434782609,1.208952291720188e-05,0.02608695652173913,0.99696265695199,0.9999879104770828,0.9984729921808749,16
1.4759810622389968,661722,2020,50,8,0.9999879104770828,0.9758454106280193,1.208952291720188e-05,0.024154589371980676,0.9969566488183662,0.9999879104770828,0.9984699789961613,16
1.4775185425121624,661723,2023,47,7,0.9999894216674474,0.9772946859903382,1.0578332552551644e-05,0.022705314009661835,0.9969521473575735,0.9999894216674474,0.998468474721534,16
1.4790560227853282,661723,2024,46,7,0.9999894216674474,0.9777777777777777,1.0578332552551644e-05,0.022222222222222223,0.9969506453513161,0.9999894216674474,0.9984677214316054,16
1.4805935030584938,661724,2025,45,6,0.9999909328578122,0.9782608695652174,9.06714218790141e-06,0.021739130434782608,0.9969491479459857,0.9999909328578122,0.9984677237436429,16
1.4821309833316594,661725,2028,42,5,0.9999924440481768,0.9797101449275363,7.555951823251175e-06,0.020289855072463767,0.9969446465778685,0.9999924440481768,0.9984662194837656,16
1.483668463604825,661725,2029,41,5,0.9999924440481768,0.9801932367149758,7.555951823251175e-06,0.019806763285024155,0.996943144598752,0.9999924440481768,0.9984654661995167,16
1.4852059438779905,661726,2038,32,4,0.9999939552385414,0.9845410628019323,6.04476145860094e-06,0.015458937198067632,0.9969296316160563,0.9999939552385414,0.9984594422909497,16
1.4867434241511563,661727,2041,29,3,0.999995466428906,0.9859903381642512,4.533571093950705e-06,0.014009661835748793,0.9969251304672717,0.999995466428906,0.9984579380730865,16
1.488280904424322,661727,2043,27,3,0.999995466428906,0.9869565217391304,4.533571093950705e-06,0.013043478260869565,0.9969221266402519,0.999995466428906,0.9984564315352696,16
1.4898183846974875,661728,2047,23,2,0.9999969776192708,0.9888888888888889,3.02238072930047e-06,0.011111111111111112,0.9969161236864902,0.9999969776192708,0.9984541740695058,16
1.491355864970653,661728,2049,21,2,0.9999969776192708,0.9898550724637681,3.02238072930047e-06,0.010144927536231883,0.9969131199182858,0.9999969776192708,0.9984526675453242,16
1.4928933452438187,661728,2050,20,2,0.9999969776192708,0.9903381642512077,3.02238072930047e-06,0.00966183574879227,0.9969116180409715,0.9999969776192708,0.9984519142849383,16
1.4944308255169845,661728,2055,15,2,0.9999969776192708,0.9927536231884058,3.02238072930047e-06,0.007246376811594203,0.9969041087222782,0.9999969776192708,0.9984481480000573,16
1.49596830579015,661728,2057,13,2,0.9999969776192708,0.993719806763285,3.02238072930047e-06,0.006280193236714976,0.996901105026477,0.9999969776192708,0.9984466414940608,16
1.4975057860633156,661728,2059,11,2,0.9999969776192708,0.9946859903381643,3.02238072930047e-06,0.005314009661835749,0.996898101348776,0.9999969776192708,0.9984451349926105,16
1.4990432663364812,661728,2060,10,2,0.9999969776192708,0.9951690821256038,3.02238072930047e-06,0.004830917874396135,0.9968965995167132,0.9999969776192708,0.9984443817435901,16
1.5005807466096468,661728,2061,9,2,0.9999969776192708,0.9956521739130435,3.02238072930047e-06,0.004347826086956522,0.9968950976891753,0.9999969776192708,0.9984436284957061,16
1.5021182268828124,661728,2062,8,2,0.9999969776192708,0.996135265700483,3.02238072930047e-06,0.003864734299516908,0.9968935958661624,0.9999969776192708,0.9984428752489589,16
1.5036557071559782,661728,2065,5,2,0.9999969776192708,0.9975845410628019,3.02238072930047e-06,0.0024154589371980675,0.9968890904242739,0.9999969776192708,0.9984406155155362,16
1.5051931874291438,661729,2065,5,1,0.9999984888096354,0.9975845410628019,1.511190364650235e-06,0.0024154589371980675,0.9968890951108326,0.9999984888096354,0.9984413711105947,16
1.5067306677023093,661729,2068,2,1,0.9999984888096354,0.9990338164251208,1.511190364650235e-06,0.000966183574879227,0.9968845897164343,0.9999984888096354,0.9984391113873954,16
1.508268147975475,661729,2068,2,1,0.9999984888096354,0.9990338164251208,1.511190364650235e-06,0.000966183574879227,0.9968845897164343,0.9999984888096354,0.9984391113873954,16
1.5098056282486405,661729,2069,1,1,0.9999984888096354,0.9995169082125603,1.511190364650235e-06,0.0004830917874396135,0.9968830879273514,0.9999984888096354,0.9984383581486019,16
1.5113431085218063,661729,2069,1,1,0.9999984888096354,0.9995169082125603,1.511190364650235e-06,0.0004830917874396135,0.9968830879273514,0.9999984888096354,0.9984383581486019,16
1.512880588794972,661729,2069,1,1,0.9999984888096354,0.9995169082125603,1.511190364650235e-06,0.0004830917874396135,0.9968830879273514,0.9999984888096354,0.9984383581486019,16
1.5144180690681375,661729,2069,1,1,0.9999984888096354,0.9995169082125603,1.511190364650235e-06,0.0004830917874396135,0.9968830879273514,0.9999984888096354,0.9984383581486019,16
1.515955549341303,661729,2069,1,1,0.9999984888096354,0.9995169082125603,1.511190364650235e-06,0.0004830917874396135,0.9968830879273514,0.9999984888096354,0.9984383581486019,16
1.5174930296144686,661729,2069,1,1,0.9999984888096354,0.9995169082125603,1.511190364650235e-06,0.0004830917874396135,0.9968830879273514,0.9999984888096354,0.9984383581486019,16
1.5190305098876342,661729,2069,1,1,0.9999984888096354,0.9995169082125603,1.511190364650235e-06,0.0004830917874396135,0.9968830879273514,0.9999984888096354,0.9984383581486019,16
1.5205679901608,661729,2069,1,1,0.9999984888096354,0.9995169082125603,1.511190364650235e-06,0.0004830917874396135,0.9968830879273514,0.9999984888096354,0.9984383581486019,16
1.5221054704339656,661729,2070,0,1,0.9999984888096354,1.0,1.511190364650235e-06,0.0,0.9968815861427932,0.9999984888096354,0.9984376049109449,16
1.5236429507071312,661729,2070,0,1,0.9999984888096354,1.0,1.511190364650235e-06,0.0,0.9968815861427932,0.9999984888096354,0.9984376049109449,16
1.5251804309802968,661729,2070,0,1,0.9999984888096354,1.0,1.511190364650235e-06,0.0,0.9968815861427932,0.9999984888096354,0.9984376049109449,16
1.5267179112534623,661729,2070,0,1,0.9999984888096354,1.0,1.511190364650235e-06,0.0,0.9968815861427932,0.9999984888096354,0.9984376049109449,16
1.5282553915266281,661729,2070,0,1,0.9999984888096354,1.0,1.511190364650235e-06,0.0,0.9968815861427932,0.9999984888096354,0.9984376049109449,16
1.5297928717997937,661729,2070,0,1,0.9999984888096354,1.0,1.511190364650235e-06,0.0,0.9968815861427932,0.9999984888096354,0.9984376049109449,16
1.5313303520729593,661729,2070,0,1,0.9999984888096354,1.0,1.511190364650235e-06,0.0,0.9968815861427932,0.9999984888096354,0.9984376049109449,16
1.532867832346125,661729,2070,0,1,0.9999984888096354,1.0,1.511190364650235e-06,0.0,0.9968815861427932,0.9999984888096354,0.9984376049109449,16
1.5344053126192905,661729,2070,0,1,0.9999984888096354,1.0,1.511190364650235e-06,0.0,0.9968815861427932,0.9999984888096354,0.9984376049109449,16
1.535942792892456,661729,2070,0,1,0.9999984888096354,1.0,1.511190364650235e-06,0.0,0.9968815861427932,0.9999984888096354,0.9984376049109449,16
0.0,0,0,2070,548470,0.0,0.0,1.0,1.0,,0.0,,32
0.0015097948404642436,0,0,2070,548470,0.0,0.0,1.0,1.0,,0.0,,32
0.0030195896809284872,0,0,2070,548470,0.0,0.0,1.0,1.0,,0.0,,32
0.004529384521392731,0,0,2070,548470,0.0,0.0,1.0,1.0,,0.0,,32
0.0060391793618569745,0,0,2070,548470,0.0,0.0,1.0,1.0,,0.0,,32
0.007548974202321218,0,0,2070,548470,0.0,0.0,1.0,1.0,,0.0,,32
0.009058769042785462,0,0,2070,548470,0.0,0.0,1.0,1.0,,0.0,,32
0.010568563883249706,0,0,2070,548470,0.0,0.0,1.0,1.0,,0.0,,32
0.012078358723713949,0,0,2070,548470,0.0,0.0,1.0,1.0,,0.0,,32
0.013588153564178192,0,0,2070,548470,0.0,0.0,1.0,1.0,,0.0,,32
0.015097948404642436,0,0,2070,548470,0.0,0.0,1.0,1.0,,0.0,,32
0.01660774324510668,0,0,2070,548470,0.0,0.0,1.0,1.0,,0.0,,32
0.018117538085570924,0,0,2070,548470,0.0,0.0,1.0,1.0,,0.0,,32
0.019627332926035166,0,0,2070,548470,0.0,0.0,1.0,1.0,,0.0,,32
0.02113712776649941,0,0,2070,548470,0.0,0.0,1.0,1.0,,0.0,,32
0.022646922606963653,0,0,2070,548470,0.0,0.0,1.0,1.0,,0.0,,32
0.024156717447427898,0,0,2070,548470,0.0,0.0,1.0,1.0,,0.0,,32
0.025666512287892143,0,0,2070,548470,0.0,0.0,1.0,1.0,,0.0,,32
0.027176307128356385,0,0,2070,548470,0.0,0.0,1.0,1.0,,0.0,,32
0.02868610196882063,0,0,2070,548470,0.0,0.0,1.0,1.0,,0.0,,32
0.03019589680928487,0,0,2070,548470,0.0,0.0,1.0,1.0,,0.0,,32
0.03170569164974912,0,0,2070,548470,0.0,0.0,1.0,1.0,,0.0,,32
0.03321548649021336,0,0,2070,548470,0.0,0.0,1.0,1.0,,0.0,,32
0.0347252813306776,0,0,2070,548470,0.0,0.0,1.0,1.0,,0.0,,32
0.03623507617114185,0,0,2070,548470,0.0,0.0,1.0,1.0,,0.0,,32
0.03774487101160609,0,0,2070,548470,0.0,0.0,1.0,1.0,,0.0,,32
0.03925466585207033,0,0,2070,548470,0.0,0.0,1.0,1.0,,0.0,,32
0.04076446069253458,0,0,2070,548470,0.0,0.0,1.0,1.0,,0.0,,32
0.04227425553299882,0,0,2070,548470,0.0,0.0,1.0,1.0,,0.0,,32
0.043784050373463064,0,0,2070,548470,0.0,0.0,1.0,1.0,,0.0,,32
0.045293845213927306,0,0,2070,548470,0.0,0.0,1.0,1.0,,0.0,,32
0.046803640054391554,0,0,2070,548470,0.0,0.0,1.0,1.0,,0.0,,32
0.048313434894855796,0,0,2070,548470,0.0,0.0,1.0,1.0,,0.0,,32
0.04982322973532004,0,0,2070,548470,0.0,0.0,1.0,1.0,,0.0,,32
0.051333024575784286,0,0,2070,548470,0.0,0.0,1.0,1.0,,0.0,,32
0.05284281941624853,0,0,2070,548470,0.0,0.0,1.0,1.0,,0.0,,32
0.05435261425671277,0,0,2070,548470,0.0,0.0,1.0,1.0,,0.0,,32
0.05586240909717701,0,0,2070,548470,0.0,0.0,1.0,1.0,,0.0,,32
0.05737220393764126,0,0,2070,548470,0.0,0.0,1.0,1.0,,0.0,,32
0.0588819987781055,0,0,2070,548470,0.0,0.0,1.0,1.0,,0.0,,32
0.06039179361856974,0,0,2070,548470,0.0,0.0,1.0,1.0,,0.0,,32
0.06190158845903399,0,0,2070,548470,0.0,0.0,1.0,1.0,,0.0,,32
0.06341138329949823,0,0,2070,548470,0.0,0.0,1.0,1.0,,0.0,,32
0.06492117813996248,0,0,2070,548470,0.0,0.0,1.0,1.0,,0.0,,32
0.06643097298042672,0,0,2070,548470,0.0,0.0,1.0,1.0,,0.0,,32
0.06794076782089097,0,0,2070,548470,0.0,0.0,1.0,1.0,,0.0,,32
0.0694505626613552,0,0,2070,548470,0.0,0.0,1.0,1.0,,0.0,,32
0.07096035750181945,0,0,2070,548470,0.0,0.0,1.0,1.0,,0.0,,32
0.0724701523422837,0,0,2070,548470,0.0,0.0,1.0,1.0,,0.0,,32
0.07397994718274793,0,0,2070,548470,0.0,0.0,1.0,1.0,,0.0,,32
0.07548974202321218,0,0,2070,548470,0.0,0.0,1.0,1.0,,0.0,,32
0.07699953686367643,0,0,2070,548470,0.0,0.0,1.0,1.0,,0.0,,32
0.07850933170414066,0,0,2070,548470,0.0,0.0,1.0,1.0,,0.0,,32
0.08001912654460491,0,0,2070,548470,0.0,0.0,1.0,1.0,,0.0,,32
0.08152892138506916,0,0,2070,548470,0.0,0.0,1.0,1.0,,0.0,,32
0.0830387162255334,0,0,2070,548470,0.0,0.0,1.0,1.0,,0.0,,32
0.08454851106599764,0,0,2070,548470,0.0,0.0,1.0,1.0,,0.0,,32
0.0860583059064619,0,0,2070,548470,0.0,0.0,1.0,1.0,,0.0,,32
0.08756810074692613,0,0,2070,548470,0.0,0.0,1.0,1.0,,0.0,,32
0.08907789558739038,0,0,2070,548470,0.0,0.0,1.0,1.0,,0.0,,32
0.09058769042785461,0,0,2070,548470,0.0,0.0,1.0,1.0,,0.0,,32
0.09209748526831886,0,0,2070,548470,0.0,0.0,1.0,1.0,,0.0,,32
0.09360728010878311,0,0,2070,548470,0.0,0.0,1.0,1.0,,0.0,,32
0.09511707494924734,0,0,2070,548470,0.0,0.0,1.0,1.0,,0.0,,32
0.09662686978971159,0,0,2070,548470,0.0,0.0,1.0,1.0,,0.0,,32
0.09813666463017584,0,0,2070,548470,0.0,0.0,1.0,1.0,,0.0,,32
0.09964645947064008,0,0,2070,548470,0.0,0.0,1.0,1.0,,0.0,,32
0.10115625431110432,0,0,2070,548470,0.0,0.0,1.0,1.0,,0.0,,32
0.10266604915156857,0,0,2070,548470,0.0,0.0,1.0,1.0,,0.0,,32
0.10417584399203281,0,0,2070,548470,0.0,0.0,1.0,1.0,,0.0,,32
0.10568563883249706,0,0,2070,548470,0.0,0.0,1.0,1.0,,0.0,,32
0.10719543367296129,0,0,2070,548470,0.0,0.0,1.0,1.0,,0.0,,32
0.10870522851342554,0,0,2070,548470,0.0,0.0,1.0,1.0,,0.0,,32
0.11021502335388979,0,0,2070,548470,0.0,0.0,1.0,1.0,,0.0,,32
0.11172481819435402,0,0,2070,548470,0.0,0.0,1.0,1.0,,0.0,,32
0.11323461303481827,0,0,2070,548470,0.0,0.0,1.0,1.0,,0.0,,32
0.11474440787528252,0,0,2070,548470,0.0,0.0,1.0,1.0,,0.0,,32
0.11625420271574675,0,0,2070,548470,0.0,0.0,1.0,1.0,,0.0,,32
0.117763997556211,0,0,2070,548470,0.0,0.0,1.0,1.0,,0.0,,32
0.11927379239667525,0,0,2070,548470,0.0,0.0,1.0,1.0,,0.0,,32
0.12078358723713949,0,0,2070,548470,0.0,0.0,1.0,1.0,,0.0,,32
0.12229338207760374,0,0,2070,548470,0.0,0.0,1.0,1.0,,0.0,,32
0.12380317691806798,0,0,2070,548470,0.0,0.0,1.0,1.0,,0.0,,32
0.12531297175853223,0,0,2070,548470,0.0,0.0,1.0,1.0,,0.0,,32
0.12682276659899647,0,0,2070,548470,0.0,0.0,1.0,1.0,,0.0,,32
0.1283325614394607,0,0,2070,548470,0.0,0.0,1.0,1.0,,0.0,,32
0.12984235627992496,0,0,2070,548470,0.0,0.0,1.0,1.0,,0.0,,32
0.1313521511203892,0,0,2070,548470,0.0,0.0,1.0,1.0,,0.0,,32
0.13286194596085343,0,0,2070,548470,0.0,0.0,1.0,1.0,,0.0,,32
0.1343717408013177,0,0,2070,548470,0.0,0.0,1.0,1.0,,0.0,,32
0.13588153564178193,0,0,2070,548470,0.0,0.0,1.0,1.0,,0.0,,32
0.13739133048224617,0,0,2070,548470,0.0,0.0,1.0,1.0,,0.0,,32
0.1389011253227104,0,0,2070,548470,0.0,0.0,1.0,1.0,,0.0,,32
0.14041092016317466,0,0,2070,548470,0.0,0.0,1.0,1.0,,0.0,,32
0.1419207150036389,0,0,2070,548470,0.0,0.0,1.0,1.0,,0.0,,32
0.14343050984410313,0,0,2070,548470,0.0,0.0,1.0,1.0,,0.0,,32
0.1449403046845674,0,0,2070,548470,0.0,0.0,1.0,1.0,,0.0,,32
0.14645009952503163,0,0,2070,548470,0.0,0.0,1.0,1.0,,0.0,,32
0.14795989436549586,0,0,2070,548470,0.0,0.0,1.0,1.0,,0.0,,32
0.14946968920596013,0,0,2070,548470,0.0,0.0,1.0,1.0,,0.0,,32
0.15097948404642436,0,0,2070,548470,0.0,0.0,1.0,1.0,,0.0,,32
0.1524892788868886,0,0,2070,548470,0.0,0.0,1.0,1.0,,0.0,,32
0.15399907372735286,0,0,2070,548470,0.0,0.0,1.0,1.0,,0.0,,32
0.1555088685678171,0,0,2070,548470,0.0,0.0,1.0,1.0,,0.0,,32
0.15701866340828133,0,0,2070,548470,0.0,0.0,1.0,1.0,,0.0,,32
0.1585284582487456,0,0,2070,548470,0.0,0.0,1.0,1.0,,0.0,,32
0.16003825308920983,0,0,2070,548470,0.0,0.0,1.0,1.0,,0.0,,32
0.16154804792967406,0,0,2070,548470,0.0,0.0,1.0,1.0,,0.0,,32
0.16305784277013832,0,0,2070,548470,0.0,0.0,1.0,1.0,,0.0,,32
0.16456763761060256,0,0,2070,548470,0.0,0.0,1.0,1.0,,0.0,,32
0.1660774324510668,0,0,2070,548470,0.0,0.0,1.0,1.0,,0.0,,32
0.16758722729153105,0,0,2070,548470,0.0,0.0,1.0,1.0,,0.0,,32
0.1690970221319953,1,0,2070,548469,1.8232537786934564e-06,0.0,0.9999981767462213,1.0,1.0,1.8232537786934564e-06,3.646500908890352e-06,32
0.17060681697245952,2,0,2070,548468,3.6465075573869127e-06,0.0,0.9999963534924426,1.0,1.0,3.6465075573869127e-06,7.2929885208360674e-06,32
0.1721166118129238,2,0,2070,548468,3.6465075573869127e-06,0.0,0.9999963534924426,1.0,1.0,3.6465075573869127e-06,7.2929885208360674e-06,32
0.17362640665338802,2,0,2070,548468,3.6465075573869127e-06,0.0,0.9999963534924426,1.0,1.0,3.6465075573869127e-06,7.2929885208360674e-06,32
0.17513620149385226,2,0,2070,548468,3.6465075573869127e-06,0.0,0.9999963534924426,1.0,1.0,3.6465075573869127e-06,7.2929885208360674e-06,32
0.1766459963343165,2,0,2070,548468,3.6465075573869127e-06,0.0,0.9999963534924426,1.0,1.0,3.6465075573869127e-06,7.2929885208360674e-06,32
0.17815579117478075,2,0,2070,548468,3.6465075573869127e-06,0.0,0.9999963534924426,1.0,1.0,3.6465075573869127e-06,7.2929885208360674e-06,32
0.179665586015245,2,0,2070,548468,3.6465075573869127e-06,0.0,0.9999963534924426,1.0,1.0,3.6465075573869127e-06,7.2929885208360674e-06,32
0.18117538085570922,2,0,2070,548468,3.6465075573869127e-06,0.0,0.9999963534924426,1.0,1.0,3.6465075573869127e-06,7.2929885208360674e-06,32
0.18268517569617349,4,0,2070,548466,7.2930151147738254e-06,0.0,0.9999927069848852,1.0,1.0,7.2930151147738254e-06,1.4585923854184521e-05,32
0.18419497053663772,4,0,2070,548466,7.2930151147738254e-06,0.0,0.9999927069848852,1.0,1.0,7.2930151147738254e-06,1.4585923854184521e-05,32
0.18570476537710195,4,0,2070,548466,7.2930151147738254e-06,0.0,0.9999927069848852,1.0,1.0,7.2930151147738254e-06,1.4585923854184521e-05,32
0.18721456021756622,4,0,2070,548466,7.2930151147738254e-06,0.0,0.9999927069848852,1.0,1.0,7.2930151147738254e-06,1.4585923854184521e-05,32
0.18872435505803045,5,0,2070,548465,9.116268893467282e-06,0.0,0.9999908837311066,1.0,1.0,9.116268893467282e-06,1.823237157573271e-05,32
0.1902341498984947,5,0,2070,548465,9.116268893467282e-06,0.0,0.9999908837311066,1.0,1.0,9.116268893467282e-06,1.823237157573271e-05,32
0.19174394473895895,8,0,2070,548462,1.4586030229547651e-05,0.0,0.9999854139697705,1.0,1.0,1.4586030229547651e-05,2.9171634960745918e-05,32
0.19325373957942318,8,0,2070,548462,1.4586030229547651e-05,0.0,0.9999854139697705,1.0,1.0,1.4586030229547651e-05,2.9171634960745918e-05,32
0.19476353441988742,11,0,2070,548459,2.005579156562802e-05,0.0,0.9999799442084344,1.0,1.0,2.005579156562802e-05,4.011077867783934e-05,32
0.19627332926035168,11,0,2070,548459,2.005579156562802e-05,0.0,0.9999799442084344,1.0,1.0,2.005579156562802e-05,4.011077867783934e-05,32
0.19778312410081592,11,0,2070,548459,2.005579156562802e-05,0.0,0.9999799442084344,1.0,1.0,2.005579156562802e-05,4.011077867783934e-05,32
0.19929291894128015,13,0,2070,548457,2.3702299123014933e-05,0.0,0.999976297700877,1.0,1.0,2.3702299123014933e-05,4.7403474674693655e-05,32
0.2008027137817444,14,0,2070,548456,2.552555290170839e-05,0.0,0.9999744744470983,1.0,1.0,2.552555290170839e-05,5.104980272897659e-05,32
0.20231250862220865,15,0,2070,548455,2.7348806680401845e-05,0.0,0.9999726511933196,1.0,1.0,2.7348806680401845e-05,5.4696117487260364e-05,32
0.20382230346267288,15,0,2070,548455,2.7348806680401845e-05,0.0,0.9999726511933196,1.0,1.0,2.7348806680401845e-05,5.4696117487260364e-05,32
0.20533209830313714,15,0,2070,548455,2.7348806680401845e-05,0.0,0.9999726511933196,1.0,1.0,2.7348806680401845e-05,5.4696117487260364e-05,32
0.20684189314360138,17,0,2070,548453,3.0995314237788755e-05,0.0,0.9999690046857622,1.0,1.0,3.0995314237788755e-05,6.198870711612125e-05,32
0.20835168798406561,18,0,2070,548452,3.2818568016482215e-05,0.0,0.9999671814319835,1.0,1.0,3.2818568016482215e-05,6.563498198684382e-05,32
0.20986148282452988,18,0,2070,548452,3.2818568016482215e-05,0.0,0.9999671814319835,1.0,1.0,3.2818568016482215e-05,6.563498198684382e-05,32
0.2113712776649941,19,0,2070,548451,3.464182179517567e-05,0.0,0.9999653581782049,1.0,1.0,3.464182179517567e-05,6.928124356185812e-05,32
0.21288107250545835,19,0,2070,548451,3.464182179517567e-05,0.0,0.9999653581782049,1.0,1.0,3.464182179517567e-05,6.928124356185812e-05,32
0.21439086734592258,20,0,2070,548450,3.646507557386913e-05,0.0,0.9999635349244261,1.0,1.0,3.646507557386913e-05,7.292749184123685e-05,32
0.21590066218638684,23,0,2070,548447,4.193483690994949e-05,0.0,0.99995806516309,1.0,1.0,4.193483690994949e-05,8.386615690628686e-05,32
0.21741045702685108,27,0,2070,548443,4.922785202472332e-05,0.0,0.9999507721479752,1.0,1.0,4.922785202472332e-05,9.845085752520068e-05,32
0.2189202518673153,28,0,2070,548442,5.105110580341678e-05,0.0,0.9999489488941966,1.0,1.0,5.105110580341678e-05,0.00010209699944211283,32
0.22043004670777958,29,0,2070,548441,5.287435958211023e-05,0.0,0.9999471256404179,1.0,1.0,5.287435958211023e-05,0.00010574312806404387,32
0.2219398415482438,31,0,2070,548439,5.6520867139497144e-05,0.0,0.9999434791328605,1.0,1.0,5.6520867139497144e-05,0.00011303534542325355,32
0.22344963638870805,36,0,2070,548434,6.563713603296443e-05,0.0,0.9999343628639671,1.0,1.0,6.563713603296443e-05,0.00013126565616419875,32
0.2249594312291723,40,0,2070,548430,7.293015114773825e-05,0.0,0.9999270698488523,1.0,1.0,7.293015114773825e-05,0.00014584966545732987,32
0.22646922606963654,42,0,2070,548428,7.657665870512516e-05,0.0,0.9999234233412949,1.0,1.0,7.657665870512516e-05,0.00015314159033895337,32
0.22797902091010078,44,0,2070,548426,8.022316626251208e-05,0.0,0.9999197768337375,1.0,1.0,8.022316626251208e-05,0.00016043346204472448,32
0.22948881575056504,47,0,2070,548423,8.569292759859245e-05,0.0,0.9999143070724014,1.0,1.0,8.569292759859245e-05,0.0001713711698999302,32
0.23099861059102927,51,0,2070,548419,9.298594271336628e-05,0.0,0.9999070140572867,1.0,1.0,9.298594271336628e-05,0.00018595459426348307,32
0.2325084054314935,55,0,2070,548415,0.0001002789578281401,0.0,0.9998997210421718,1.0,1.0,0.0001002789578281401,0.000200537805934096,32
0.23401820027195777,56,0,2070,548414,0.00010210221160683356,0.0,0.9998978977883932,1.0,1.0,0.00010210221160683356,0.00020418357561902264,32
0.235527995112422,60,0,2070,548410,0.00010939522672160738,0.0,0.9998906047732784,1.0,1.0,0.00010939522672160738,0.00021876652143000382,32
0.23703778995288624,64,0,2070,548406,0.00011668824183638121,0.0,0.9998833117581636,1.0,1.0,0.00011668824183638121,0.00023334925455851415,32
0.2385475847933505,67,0,2070,548403,0.00012215800317246157,0.0,0.9998778419968275,1.0,1.0,0.00012215800317246157,0.00024428616483482426,32
0.24005737963381474,68,0,2070,548402,0.00012398125695115502,0.0,0.9998760187430489,1.0,1.0,0.00012398125695115502,0.0002479317750092063,32
0.24156717447427897,72,0,2070,548398,0.00013127427206592886,0.0,0.9998687257279341,1.0,1.0,0.00013127427206592886,0.00026251408278673286,32
0.24307696931474324,73,0,2070,548397,0.0001330975258446223,0.0,0.9998669024741553,1.0,1.0,0.0001330975258446223,0.0002661596265014775,32
0.24458676415520747,74,0,2070,548396,0.00013492077962331576,0.0,0.9998650792203767,1.0,1.0,0.00013492077962331576,0.0002698051569245129,32
0.2460965589956717,75,0,2070,548395,0.00013674403340200922,0.0,0.999863255966598,1.0,1.0,0.00013674403340200922,0.00027345067405591157,32
0.24760635383613597,76,0,2070,548394,0.00013856728718070267,0.0,0.9998614327128192,1.0,1.0,0.00013856728718070267,0.00027709617789574615,32
0.2491161486766002,79,0,2070,548391,0.00014403704851678306,0.0,0.9998559629514833,1.0,1.0,0.00014403704851678306,0.0002880326096665931,32
0.25062594351706446,80,0,2070,548390,0.0001458603022954765,0.0,0.9998541396977045,1.0,1.0,0.0001458603022954765,0.00029167806034089875,32
0.25213573835752867,87,0,2070,548383,0.0001586230787463307,0.0,0.9998413769212536,1.0,1.0,0.0001586230787463307,0.0003171958429114933,32
0.25364553319799293,88,0,2070,548382,0.00016044633252502416,0.0,0.999839553667475,1.0,1.0,0.00016044633252502416,0.00032084118725822974,32
0.2551553280384572,90,0,2070,548380,0.00016409284008241107,0.0,0.9998359071599175,1.0,1.0,0.00016409284008241107,0.00032813183607991836,32
0.2566651228789214,94,0,2070,548376,0.0001713858551971849,0.0,0.9998286141448028,1.0,1.0,0.0001713858551971849,0.0003427129742381928,32
0.25817491771938567,96,0,2070,548374,0.0001750323627545718,0.0,0.9998249676372454,1.0,1.0,0.0001750323627545718,0.0003500034635759417,32
0.25968471255984993,101,0,2070,548369,0.0001841486316480391,0.0,0.9998158513683519,1.0,1.0,0.0001841486316480391,0.0003682294543459279,32
0.26119450740031414,102,0,2070,548368,0.00018597188542673256,0.0,0.9998140281145733,1.0,1.0,0.00018597188542673256,0.0003718746126306119,32
0.2627043022407784,108,0,2070,548362,0.00019691140809889327,0.0,0.9998030885919011,1.0,1.0,0.00019691140809889327,0.0003937452832596276,32
0.26421409708124266,114,0,2070,548356,0.00020785093077105402,0.0,0.999792149069229,1.0,1.0,0.00020785093077105402,0.00041561547547868695,32
0.26572389192170687,124,0,2070,548346,0.00022608346855798858,0.0,0.999773916531442,1.0,1.0,0.00022608346855798858,0.0004520647327531836,32
0.26723368676217113,134,0,2070,548336,0.00024431600634492313,0.0,0.9997556839936551,1.0,1.0,0.00024431600634492313,0.0004885126612274062,32
0.2687434816026354,140,0,2070,548330,0.0002552555290170839,0.0,0.9997447444709829,1.0,1.0,0.0002552555290170839,0.0005103807805180364,32
0.2702532764430996,146,0,2070,548324,0.0002661950516892446,0.0,0.9997338049483108,1.0,1.0,0.0002661950516892446,0.0005322484214824212,32
0.27176307128356386,150,0,2070,548320,0.00027348806680401843,0.0,0.999726511933196,1.0,1.0,0.00027348806680401843,0.0005468265830629579,32
0.27327286612402807,152,0,2070,548318,0.00027713457436140534,0.0,0.9997228654256386,1.0,1.0,0.00027713457436140534,0.000554115584136254,32
0.27478266096449233,154,0,2070,548316,0.0002807810819187923,0.0,0.9997192189180812,1.0,1.0,0.0002807810819187923,0.0005614045320656772,32
0.2762924558049566,161,0,2070,548309,0.00029354385836964647,0.0,0.9997064561416303,1.0,1.0,0.00029354385836964647,0.0005869154313190469,32
0.2778022506454208,168,0,2070,548302,0.00030630663482050064,0.0,0.9996936933651795,1.0,1.0,0.00030630663482050064,0.0006124256795920078,32
0.27931204548588506,176,0,2070,548294,0.0003208926650500483,0.0,0.9996791073349499,1.0,1.0,0.0003208926650500483,0.0006415794519599159,32
0.2808218403263493,183,0,2070,548287,0.0003336554415009025,0.0,0.9996663445584991,1.0,1.0,0.0003336554415009025,0.0006670883053587603,32
0.28233163516681353,194,0,2070,548276,0.00035371123306653053,0.0,0.9996462887669335,1.0,1.0,0.00035371123306653053,0.0007071723313357538,32
0.2838414300072778,208,0,2070,548262,0.0003792367859682389,0.0,0.9996207632140318,1.0,1.0,0.0003792367859682389,0.0007581860398995403,32
0.28535122484774206,215,0,2070,548255,0.0003919995624190931,0.0,0.9996080004375809,1.0,1.0,0.0003919995624190931,0.0007836919179492786,32
0.28686101968820626,228,0,2070,548242,0.00041570186154210804,0.0,0.9995842981384578,1.0,1.0,0.00041570186154210804,0.0008310582506223825,32
0.2883708145286705,241,0,2070,548229,0.000439404160665123,0.0,0.9995605958393349,1.0,1.0,0.000439404160665123,0.0008784223388997123,32
0.2898806093691348,260,0,2070,548210,0.00047404598246029864,0.0,0.9995259540175397,1.0,1.0,0.00047404598246029864,0.0009476427386875148,32
0.291390404209599,275,0,2070,548195,0.0005013947891407005,0.0,0.9994986052108593,1.0,1.0,0.0005013947891407005,0.0010022870367839343,32
0.29290019905006326,288,0,2070,548182,0.0005250970882637154,0.0,0.9994749029117362,1.0,1.0,0.0005250970882637154,0.0010496430120380932,32
0.2944099938905275,305,0,2070,548165,0.0005560924025015041,0.0,0.9994439075974985,1.0,1.0,0.0005560924025015041,0.0011115666712222677,32
0.29591978873099173,321,0,2070,548149,0.0005852644629605995,0.0,0.9994147355370394,1.0,1.0,0.0005852644629605995,0.0011698442576499979,32
0.297429583571456,336,0,2070,548134,0.0006126132696410013,0.0,0.999387386730359,1.0,1.0,0.0006126132696410013,0.0012244764087856182,32
0.29893937841192025,360,0,2070,548110,0.0006563713603296443,0.0,0.9993436286396703,1.0,1.0,0.0006563713603296443,0.001311881639123226,32
0.30044917325238446,371,0,2070,548099,0.0006764271518952724,0.0,0.9993235728481047,1.0,1.0,0.0006764271518952724,0.0013519398149919558,32
0.3019589680928487,394,0,2070,548076,0.0007183619888052218,0.0,0.9992816380111947,1.0,1.0,0.0007183619888052218,0.001435692630597015,32
0.303468762933313,407,0,2070,548063,0.0007420642879282368,0.0,0.9992579357120718,1.0,1.0,0.0007420642879282368,0.0014830280736849969,32
0.3049785577737772,442,0,2070,548028,0.0008058781701825077,0.0,0.9991941218298175,1.0,1.0,0.0008058781701825077,0.0016104585070102313,32
0.30648835261424145,460,0,2070,548010,0.0008386967381989899,0.0,0.999161303261801,1.0,1.0,0.0008386967381989899,0.001675987830870967,32
0.3079981474547057,487,0,2070,547983,0.0008879245902237132,0.0,0.9991120754097763,1.0,1.0,0.0008879245902237132,0.001774273759146891,32
0.3095079422951699,516,0,2070,547954,0.0009407989498058235,0.0,0.9990592010501942,1.0,1.0,0.0009407989498058235,0.001879829358125708,32
0.3110177371356342,539,0,2070,547931,0.000982733786715773,0.0,0.9990172662132842,1.0,1.0,0.000982733786715773,0.0019635379383580232,32
0.31252753197609845,562,0,2070,547908,0.0010246686236257225,0.0,0.9989753313763743,1.0,1.0,0.0010246686236257225,0.0020472395051654548,32
0.31403732681656266,591,0,2070,547879,0.0010775429832078328,0.0,0.9989224570167922,1.0,1.0,0.0010775429832078328,0.0021527662682288493,32
0.3155471216570269,622,0,2070,547848,0.00113406385034733,0.0,0.9988659361496527,1.0,1.0,0.00113406385034733,0.0022655584127978553,32
0.3170569164974912,658,0,2070,547812,0.0011997009863802942,0.0,0.9988002990136197,1.0,1.0,0.0011997009863802942,0.0023965268571262076,32
0.3185667113379554,689,0,2070,547781,0.0012562218535197914,0.0,0.9987437781464802,1.0,1.0,0.0012562218535197914,0.002509291480245248,32
0.32007650617841965,718,0,2070,547752,0.0013090962131019016,0.0,0.9986909037868981,1.0,1.0,0.0013090962131019016,0.0026147694414298925,32
0.3215863010188839,748,0,2070,547722,0.0013637938264627054,0.0,0.9986362061735373,1.0,1.0,0.0013637938264627054,0.0027238728519458576,32
0.3230960958593481,798,0,2070,547672,0.001454956515397378,0.0,0.9985450434846026,1.0,1.0,0.001454956515397378,0.002905685384912283,32
0.3246058906998124,828,0,2070,547642,0.0015096541287581819,0.0,0.9984903458712419,1.0,1.0,0.0015096541287581819,0.003014757017138238,32
0.32611568554027665,862,0,2070,547608,0.0015716447572337593,0.0,0.9984283552427662,1.0,1.0,0.0015716447572337593,0.003138357131934786,32
0.32762548038074085,897,0,2070,547573,0.0016354586394880302,0.0,0.998364541360512,1.0,1.0,0.0016354586394880302,0.0032655765635722566,32
0.3291352752212051,933,0,2070,547537,0.0017010957755209948,0.0,0.998298904224479,1.0,1.0,0.0017010957755209948,0.0033964139256611268,32
0.3306450700616694,979,0,2070,547491,0.0017849654493408938,0.0,0.9982150345506591,1.0,1.0,0.0017849654493408938,0.003563570049267539,32
0.3321548649021336,1015,0,2070,547455,0.0018506025853738581,0.0,0.9981493974146262,1.0,1.0,0.0018506025853738581,0.003694368363103633,32
0.33366465974259785,1045,0,2070,547425,0.001905300198734662,0.0,0.9980946998012653,1.0,1.0,0.001905300198734662,0.0038033538665914494,32
0.3351744545830621,1097,0,2070,547373,0.0020001093952267215,0.0,0.9979998906047732,1.0,1.0,0.0020001093952267215,0.003992233885950212,32
0.3366842494235263,1150,0,2070,547320,0.0020967418454974746,0.0,0.9979032581545025,1.0,1.0,0.0020967418454974746,0.004184709435610057,32
0.3381940442639906,1203,0,2070,547267,0.002193374295768228,0.0,0.9978066257042317,1.0,1.0,0.002193374295768228,0.004377147867914197,32
0.33970383910445484,1259,0,2070,547211,0.0022954765073750615,0.0,0.997704523492625,1.0,1.0,0.0022954765073750615,0.004580438725262812,32
0.34121363394491905,1314,0,2070,547156,0.0023957554652032018,0.0,0.9976042445347968,1.0,1.0,0.0023957554652032018,0.004780059077746897,32
0.3427234287853833,1357,0,2070,547113,0.00247415537768702,0.0,0.997525844622313,1.0,1.0,0.00247415537768702,0.0049360980817602625,32
0.3442332236258476,1401,0,2070,547069,0.0025543785439495325,0.0,0.9974456214560504,1.0,1.0,0.0025543785439495325,0.005095740637349488,32
0.3457430184663118,1460,0,2070,547010,0.002661950516892446,0.0,0.9973380494831076,1.0,1.0,0.002661950516892446,0.005309766697579691,32
0.34725281330677604,1509,0,2070,546961,0.0027512899520484254,0.0,0.9972487100479516,1.0,1.0,0.0027512899520484254,0.005487482249322247,32
0.34876260814724025,1558,0,2070,546912,0.002840629387204405,0.0,0.9971593706127956,1.0,1.0,0.002840629387204405,0.005665166136996663,32
0.3502724029877045,1625,0,2070,546845,0.0029627873903768664,0.0,0.9970372126096231,1.0,1.0,0.0029627873903768664,0.0059080704241994565,32
0.3517821978281688,1684,0,2070,546786,0.0030703593633197804,0.0,0.9969296406366802,1.0,1.0,0.0030703593633197804,0.006121922225413248,32
0.353291992668633,1737,0,2070,546733,0.0031669918135905336,0.0,0.9968330081864095,1.0,1.0,0.0031669918135905336,0.006313987281150548,32
0.35480178750909724,1801,0,2070,546669,0.003283680055426915,0.0,0.9967163199445731,1.0,1.0,0.003283680055426915,0.006545865582594758,32
0.3563115823495615,1869,0,2070,546601,0.00340766131237807,0.0,0.996592338687622,1.0,1.0,0.00340766131237807,0.006792177185334857,32
0.3578213771900257,1939,0,2070,546531,0.0035352890768866117,0.0,0.9964647109231134,1.0,1.0,0.0035352890768866117,0.007045669674732789,32
0.35933117203049,2000,0,2070,546470,0.003646507557386913,0.0,0.9963534924426131,1.0,1.0,0.003646507557386913,0.007266517703053755,32
0.36084096687095424,2067,0,2070,546403,0.003768665560559374,0.0,0.9962313344394407,1.0,1.0,0.003768665560559374,0.007509032090486198,32
0.36235076171141845,2136,0,2070,546334,0.003894470071289223,0.0,0.9961055299287108,1.0,1.0,0.003894470071289223,0.007758724024075291,32
0.3638605565518827,2207,0,2070,546263,0.004023921089576458,0.0,0.9959760789104235,1.0,1.0,0.004023921089576458,0.008015588085211476,32
0.36537035139234697,2289,0,2070,546181,0.004173427899429321,0.0,0.9958265721005707,1.0,1.0,0.004173427899429321,0.008312165575142666,32
0.3668801462328112,2374,0,2070,546096,0.004328404470618265,0.0,0.9956715955293818,1.0,1.0,0.004328404470618265,0.008619500257786234,32
0.36838994107327544,2458,0,2070,546012,0.004481557788028515,0.0,0.9955184422119715,1.0,1.0,0.004481557788028515,0.008923126070920337,32
0.3698997359137397,2541,0,2070,545929,0.004632887851660073,0.0,0.99536711214834,1.0,1.0,0.004632887851660073,0.009223046363865693,32
0.3714095307542039,2626,0,2070,545844,0.004787864422849016,0.0,0.9952121355771509,1.0,1.0,0.004787864422849016,0.009530100018871486,32
0.37291932559466817,2721,0,2070,545749,0.004961073531824895,0.0,0.9950389264681752,1.0,1.0,0.004961073531824895,0.009873165563298385,32
0.37442912043513243,2802,0,2070,545668,0.005108757087899065,0.0,0.994891242912101,1.0,1.0,0.005108757087899065,0.010165580693378223,32
0.37593891527559664,2888,0,2070,545582,0.005265556912866702,0.0,0.9947344430871333,1.0,1.0,0.005265556912866702,0.010475952103714827,32
0.3774487101160609,2971,0,2070,545499,0.005416886976498259,0.0,0.9945831130235018,1.0,1.0,0.005416886976498259,0.010775404803052367,32
0.37895850495652517,3066,0,2070,545404,0.0055900960854741374,0.0,0.9944099039145259,1.0,1.0,0.0055900960854741374,0.011118041252066954,32
0.3804682997969894,3174,0,2070,545296,0.005787007493573031,0.0,0.9942129925064269,1.0,1.0,0.005787007493573031,0.011507421452966043,32
0.38197809463745364,3269,0,2070,545201,0.005960216602548909,0.0,0.9940397833974511,1.0,1.0,0.005960216602548909,0.011849805795856374,32
0.3834878894779179,3390,0,2070,545080,0.006180830309770817,0.0,0.9938191696902292,1.0,1.0,0.006180830309770817,0.012285724640307324,32
0.3849976843183821,3502,0,2070,544968,0.006385034732984484,0.0,0.9936149652670155,1.0,1.0,0.006385034732984484,0.012689049444537042,32
0.38650747915884637,3630,0,2070,544840,0.006618411216657246,0.0,0.9933815887833427,1.0,1.0,0.006618411216657246,0.013149791704401377,32
0.38801727399931063,3759,0,2070,544711,0.006853610954108702,0.0,0.9931463890458913,1.0,1.0,0.006853610954108702,0.013613917414695715,32
0.38952706883977484,3873,0,2070,544597,0.007061461884879756,0.0,0.9929385381151202,1.0,1.0,0.007061461884879756,0.014023894572756422,32
0.3910368636802391,4023,0,2070,544447,0.007334949951683775,0.0,0.9926650500483162,1.0,1.0,0.007334949951683775,0.01456308043721821,32
0.39254665852070336,4164,0,2070,544306,0.0075920287344795525,0.0,0.9924079712655205,1.0,1.0,0.0075920287344795525,0.015069648266302835,32
0.39405645336116757,4301,0,2070,544169,0.007841814502160555,0.0,0.9921581854978394,1.0,1.0,0.007841814502160555,0.01556159784069714,32
0.39556624820163183,4421,0,2070,544049,0.00806060495560377,0.0,0.9919393950443962,1.0,1.0,0.00806060495560377,0.015992302280196276,32
0.3970760430420961,4575,0,2070,543895,0.008341386037522562,0.0,0.9916586139624775,1.0,1.0,0.008341386037522562,0.016544765796634994,32
0.3985858378825603,4732,0,2070,543738,0.008627636880777435,0.0,0.9913723631192226,1.0,1.0,0.008627636880777435,0.01710767495417587,32
0.40009563272302456,4892,0,2070,543578,0.008919357485368389,0.0,0.9910806425146316,1.0,1.0,0.008919357485368389,0.01768101170662243,32
0.4016054275634888,5051,0,2070,543419,0.009209254836180647,0.0,0.9907907451638194,1.0,1.0,0.009209254836180647,0.018250436749463885,32
0.40311522240395303,5228,0,2070,543242,0.009531970755009389,0.0,0.9904680292449906,1.0,1.0,0.009531970755009389,0.01888394034293062,32
0.4046250172444173,5381,0,2070,543089,0.009810928583149489,0.0,0.9901890714168505,1.0,1.0,0.009810928583149489,0.019431218865723812,32
0.40613481208488156,5556,0,2070,542914,0.010129997994420844,0.0,0.9898700020055792,1.0,1.0,0.010129997994420844,0.020056820438029983,32
0.40764460692534576,5726,0,2070,542744,0.010439951136798731,0.0,0.9895600488632013,1.0,1.0,0.010439951136798731,0.02066416935524616,32
0.40915440176581,5928,0,2070,542542,0.01080824840009481,0.0,0.9891917515999052,1.0,1.0,0.01080824840009481,0.02138535853303944,32
0.4106641966062743,6120,0,2070,542350,0.011158313125603952,0.0,0.988841686874396,1.0,1.0,0.011158313125603952,0.022070358282695324,32
0.4121739914467385,6305,0,2070,542165,0.011495615074662242,0.0,0.9885043849253378,1.0,1.0,0.011495615074662242,0.02272993555946104,32
0.41368378628720276,6503,0,2070,541967,0.011856619322843546,0.0,0.9881433806771565,1.0,1.0,0.011856619322843546,0.023435374333526136,32
0.415193581127667,6704,0,2070,541766,0.012223093332360931,0.0,0.9877769066676391,1.0,1.0,0.012223093332360931,0.024150986897801412,32
0.41670337596813123,6915,0,2070,541555,0.01260779987966525,0.0,0.9873922001203348,1.0,1.0,0.01260779987966525,0.02490164480495512,32
0.4182131708085955,7140,0,2070,541330,0.013018031979871279,0.0,0.9869819680201287,1.0,1.0,0.013018031979871279,0.02570148125483703,32
0.41972296564905975,7349,0,2070,541121,0.013399092019618211,0.0,0.9866009079803818,1.0,1.0,0.013399092019618211,0.026443860321435572,32
0.42123276048952396,7574,0,2070,540896,0.013809324119824239,0.0,0.9861906758801757,1.0,1.0,0.013809324119824239,0.02724244843933214,32
0.4227425553299882,7791,0,2070,540679,0.014204970189800718,0.0,0.9857950298101993,1.0,1.0,0.014204970189800718,0.028012030323894713,32
0.4242523501704525,8031,0,2070,540439,0.014642551096687148,0.0,0.9853574489033129,1.0,1.0,0.014642551096687148,0.028862481828424387,32
0.4257621450109167,8280,0,2070,540190,0.01509654128758182,0.0,0.9849034587124181,1.0,1.0,0.01509654128758182,0.029744050291872475,32
0.42727193985138096,8535,0,2070,539935,0.01556147100114865,0.0,0.9844385289988513,1.0,1.0,0.01556147100114865,0.030646044469977825,32
0.42878173469184516,8804,0,2070,539666,0.01605192626761719,0.0,0.9839480737323828,1.0,1.0,0.01605192626761719,0.03159666519521816,32
0.4302915295323094,9090,0,2070,539380,0.01657337684832352,0.0,0.9834266231516765,1.0,1.0,0.01657337684832352,0.03260635626659014,32
0.4318013243727737,9380,0,2070,539090,0.01710212044414462,0.0,0.9828978795558554,1.0,1.0,0.01710212044414462,0.033629111768396516,32
0.4333111192132379,9664,0,2070,538806,0.01761992451729356,0.0,0.9823800754827064,1.0,1.0,0.01761992451729356,0.034629676744294374,32
0.43482091405370216,9970,0,2070,538500,0.01817784017357376,0.0,0.9818221598264263,1.0,1.0,0.01817784017357376,0.03570661127426402,32
0.4363307088941664,10299,0,2070,538171,0.018777690666763908,0.0,0.9812223093332361,1.0,1.0,0.018777690666763908,0.03686317601728085,32
0.4378405037346306,10607,0,2070,537863,0.01933925283060149,0.0,0.9806607471693986,1.0,1.0,0.01933925283060149,0.03794468382709358,32
0.4393502985750949,10951,0,2070,537519,0.019966452130472042,0.0,0.980033547869528,1.0,1.0,0.019966452130472042,0.03915119382361406,32
0.44086009341555915,11302,0,2070,537168,0.020606414206793443,0.0,0.9793935857932066,1.0,1.0,0.020606414206793443,0.040380726438621437,32
0.44236988825602336,11677,0,2070,536793,0.02129013437380349,0.0,0.9787098656261966,1.0,1.0,0.02129013437380349,0.041692627113954016,32
0.4438796830964876,12037,0,2070,536433,0.021946505734133134,0.0,0.9780534942658669,1.0,1.0,0.021946505734133134,0.042950400262619384,32
0.4453894779369519,12412,0,2070,536058,0.02263022590114318,0.0,0.9773697740988568,1.0,1.0,0.02263022590114318,0.04425886371821524,32
0.4468992727774161,12791,0,2070,535679,0.023321239083268,0.0,0.976678760916732,1.0,1.0,0.023321239083268,0.04557950757312552,32
0.44840906761788035,13217,0,2070,535253,0.024097945192991414,0.0,0.9759020548070085,1.0,1.0,0.024097945192991414,0.04706179776281096,32
0.4499188624583446,13608,0,2070,534862,0.024810837420460554,0.0,0.9751891625795395,1.0,1.0,0.024810837420460554,0.04842032600457588,32
0.4514286572988088,14009,0,2070,534461,0.02554196218571663,0.0,0.9744580378142834,1.0,1.0,0.02554196218571663,0.049811637412241164,32
0.4529384521392731,14450,0,2070,534020,0.026346017102120443,0.0,0.9736539828978795,1.0,1.0,0.026346017102120443,0.05133944432601436,32
0.45444824697973735,14893,0,2070,533577,0.027153718526081644,0.0,0.9728462814739184,1.0,1.0,0.027153718526081644,0.05287177184160123,32
0.45595804182020155,15366,0,2070,533104,0.02801611756340365,0.0,0.9719838824365964,1.0,1.0,0.02801611756340365,0.054505210735036426,32
0.4574678366606658,15827,0,2070,532643,0.028856637555381332,0.0,0.9711433624446186,1.0,1.0,0.028856637555381332,0.05609457431104542,32
0.4589776315011301,16309,0,2070,532161,0.02973544587671158,0.0,0.9702645541232884,1.0,1.0,0.02973544587671158,0.05775356378335597,32
0.4604874263415943,16814,0,2070,531656,0.030656189034951774,0.0,0.9693438109650482,1.0,1.0,0.030656189034951774,0.059488681795345354,32
0.46199722118205855,17305,0,2070,531165,0.03155140664029026,0.0,0.9684485933597098,1.0,1.0,0.03155140664029026,0.061172727674428884,32
0.4635070160225228,17838,0,2070,530632,0.032523200904333874,0.0,0.9674767990956661,1.0,1.0,0.032523200904333874,0.06299752078374311,32
0.465016810862987,18352,0,2070,530118,0.03346035334658231,0.0,0.9665396466534177,1.0,1.0,0.03346035334658231,0.06475401448779335,32
0.4665266057034513,18886,0,2070,529584,0.03443397086440462,0.0,0.9655660291355954,1.0,1.0,0.03443397086440462,0.06657548347069565,32
0.46803640054391554,19421,0,2070,529049,0.03540941163600562,0.0,0.9645905883639944,1.0,1.0,0.03540941163600562,0.06839692828377278,32
0.46954619538437975,19962,0,2070,528508,0.036395791930278774,0.0,0.9636042080697212,1.0,1.0,0.036395791930278774,0.07023531398654544,32
0.471055990224844,20549,0,2070,527921,0.037466041898371834,0.0,0.9625339581016281,1.0,1.0,0.037466041898371834,0.07222605923528036,32
0.4725657850653083,21153,0,2070,527317,0.03856728718070268,0.0,0.9614327128192973,1.0,1.0,0.03856728718070268,0.07427017518604409,32
0.4740755799057725,21775,0,2070,526695,0.03970135103105001,0.0,0.96029864896895,1.0,1.0,0.03970135103105001,0.07637068277670124,32
0.47558537474623674,22397,0,2070,526073,0.040835414881397344,0.0,0.9591645851186027,1.0,1.0,0.040835414881397344,0.07846661306398864,32
0.477095169586701,23038,0,2070,525432,0.042004120553539845,0.0,0.9579958794464601,1.0,1.0,0.042004120553539845,0.08062179357069367,32
0.4786049644271652,23644,0,2070,524826,0.04310901234342808,0.0,0.9568909876565719,1.0,1.0,0.04310901234342808,0.08265485550082675,32
0.4801147592676295,24293,0,2070,524177,0.04429230404580013,0.0,0.9557076959541999,1.0,1.0,0.04429230404580013,0.08482740679827433,32
0.48162455410809374,24942,0,2070,523528,0.04547559574817219,0.0,0.9545244042518278,1.0,1.0,0.04547559574817219,0.08699504021541231,32
0.48313434894855795,25638,0,2070,522832,0.04674458037814283,0.0,0.9532554196218571,1.0,1.0,0.04674458037814283,0.08931420568952184,32
0.4846441437890222,26319,0,2070,522151,0.04798621620143308,0.0,0.9520137837985669,1.0,1.0,0.04798621620143308,0.09157795295317064,32
0.48615393862948647,27025,0,2070,521445,0.049273433369190656,0.0,0.9507265666308093,1.0,1.0,0.049273433369190656,0.09391914786401272,32
0.4876637334699507,27809,0,2070,520661,0.050702864331686325,0.0,0.9492971356683136,1.0,1.0,0.050702864331686325,0.09651227964232603,32
0.48917352831041494,28616,0,2070,519854,0.052174230131091945,0.0,0.9478257698689081,1.0,1.0,0.052174230131091945,0.09917412655999279,32
0.4906833231508792,29384,0,2070,519086,0.053574489033128524,0.0,0.9464255109668714,1.0,1.0,0.053574489033128524,0.10170042952025946,32
0.4921931179913434,30185,0,2070,518285,0.05503491530986198,0.0,0.9449650846901381,1.0,1.0,0.05503491530986198,0.10432814025628398,32
0.49370291283180767,31017,0,2070,517453,0.05655186245373493,0.0,0.9434481375462651,1.0,1.0,0.05655186245373493,0.10704985616588465,32
0.49521270767227193,31783,0,2070,516687,0.057948474848214124,0.0,0.9420515251517859,1.0,1.0,0.057948474848214124,0.10954876579698855,32
0.49672250251273614,32641,0,2070,515829,0.05951282659033311,0.0,0.9404871734096669,1.0,1.0,0.05951282659033311,0.11233998323900253,32
0.4982322973532004,33539,0,2070,514931,0.061150108483599835,0.0,0.9388498915164002,1.0,1.0,0.061150108483599835,0.11525251327728608,32
0.49974209219366467,34406,0,2070,514064,0.06273086950972706,0.0,0.9372691304902729,1.0,1.0,0.06273086950972706,0.11805598446324776,32
0.5012518870341289,35298,0,2070,513172,0.06435721188032162,0.0,0.9356427881196784,1.0,1.0,0.06435721188032162,0.12093160296556167,32
0.5027616818745931,36195,0,2070,512275,0.06599267051980966,0.0,0.9340073294801904,1.0,1.0,0.06599267051980966,0.12381449205955547,32
0.5042714767150573,37195,0,2070,511275,0.06781592429850311,0.0,0.9321840757014969,1.0,1.0,0.06781592429850311,0.1270180051736061,32
0.5057812715555217,38181,0,2070,510289,0.06961365252429486,0.0,0.9303863474757051,1.0,1.0,0.06961365252429486,0.13016597602322333,32
0.5072910663959859,39203,0,2070,509267,0.07147701788611957,0.0,0.9285229821138804,1.0,1.0,0.07147701788611957,0.13341773401194204,32
0.5088008612364501,40156,1,2069,508314,0.07321457873721443,0.0004830917874396135,0.9267854212627855,0.9995169082125603,0.9999750977413652,0.07321457873721443,0.1364395449070464,32
0.5103106560769144,41121,1,2069,507349,0.07497401863365362,0.0004830917874396135,0.9250259813663464,0.9995169082125603,0.9999756821166286,0.07497401863365362,0.1394896809997422,32
0.5118204509173786,42153,1,2069,506317,0.07685561653326527,0.0004830917874396135,0.9231443834667348,0.9995169082125603,0.9999762774588414,0.07685561653326527,0.14274055913745462,32
0.5133302457578428,43203,1,2069,505267,0.0787700330008934,0.0004830917874396135,0.9212299669991066,0.9995169082125603,0.9999768539950005,0.0787700330008934,0.1460364998292979,32
0.5148400405983071,44221,1,2069,504249,0.08062610534760334,0.0004830917874396135,0.9193738946523967,0.9995169082125603,0.9999773868210393,0.08062610534760334,0.1492208432035526,32
0.5163498354387713,45376,1,2069,503094,0.08273196346199428,0.0004830917874396135,0.9172680365380057,0.9995169082125603,0.9999779624038609,0.08273196346199428,0.15282050763917307,32
0.5178596302792355,46482,1,2069,501988,0.08474848214122924,0.0004830917874396135,0.9152515178587708,0.9995169082125603,0.9999784867585999,0.08474848214122924,0.1562543595880683,32
0.5193694251196999,47681,1,2069,500789,0.08693456342188269,0.0004830917874396135,0.9130654365781173,0.9995169082125603,0.9999790277253471,0.08693456342188269,0.1599625598840564,32
0.5208792199601641,48819,2,2068,499651,0.08900942622203585,0.000966183574879227,0.9109905737779641,0.9990338164251208,0.9999590340222445,0.08900942622203585,0.16346805828314842,32
0.5223890148006283,50018,2,2068,498452,0.0911955075026893,0.000966183574879227,0.9088044924973107,0.9990338164251208,0.9999600159936025,0.0911955075026893,0.16714732075723907,32
0.5238988096410926,51217,2,2068,497253,0.09338158878334275,0.000966183574879227,0.9066184112166572,0.9990338164251208,0.9999609519904723,0.09338158878334275,0.1708118708197082,32
0.5254086044815568,52413,2,2068,496057,0.09556220030266013,0.000966183574879227,0.9044377996973398,0.9990338164251208,0.9999618429838787,0.09556220030266013,0.17445268229361693,32
0.526918399322021,53680,2,2068,494790,0.09787226284026473,0.000966183574879227,0.9021277371597353,0.9990338164251208,0.9999627435639507,0.09787226284026473,0.17829385271492915,32
0.5284281941624853,54983,3,2067,493487,0.1002479625139023,0.0014492753623188406,0.8997520374860977,0.9985507246376811,0.9999454406576219,0.1002479625139023,0.18222703892247324,32
0.5299379890029495,56255,4,2066,492215,0.10256714132040039,0.001932367149758454,0.8974328586795997,0.9980676328502416,0.9999289002648465,0.10256714132040039,0.18605028037352267,32
0.5314477838434137,57559,4,2066,490911,0.10494466424781665,0.001932367149758454,0.8950553357521833,0.9980676328502416,0.999930510918472,0.10494466424781665,0.1899533523752007,32
0.532957578683878,58876,4,2066,489594,0.10734588947435593,0.001932367149758454,0.892654110525644,0.9980676328502416,0.9999320652173913,0.10734588947435593,0.19387832386597512,32
0.5344673735243423,60236,4,2066,488234,0.10982551461337904,0.001932367149758454,0.8901744853866209,0.9980676328502416,0.999933598937583,0.10982551461337904,0.19791362060751425,32
0.5359771683648065,61585,4,2066,486885,0.11228508396083652,0.001932367149758454,0.8877149160391635,0.9980676328502416,0.9999350533374466,0.11228508396083652,0.2018985048987065,32
0.5374869632052708,62928,4,2066,485542,0.11473371378562182,0.001932367149758454,0.8852662862143782,0.9980676328502416,0.9999364393313418,0.11473371378562182,0.2058481980758977,32
0.538996758045735,64352,4,2066,484118,0.1173300271664813,0.001932367149758454,0.8826699728335187,0.9980676328502416,0.9999378457331096,0.1173300271664813,0.21001719900918045,32
0.5405065528861992,65743,4,2066,482727,0.1198661731726439,0.001932367149758454,0.8801338268273561,0.9980676328502416,0.9999391607221623,0.1198661731726439,0.21407092281718026,32
0.5420163477266634,67097,4,2066,481373,0.12233485878899485,0.001932367149758454,0.8776651412110051,0.9980676328502416,0.999940388369771,0.12233485878899485,0.21799922348518694,32
0.5435261425671277,68533,4,2066,479937,0.12495305121519865,0.001932367149758454,0.8750469487848014,0.9980676328502416,0.9999416373637597,0.12495305121519865,0.22214658828830144,32
0.5450359374075919,69900,4,2066,478570,0.1274454391306726,0.001932367149758454,0.8725545608693274,0.9980676328502416,0.9999427786678874,0.1274454391306726,0.22607677554360306,32
0.5465457322480561,71332,5,2065,477138,0.13005633854176163,0.0024154589371980675,0.8699436614582384,0.9975845410628019,0.9999299101448056,0.13005633854176163,0.23017487701816858,32
0.5480555270885205,72833,6,2064,475637,0.1327930424635805,0.002898550724637681,0.8672069575364195,0.9971014492753624,0.9999176265462184,0.1327930424635805,0.23445016891755954,32
0.5495653219289847,74324,6,2064,474146,0.13551151384761245,0.002898550724637681,0.8644884861523876,0.9971014492753624,0.9999192788914301,0.13551151384761245,0.23867694283879257,32
0.5510751167694489,75862,6,2064,472608,0.13831567815924298,0.002898550724637681,0.861684321840757,0.9971014492753624,0.9999209152738968,0.13831567815924298,0.24301580233783623,32
0.5525849116099132,77430,7,2063,471040,0.14117454008423433,0.003381642512077295,0.8588254599157656,0.9966183574879227,0.9999096039361028,0.14117454008423433,0.24741694852430154,32
0.5540947064503774,78959,7,2063,469511,0.14396229511185663,0.003381642512077295,0.8560377048881433,0.9966183574879227,0.9999113542537295,0.14396229511185663,0.2516878215467394,32
0.5556045012908416,80535,7,2063,467935,0.1468357430670775,0.003381642512077295,0.8531642569329225,0.9966183574879227,0.9999130888232227,0.1468357430670775,0.2560682467107146,32
0.5571142961313059,82117,7,2063,466353,0.14972013054497055,0.003381642512077295,0.8502798694550294,0.9966183574879227,0.9999147630412547,0.14972013054497055,0.26044332803674,32
0.5586240909717701,83747,7,2063,464723,0.15269203420424088,0.003381642512077295,0.8473079657957591,0.9966183574879227,0.9999164219022375,0.15269203420424088,0.2649282532773194,32
0.5601338858122343,85383,7,2063,463087,0.15567487738618338,0.003381642512077295,0.8443251226138166,0.9966183574879227,0.9999180231877269,0.15567487738618338,0.26940649354747104,32
0.5616436806526987,86988,7,2063,461482,0.15860119970098638,0.003381642512077295,0.8413988002990136,0.9966183574879227,0.9999195356054945,0.15860119970098638,0.27377747004162306,32
0.5631534754931629,88668,8,2062,459802,0.16166426604919137,0.003864734299516908,0.8383357339508086,0.996135265700483,0.9999097839325184,0.16166426604919137,0.27832867192134925,32
0.5646632703336271,90369,8,2062,458101,0.16476562072674897,0.003864734299516908,0.8352343792732511,0.996135265700483,0.9999114819035817,0.16476562072674897,0.28291281010946284,32
0.5661730651740914,92005,9,2061,456465,0.16774846390869144,0.004347826086956522,0.8322515360913085,0.9956521739130435,0.9999021887973569,0.16774846390869144,0.28729835561856343,32
0.5676828600145556,93682,10,2060,454788,0.17080606049556038,0.004830917874396135,0.8291939395044396,0.9951690821256038,0.9998932673013704,0.17080606049556038,0.29177061239998625,32
0.5691926548550198,95418,10,2060,453052,0.1739712290553722,0.004830917874396135,0.8260287709446278,0.9951690821256038,0.999895208953347,0.1739712290553722,0.29637613410819724,32
0.5707024496954841,97175,10,2060,451295,0.17717468594453661,0.004830917874396135,0.8228253140554633,0.9951690821256038,0.9998971034624685,0.17717468594453661,0.30101215045186674,32
0.5722122445359483,98876,10,2060,449594,0.18027604062209418,0.004830917874396135,0.8197239593779058,0.9951690821256038,0.9998988734502356,0.18027604062209418,0.30547643027947524,32
0.5737220393764125,100712,11,2059,447758,0.18362353455977537,0.005314009661835749,0.8163764654402246,0.9946859903381643,0.9998907895912552,0.18362353455977537,0.310268286934702,32
0.5752318342168768,102424,12,2058,446046,0.18674494502889857,0.005797101449275362,0.8132550549711014,0.9942028985507246,0.9998828536842517,0.18674494502889857,0.31471210896811525,32
0.576741629057341,104139,15,2055,444331,0.18987182525935786,0.007246376811594203,0.8101281747406421,0.9927536231884058,0.9998559824874704,0.18987182525935786,0.3191393512956925,32
0.5782514238978053,105935,16,2054,442535,0.1931463890458913,0.007729468599033816,0.8068536109541087,0.9922705314009662,0.9998489867957829,0.1931463890458913,0.323751835592073,32
0.5797612187382696,107782,16,2054,440688,0.19651393877513812,0.007729468599033816,0.8034860612248619,0.9922705314009662,0.9998515742407095,0.19651393877513812,0.32846946674224553,32
0.5812710135787338,109711,16,2054,438759,0.2000309953142378,0.007729468599033816,0.7999690046857623,0.9922705314009662,0.999854183564665,0.2000309953142378,0.33336827727868706,32
0.582780808419198,111599,16,2054,436871,0.20347329844841103,0.007729468599033816,0.796526701551589,0.9922705314009662,0.9998566500918336,0.20347329844841103,0.3381352401584644,32
0.5842906032596623,113461,16,2054,435009,0.20686819698433825,0.007729468599033816,0.7931318030156618,0.9922705314009662,0.9998590022647761,0.20686819698433825,0.3428099228488081,32
0.5858003981001265,115342,18,2052,433128,0.21029773734206064,0.008695652173913044,0.7897022626579394,0.991304347826087,0.9998439667128988,0.21029773734206064,0.3475046322100538,32
0.5873101929405907,117360,20,2050,431110,0.21397706346746403,0.00966183574879227,0.786022936532536,0.9903381642512077,0.999829613222014,0.21397706346746403,0.35251182698806033,32
0.588819987781055,119340,21,2049,429130,0.21758710594927708,0.010144927536231883,0.7824128940507229,0.9898550724637681,0.9998240631362003,0.21758710594927708,0.35739580822094213,32
0.5903297826215193,121262,21,2049,427208,0.2210913997119259,0.010144927536231883,0.7789086002880741,0.9898550724637681,0.9998268512487323,0.2210913997119259,0.3621096135440976,32
0.5918395774619835,123207,22,2048,425263,0.22463762831148468,0.010628019323671498,0.7753623716885153,0.9893719806763285,0.9998214705953956,0.22463762831148468,0.3668518190439468,32
0.5933493723024478,125139,22,2048,423331,0.22816015461192043,0.010628019323671498,0.7718398453880796,0.9893719806763285,0.9998242263964014,0.22816015461192043,0.3715357517691436,32
0.594859167142912,127129,23,2047,421341,0.2317884296315204,0.011111111111111112,0.7682115703684795,0.9888888888888889,0.9998191141311187,0.2317884296315204,0.37633173579309137,32
0.5963689619833762,129153,23,2047,419317,0.23547869527959597,0.011111111111111112,0.764521304720404,0.9888888888888889,0.9998219483495386,0.23547869527959597,0.3811813247624866,32
0.5978787568238405,131064,23,2047,417406,0.23896293325067916,0.011111111111111112,0.7610370667493208,0.9888888888888889,0.9998245440051263,0.23896293325067916,0.3857336470671335,32
0.5993885516643047,133048,24,2046,415422,0.242580268747607,0.011594202898550725,0.757419731252393,0.9884057971014493,0.999819646507154,0.242580268747607,0.3904322844373494,32
0.6008983465047689,135099,25,2045,413371,0.24631976224770727,0.012077294685990338,0.7536802377522928,0.9879227053140096,0.9998149847547438,0.24631976224770727,0.3952609297331457,32
0.6024081413452332,137154,28,2042,411316,0.25006654876292234,0.01352657004830918,0.7499334512370777,0.9864734299516909,0.9997958915892755,0.25006654876292234,0.4000688395862624,32
0.6039179361856974,139187,28,2042,409283,0.2537732236950061,0.01352657004830918,0.7462267763049939,0.9864734299516909,0.9997988722479618,0.2537732236950061,0.40479870871111046,32
0.6054277310261617,141232,29,2041,407238,0.2575017776724342,0.014009661835748793,0.7424982223275658,0.9859903381642512,0.9997947062529644,0.2575017776724342,0.40952777242142224,32
0.606937525866626,143271,29,2041,405199,0.2612193921271902,0.014009661835748793,0.7387806078728099,0.9859903381642512,0.9997976273551988,0.2612193921271902,0.41421570753285053,32
0.6084473207070902,145363,29,2041,403107,0.2650336390322169,0.014009661835748793,0.7349663609677831,0.9859903381642512,0.9998005392318697,0.2650336390322169,0.41899686104729755,32
0.6099571155475544,147452,30,2040,401018,0.26884241617590754,0.014492753623188406,0.7311575838240925,0.9855072463768116,0.9997965853460083,0.26884241617590754,0.42374186725521307,32
0.6114669103880187,149503,32,2038,398967,0.2725819096760078,0.015458937198067632,0.7274180903239922,0.9845410628019323,0.9997860032768249,0.2725819096760078,0.4283722895967794,32
0.6129767052284829,151625,36,2034,396845,0.2764508541943953,0.017391304347826087,0.7235491458056047,0.9826086956521739,0.9997626284938118,0.2764508541943953,0.4331332279244884,32
0.6144865000689471,153774,37,2033,394696,0.28036902656480756,0.017874396135265702,0.7196309734351924,0.9821256038647344,0.99975944503319,0.28036902656480756,0.4379272684295888,32
0.6159962949094114,155854,38,2032,392616,0.28416139442448995,0.018357487922705314,0.71583860557551,0.9816425120772947,0.999756241500526,0.28416139442448995,0.4425394896374307,32
0.6175060897498756,158017,40,2030,390453,0.2881050923478039,0.01932367149758454,0.7118949076521961,0.9806763285024155,0.9997469267416186,0.2881050923478039,0.44730633082670584,32
0.6190158845903398,160180,40,2030,388290,0.29204879027111785,0.01932367149758454,0.7079512097288821,0.9806763285024155,0.9997503432779927,0.29204879027111785,0.45204532306085876,32
0.6205256794308042,162413,41,2029,386057,0.29612011595894033,0.019806763285024155,0.7038798840410597,0.9801932367149758,0.9997476208649834,0.29612011595894033,0.45690678609809204,32
0.6220354742712684,164555,44,2026,383915,0.3000255255529017,0.021256038647342997,0.6999744744470983,0.978743961352657,0.9997326836736554,0.3000255255529017,0.46154018755548193,32
0.6235452691117326,166788,47,2023,381682,0.3040968512407242,0.022705314009661835,0.6959031487592758,0.9772946859903382,0.999718284532622,0.3040968512407242,0.46634093149076267,32
0.6250550639521969,168919,48,2022,379551,0.30798220504311996,0.02318840579710145,0.6920177949568801,0.9768115942028985,0.9997159208602864,0.30798220504311996,0.47089570234041456,32
0.6265648587926611,171074,49,2021,377396,0.31191131693620433,0.023671497584541065,0.6880886830637957,0.976328502415459,0.9997136562589483,0.31191131693620433,0.4754743306285636,32
0.6280746536331253,173324,51,2019,375146,0.31601363793826465,0.02463768115942029,0.6839863620617354,0.9753623188405797,0.9997058399423215,0.31601363793826465,0.4802249790467482,32
0.6295844484735896,175365,54,2016,373105,0.319734898900578,0.02608695652173913,0.6802651010994221,0.9739130434782609,0.9996921656148992,0.319734898900578,0.48450798395886663,32
0.6310942433140538,177615,58,2012,370855,0.32383721990263825,0.028019323671497585,0.6761627800973617,0.9719806763285024,0.9996735576030122,0.32383721990263825,0.489201162856352,32
0.632604038154518,179792,58,2012,368678,0.3278064433788539,0.028019323671497585,0.6721935566211461,0.9719806763285024,0.9996775090353072,0.3278064433788539,0.4937170474516696,32
0.6341138329949824,181948,59,2011,366522,0.331737378525717,0.028502415458937197,0.6682626214742831,0.9714975845410628,0.9996758366436456,0.331737378525717,0.49816215979421663,32
0.6356236278354466,184148,59,2011,364322,0.3357485368388426,0.028502415458937197,0.6642514631611574,0.9714975845410628,0.9996797081544132,0.3357485368388426,0.5026717093616969,32
0.6371334226759108,186306,59,2011,362164,0.3396831184932631,0.028502415458937197,0.660316881506737,0.9714975845410628,0.9996834169506077,0.3396831184932631,0.5070689338422911,32
0.6386432175163751,188493,63,2007,359977,0.3436705745072657,0.030434782608695653,0.6563294254927343,0.9695652173913043,0.9996658817539616,0.3436705745072657,0.5114962023049391,32
0.6401530123568393,190756,67,2003,357714,0.34779659780844896,0.0323671497584541,0.652203402191551,0.9676328502415459,0.9996488892848346,0.34779659780844896,0.5160497935189431,32
0.6416628071973035,192924,69,2001,355546,0.35174941200065635,0.03333333333333333,0.6482505879993437,0.9666666666666667,0.9996424740793708,0.35174941200065635,0.5203873962692677,32
0.6431726020377678,195134,70,2000,353336,0.35577880285156893,0.033816425120772944,0.6442211971484311,0.966183574879227,0.9996414007909674,0.35577880285156893,0.5247837089907675,32
0.644682396878232,197388,72,1998,351082,0.35988841686874395,0.034782608695652174,0.640111583131256,0.9652173913043478,0.9996353691886964,0.35988841686874395,0.5292400091161369,32
0.6461921917186962,199631,73,1997,348839,0.36397797509435337,0.035265700483091786,0.6360220249056466,0.9647342995169083,0.999634458999319,0.36397797509435337,0.5336485897665516,32
0.6477019865591606,201890,74,1996,346580,0.3680967053804219,0.035748792270531404,0.6319032946195781,0.9642512077294686,0.9996335980669823,0.3680967053804219,0.5380619748039135,32
0.6492117813996248,204098,75,1995,344372,0.37212244972377706,0.036231884057971016,0.6278775502762229,0.9637681159420289,0.999632664456123,0.37212244972377706,0.542350091610498,32
0.650721576240089,206389,76,1994,342081,0.3762995241307638,0.03671497584541063,0.6237004758692363,0.9632850241545894,0.9996318988690577,0.3762995241307638,0.54677290097823,32
0.6522313710805533,208747,77,1993,339723,0.38059875654092296,0.03719806763285024,0.6194012434590771,0.9628019323671497,0.9996312684365781,0.38059875654092296,0.5512971184242844,32
0.6537411659210175,210979,78,1992,337491,0.3846682589749667,0.03768115942028986,0.6153317410250333,0.9623188405797102,0.9996304315895705,0.3846682589749667,0.5555536537871596,32
0.6552509607614817,213285,81,1989,335185,0.38887268218863386,0.0391304347826087,0.6111273178113662,0.9608695652173913,0.9996203706307472,0.38887268218863386,0.5599236581101444,32
0.656760755601946,215487,84,1986,332983,0.3928874870093168,0.04057971014492753,0.6071125129906831,0.9594202898550724,0.9996103371974895,0.3928874870093168,0.5640718233707354,32
0.6582705504424102,217793,85,1985,330677,0.39709191022298396,0.04106280193236715,0.602908089777016,0.9589371980676329,0.9996098734153976,0.39709191022298396,0.5683919055050709,32
0.6597803452828744,220093,85,1985,328377,0.4012853939139789,0.04106280193236715,0.5987146060860211,0.9589371980676329,0.9996139487142222,0.4012853939139789,0.5726756590793185,32
0.6612901401233388,222317,86,1984,326153,0.4053403103177931,0.04154589371980676,0.5946596896822068,0.9584541062801932,0.9996133145685985,0.4053403103177931,0.576792805040519,32
0.662799934963803,224623,89,1981,323847,0.40954473353146026,0.042995169082125605,0.5904552664685397,0.9570048309178744,0.9996039374844246,0.40954473353146026,0.5810352543126975,32
0.6643097298042672,226899,89,1981,321571,0.41369445913176656,0.042995169082125605,0.5863055408682335,0.9570048309178744,0.9996079087881298,0.41369445913176656,0.5851999721454934,32
0.6658195246447315,229149,91,1979,319321,0.4177967801338268,0.04396135265700483,0.5822032198661732,0.9560386473429952,0.9996030361193509,0.4177967801338268,0.589291638271335,32
0.6673293194851957,231401,91,1979,317069,0.4219027476434445,0.04396135265700483,0.5780972523565555,0.9560386473429952,0.9996068978625611,0.4219027476434445,0.5933648049520361,32
0.6688391143256599,233615,92,1978,314855,0.4259394315094718,0.044444444444444446,0.5740605684905282,0.9555555555555556,0.9996063446965645,0.4259394315094718,0.59734561358874,32
0.6703489091661242,235882,93,1977,312588,0.4300727478257699,0.04492753623188406,0.5699272521742301,0.9550724637681159,0.9996058904544973,0.4300727478257699,0.6013984409359483,32
0.6718587040065884,238137,95,1975,310333,0.43418418509672363,0.04589371980676329,0.5658158149032764,0.9541062801932367,0.9996012290540314,0.43418418509672363,0.6054058588893889,32
0.6733684988470526,240522,98,1972,307948,0.4385326453589075,0.04734299516908213,0.5614673546410925,0.9526570048309179,0.9995927188097415,0.4385326453589075,0.6096186746758925,32
0.674878293687517,242861,98,1972,305609,0.4427972359472715,0.04734299516908213,0.5572027640527285,0.9526570048309179,0.9995966397622644,0.4427972359472715,0.613727826501177,32
0.6763880885279812,245155,98,1972,303315,0.4469797801155943,0.04734299516908213,0.5530202198844058,0.9526570048309179,0.9996004126351156,0.4469797801155943,0.6177343985244222,32
0.6778978833684454,247467,99,1971,301003,0.4511951428519336,0.04782608695652174,0.5488048571480665,0.9521739130434783,0.9996001066382298,0.4511951428519336,0.621748262641388,32
0.6794076782089097,249822,100,1970,298648,0.45548890550075666,0.04830917874396135,0.5445110944992434,0.9516908212560387,0.9995998751610502,0.45548890550075666,0.6258128838966323,32
0.6809174730493739,252125,101,1969,296345,0.45968785895308767,0.048792270531400964,0.5403121410469123,0.951207729468599,0.9995995654690635,0.45968785895308767,0.6297646047938293,32
0.6824272678898381,254358,104,1966,294112,0.46375918464091015,0.050241545893719805,0.5362408153590899,0.9497584541062802,0.9995912945744355,0.46375918464091015,0.633572955119487,32
0.6839370627303024,256671,105,1965,291799,0.46797637063102815,0.050724637681159424,0.5320236293689719,0.9492753623188406,0.9995910832788111,0.46797637063102815,0.6374971126835773,32
0.6854468575707666,258912,106,1964,289558,0.47206228234908015,0.051207729468599035,0.5279377176509198,0.9487922705314009,0.9995907620319824,0.47206228234908015,0.6412776412776413,32
0.6869566524112308,261247,107,1963,287223,0.4763195799223294,0.051690821256038647,0.5236804200776706,0.9483091787439614,0.9995905936010162,0.4763195799223294,0.6451945114000079,32
0.6884664472516951,263472,109,1961,284998,0.48037631957992233,0.052657004830917876,0.5196236804200777,0.9473429951690822,0.9995864648817631,0.48037631957992233,0.6489050564558136,32
0.6899762420921594,265815,112,1958,282655,0.48464820318340107,0.05410628019323672,0.5153517968165989,0.9458937198067633,0.9995788317846627,0.48464820318340107,0.6527897327716089,32
0.6914860369326236,268076,112,1958,280394,0.488770579977027,0.05410628019323672,0.511229420022973,0.9458937198067633,0.9995823825077931,0.488770579977027,0.6565196202082144,32
0.6929958317730879,270397,115,1955,278073,0.4930023519973745,0.05555555555555555,0.5069976480026255,0.9444444444444444,0.9995748802271248,0.4930023519973745,0.6603246469397372,32
0.6945056266135521,272694,117,1953,275776,0.49719036592703336,0.05652173913043478,0.5028096340729666,0.9434782608695652,0.9995711316625796,0.49719036592703336,0.6640699102986676,32
0.6960154214540163,275029,117,1953,273441,0.5014476635002826,0.05652173913043478,0.4985523364997174,0.9434782608695652,0.9995747712123745,0.5014476635002826,0.6678573509985235,32
0.6975252162944805,277314,118,1952,271156,0.5056137983845972,0.057004830917874394,0.49438620161540286,0.9429951690821256,0.9995746705499006,0.5056137983845972,0.671542144225344,32
0.6990350111349448,279508,118,1952,268962,0.5096140171750506,0.057004830917874394,0.4903859828249494,0.9429951690821256,0.999578007767518,0.5096140171750506,0.6750618285802613,32
0.700544805975409,281796,120,1950,266674,0.5137856218207012,0.057971014492753624,0.4862143781792988,0.9420289855072463,0.9995743412931511,0.5137856218207012,0.6787108645858673,32
0.7020546008158732,284024,121,1949,264446,0.5178478312396303,0.058454106280193235,0.48215216876036976,0.9415458937198068,0.9995741610797304,0.5178478312396303,0.6822456957897709,32
0.7035643956563375,286223,121,1949,262247,0.5218571662989772,0.058454106280193235,0.47814283370102284,0.9415458937198068,0.9995774313413237,0.5218571662989772,0.685716818357143,32
0.7050741904968018,288489,121,1949,259981,0.5259886593614965,0.058454106280193235,0.4740113406385035,0.9415458937198068,0.9995807491077925,0.5259886593614965,0.6892746213026234,32
0.706583985337266,290760,122,1948,257710,0.5301292686929093,0.05893719806763285,0.4698707313070906,0.9410628019323671,0.9995805859420659,0.5301292686929093,0.6928201755640064,32
0.7080937801777303,292992,123,1947,255478,0.5341987711269531,0.059420289855072465,0.4658012288730468,0.9405797101449276,0.9995803694795558,0.5341987711269531,0.696286174302061,32
0.7096035750181945,295235,124,1946,253235,0.5382883293525625,0.05990338164251208,0.4617116706474374,0.9400966183574879,0.9995801719263676,0.5382883293525625,0.6997507788900358,32
0.7111133698586587,297349,124,1946,251121,0.5421426878407205,0.05990338164251208,0.45785731215927944,0.9400966183574879,0.9995831554460405,0.5421426878407205,0.7030000839300047,32
0.712623164699123,299564,124,1946,248906,0.5461811949605265,0.05990338164251208,0.45381880503947347,0.9400966183574879,0.9995862363524732,0.5461811949605265,0.7063872533183676,32
0.7141329595395872,301789,127,1943,246681,0.5502379346181195,0.06135265700483092,0.4497620653818805,0.938647342995169,0.9995793531975782,0.5502379346181195,0.7097694458751673,32
0.7156427543800514,303966,127,1943,244504,0.5542071580943352,0.06135265700483092,0.44579284190566487,0.938647342995169,0.9995823646055647,0.5542071580943352,0.7130640199023415,32
0.7171525492205157,306119,127,1943,242351,0.5581326234798621,0.06135265700483092,0.44186737652013786,0.938647342995169,0.9995853007059684,0.5581326234798621,0.7163057670618076,32
0.71866234406098,308251,127,1943,240219,0.5620198005360366,0.06135265700483092,0.4379801994639634,0.938647342995169,0.9995881677681288,0.5620198005360366,0.7194998412787332,32
0.7201721389014442,310463,127,1943,238007,0.5660528378945066,0.06135265700483092,0.43394716210549344,0.938647342995169,0.9995911008081394,0.5660528378945066,0.7227970106860988,32
0.7216819337419085,312656,128,1942,235814,0.5700512334311812,0.06183574879227053,0.4299487665688187,0.9381642512077295,0.9995907719064914,0.5700512334311812,0.726048297018069,32
0.7231917285823727,314890,130,1940,233580,0.5741243823727825,0.06280193236714976,0.42587561762721754,0.9371980676328503,0.9995873277887118,0.5741243823727825,0.7293425517377156,32
0.7247015234228369,317025,130,1940,231445,0.578017029190293,0.06280193236714976,0.421982970809707,0.9371980676328503,0.999590105784238,0.578017029190293,0.7324765342960288,32
0.7262113182633012,319169,130,1940,229301,0.5819260852918118,0.06280193236714976,0.4180739147081882,0.9371980676328503,0.9995928581047858,0.5819260852918118,0.7356082090971215,32
0.7277211131037654,321395,130,1940,227075,0.5859846482031834,0.06280193236714976,0.4140153517968166,0.9371980676328503,0.9995956768524998,0.5859846482031834,0.7388433266857857,32
0.7292309079442296,323560,130,1940,224910,0.5899319926340547,0.06280193236714976,0.4100680073659453,0.9371980676328503,0.9995983811671662,0.5899319926340547,0.7419739497339937,32
0.7307407027846939,325696,131,1939,222774,0.593826462705344,0.06328502415458938,0.40617353729465605,0.9367149758454106,0.999597946149337,0.593826462705344,0.7450465917188324,32
0.7322504976251581,327909,132,1938,220561,0.5978613233175926,0.06376811594202898,0.40213867668240744,0.936231884057971,0.9995976112742004,0.5978613233175926,0.7482142266326379,32
0.7337602924656224,330034,133,1937,218436,0.6017357375973161,0.0642512077294686,0.3982642624026838,0.9357487922705314,0.9995971735515663,0.6017357375973161,0.7512408423501401,32
0.7352700873060867,332129,133,1937,216341,0.605555454263679,0.0642512077294686,0.39444454573632104,0.9357487922705314,0.9995997134791219,0.605555454263679,0.754211269716554,32
0.7367798821465509,334210,134,1936,214260,0.6093496453771401,0.0647342995169082,0.39065035462285996,0.9352657004830918,0.9995992151795755,0.6093496453771401,0.7571470321041579,32
0.7382896769870151,336356,134,1936,212114,0.6132623479862161,0.0647342995169082,0.3867376520137838,0.9352657004830918,0.9996017712264852,0.6132623479862161,0.7601609112276261,32
0.7397994718274794,338437,134,1936,210033,0.6170565390996773,0.0647342995169082,0.3829434609003227,0.9352657004830918,0.999604218908294,0.6170565390996773,0.7630695762653587,32
0.7413092666679436,340557,135,1935,207913,0.6209218371105074,0.06521739130434782,0.3790781628894926,0.9347826086956522,0.999603747666514,0.6209218371105074,0.7660178910029894,32
0.7428190615084078,342564,135,1935,205906,0.6245811074443451,0.06521739130434782,0.3754188925556548,0.9347826086956522,0.9996060682990029,0.6245811074443451,0.7687969397499239,32
0.7443288563488721,344619,135,1935,203851,0.6283278939595602,0.06521739130434782,0.37167210604043976,0.9347826086956522,0.9996084164360675,0.6283278939595602,0.7716295128657538,32
0.7458386511893363,346708,135,1935,201762,0.6321366711032509,0.06521739130434782,0.36786332889674916,0.9347826086956522,0.999610774903919,0.6321366711032509,0.7744956233183256,32
0.7473484460298006,348803,135,1935,199667,0.6359563877696136,0.06521739130434782,0.36404361223038634,0.9347826086956522,0.9996131117849016,0.6359563877696136,0.7773565646840679,32
0.7488582408702649,350763,135,1935,197707,0.6395299651758528,0.06521739130434782,0.3604700348241472,0.9347826086956522,0.9996152728143222,0.6395299651758528,0.7800210814705438,32
0.7503680357107291,352765,136,1934,195705,0.6431801192407971,0.06570048309178744,0.3568198807592029,0.9342995169082126,0.9996146227978951,0.6431801192407971,0.7827298637298071,32
0.7518778305511933,354782,137,1933,193688,0.6468576221124218,0.06618357487922705,0.3531423778875782,0.9338164251207729,0.999613996432989,0.6468576221124218,0.7854468008797981,32
0.7533876253916576,356826,137,1933,191644,0.6505843528360713,0.06618357487922705,0.34941564716392876,0.9338164251207729,0.999616206721705,0.6505843528360713,0.7881886346090765,32
0.7548974202321218,358815,139,1931,189655,0.6542108046018925,0.06714975845410628,0.3457891953981075,0.9328502415458937,0.9996127637524586,0.6542108046018925,0.7908430898896216,32
0.756407215072586,360900,139,1931,187570,0.6580122887304684,0.06714975845410628,0.3419877112695316,0.9328502415458937,0.9996150000415468,0.6580122887304684,0.7936150164539328,32
0.7579170099130503,362827,140,1930,185643,0.6615256987620107,0.06763285024154589,0.33847430123798933,0.9323671497584541,0.9996142900043254,0.6615256987620107,0.7961647376615169,32
0.7594268047535145,364781,140,1930,183689,0.6650883366455776,0.06763285024154589,0.3349116633544223,0.9323671497584541,0.9996163553207407,0.6650883366455776,0.7987400795497217,32
0.7609365995939787,366687,141,1929,181783,0.6685634583477674,0.06811594202898551,0.3314365416522326,0.9318840579710145,0.9996156236710393,0.6685634583477674,0.8012406888248418,32
0.7624463944344431,368586,141,1929,179884,0.6720258172735063,0.06811594202898551,0.3279741827264937,0.9318840579710145,0.9996176032674581,0.6720258172735063,0.803722646279916,32
0.7639561892749073,370529,141,1929,177941,0.6755683993655077,0.06811594202898551,0.32443160063449233,0.9318840579710145,0.9996196077373405,0.6755683993655077,0.8062514959636182,32
0.7654659841153715,372529,141,1929,175941,0.6792149069228945,0.06811594202898551,0.3207850930771054,0.9318840579710145,0.9996216491802399,0.6792149069228945,0.8088433897127472,32
0.7669757789558358,374387,141,1929,174083,0.6826025124437071,0.06811594202898551,0.31739748755629293,0.9318840579710145,0.9996235261449077,0.6826025124437071,0.8112411944554593,32
0.7684855737963,376333,141,1929,172137,0.6861505642970445,0.06811594202898551,0.3138494357029555,0.9318840579710145,0.9996254721441586,0.6861505642970445,0.8137422373678839,32
0.7699953686367642,378200,142,1928,170270,0.6895545791018652,0.06859903381642513,0.3104454208981348,0.9314009661835749,0.9996246782012042,0.6895545791018652,0.8161309952827543,32
0.7715051634772285,380078,142,1928,168392,0.6929786496982515,0.06859903381642513,0.3070213503017485,0.9314009661835749,0.999626532007785,0.6929786496982515,0.8185250191129441,32
0.7730149583176927,382027,143,1927,166443,0.696532171312925,0.06908212560386473,0.30346782868707495,0.9309178743961353,0.9996258209697255,0.696532171312925,0.8209984526777271,32
0.7745247531581569,383913,143,1927,164557,0.6999708279395409,0.06908212560386473,0.3000291720604591,0.9309178743961353,0.9996276584664736,0.6999708279395409,0.8233829405292721,32
0.7760345479986213,385817,144,1926,162653,0.7034423031341732,0.06956521739130435,0.2965576968658268,0.9304347826086956,0.9996269053090856,0.7034423031341732,0.8257795385641101,32
0.7775443428390855,387689,145,1925,160781,0.7068554342078874,0.07004830917874397,0.2931445657921126,0.9299516908212561,0.9996261287045488,0.7068554342078874,0.8281263350364838,32
0.7790541376795497,389544,145,1925,158926,0.7102375699673638,0.07004830917874397,0.28976243003263624,0.9299516908212561,0.9996279084090134,0.7102375699673638,0.8304434536150055,32
0.780563932520014,391408,145,1925,157062,0.7136361150108483,0.07004830917874397,0.28636388498915166,0.9299516908212561,0.9996296797623822,0.7136361150108483,0.83276260261717,32
0.7820737273604782,393140,145,1925,155330,0.7167939905555454,0.07004830917874397,0.28320600944445457,0.9299516908212561,0.9996313106271534,0.7167939905555454,0.8349092916947612,32
0.7835835222009424,394931,145,1925,153539,0.7200594380731854,0.07004830917874397,0.2799405619268146,0.9299516908212561,0.9996329820085249,0.7200594380731854,0.8371208186988234,32
0.7850933170414067,396729,145,1925,151741,0.7233376483672762,0.07004830917874397,0.27666235163272374,0.9299516908212561,0.9996346447487112,0.7233376483672762,0.8393325604224494,32
0.7866031118818709,398514,146,1924,149956,0.7265921563622441,0.07053140096618357,0.27340784363775594,0.9294685990338164,0.9996337731400191,0.7265921563622441,0.8415191156441039,32
0.7881129067223351,400297,146,1924,148173,0.7298430178496544,0.07053140096618357,0.2701569821503455,0.9294685990338164,0.9996354037903022,0.7298430178496544,0.843695892036467,32
0.7896227015627995,402072,146,1924,146398,0.7330792933068354,0.07053140096618357,0.26692070669316464,0.9294685990338164,0.9996370127642223,0.7330792933068354,0.84585479147733,32
0.7911324964032637,403795,146,1924,144675,0.7362207595675242,0.07053140096618357,0.2637792404324758,0.9294685990338164,0.999638561076989,0.7362207595675242,0.8479427474063194,32
0.7926422912437279,405519,146,1924,142951,0.7393640490819917,0.07053140096618357,0.2606359509180083,0.9294685990338164,0.9996400971244747,0.7393640490819917,0.850024367620934,32
0.7941520860841922,407250,146,1924,141220,0.7425201013729101,0.07053140096618357,0.2574798986270899,0.9294685990338164,0.9996416263291735,0.7425201013729101,0.8521068852747141,32
0.7956618809246564,408975,147,1923,139495,0.7456652141411563,0.07101449275362319,0.25433478585884367,0.9289855072463769,0.9996406939739246,0.7456652141411563,0.8541738026215757,32
0.7971716757651206,410652,147,1923,137818,0.7487228107280253,0.07101449275362319,0.2512771892719748,0.9289855072463769,0.9996421607647535,0.7487228107280253,0.8561769430681071,32
0.7986814706055849,412313,147,1923,136157,0.7517512352544351,0.07101449275362319,0.24824876474556493,0.9289855072463769,0.9996436018038113,0.7517512352544351,0.858154079901762,32
0.8001912654460491,414009,147,1923,134461,0.7548434736630991,0.07101449275362319,0.24515652633690083,0.9289855072463769,0.9996450612812563,0.7548434736630991,0.8601658380305539,32
0.8017010602865133,415669,147,1923,132801,0.7578700749357303,0.07101449275362319,0.2421299250642697,0.9289855072463769,0.9996464782499952,0.7578700749357303,0.8621280408509508,32
0.8032108551269777,417312,148,1922,131158,0.7608656808941237,0.07149758454106281,0.23913431910587635,0.9285024154589372,0.9996454750155703,0.7608656808941237,0.8640626132328431,32
0.8047206499674419,418982,148,1922,129488,0.7639105147045417,0.07149758454106281,0.23608948529545828,0.9285024154589372,0.9996468876005058,0.7639105147045417,0.866023150062009,32
0.8062304448079061,420588,148,1922,127882,0.7668386602731234,0.07149758454106281,0.23316133972687658,0.9285024154589372,0.9996482354730758,0.7668386602731234,0.8679021797223707,32
0.8077402396483704,422188,148,1922,126282,0.7697558663190329,0.07149758454106281,0.23024413368096705,0.9285024154589372,0.9996495681163813,0.7697558663190329,0.8697680072022629,32
0.8092500344888346,423803,148,1922,124667,0.7727004211716229,0.07149758454106281,0.22729957882837712,0.9285024154589372,0.9996509030524754,0.7727004211716229,0.871645100218938,32
0.8107598293292988,425390,148,1922,123080,0.7755939249184094,0.07149758454106281,0.2244060750815906,0.9285024154589372,0.9996522049734688,0.7755939249184094,0.8734835853504284,32
0.8122696241697631,426951,148,1922,121519,0.7784400240669499,0.07149758454106281,0.22155997593305013,0.9285024154589372,0.9996534761261441,0.7784400240669499,0.8752861150774573,32
0.8137794190102273,428481,148,1922,119989,0.7812296023483508,0.07149758454106281,0.21877039765164913,0.9285024154589372,0.9996547130502136,0.7812296023483508,0.877047259284883,32
0.8152892138506915,430088,148,1922,118382,0.7841595711707112,0.07149758454106281,0.21584042882928875,0.9285024154589372,0.999656002751978,0.7841595711707112,0.8788911072375157,32
0.8167990086911558,431610,148,1922,116860,0.7869345634218827,0.07149758454106281,0.2130654365781173,0.9285024154589372,0.9996572153845441,0.7869345634218827,0.8806318529974658,32
0.81830880353162,433070,148,1922,115400,0.7895965139387752,0.07149758454106281,0.21040348606122486,0.9285024154589372,0.9996583706124861,0.7895965139387752,0.882296615625331,32
0.8198185983720843,434566,148,1922,113904,0.7923241015917005,0.07149758454106281,0.20767589840829945,0.9285024154589372,0.9996595462764024,0.7923241015917005,0.8839972985728002,32
0.8213283932125486,436076,148,1922,112394,0.7950772147975277,0.07149758454106281,0.20492278520247234,0.9285024154589372,0.9996607247652582,0.7950772147975277,0.8857086566994418,32
0.8228381880530128,437538,149,1921,110932,0.7977428118219775,0.07198067632850241,0.2022571881780225,0.9280193236714975,0.9996595740791936,0.7977428118219775,0.8873597206124381,32
0.824347982893477,439059,149,1921,109411,0.8005159808193703,0.07198067632850241,0.19948401918062975,0.9280193236714975,0.9996607529917488,0.8005159808193703,0.8890731594710017,32
0.8258577777339413,440520,149,1921,107950,0.8031797545900414,0.07198067632850241,0.1968202454099586,0.9280193236714975,0.999661877735897,0.8031797545900414,0.8907140452454104,32
0.8273675725744055,441922,149,1921,106548,0.8057359563877696,0.07198067632850241,0.19426404361223037,0.9280193236714975,0.9996629500691065,0.8057359563877696,0.8922841154480229,32
0.8288773674148697,443386,149,1921,105084,0.8084051999197769,0.07198067632850241,0.19159480008022317,0.9280193236714975,0.9996640625880708,0.8084051999197769,0.8939188814572508,32
0.830387162255334,444857,149,1921,103613,0.8110872062282349,0.07198067632850241,0.1889127937717651,0.9280193236714975,0.9996651730538465,0.8110872062282349,0.8955566113323322,32
0.8318969570957983,446258,149,1921,102212,0.8136415847721844,0.07198067632850241,0.18635841522781557,0.9280193236714975,0.9996662238719375,0.8136415847721844,0.8971119042856555,32
0.8334067519362625,447606,149,1921,100864,0.8160993308658632,0.07198067632850241,0.18390066913413677,0.9280193236714975,0.9996672287299975,0.8160993308658632,0.898604230971919,32
0.8349165467767268,448954,149,1921,99516,0.818557076959542,0.07198067632850241,0.181442923040458,0.9280193236714975,0.9996682275558169,0.818557076959542,0.9000925245571002,32
0.836426341617191,450314,149,1921,98156,0.821036702098565,0.07198067632850241,0.1789632979014349,0.9280193236714975,0.999669229215274,0.821036702098565,0.9015899965262935,32
0.8379361364576552,451676,149,1921,96794,0.8235199737451456,0.07198067632850241,0.1764800262548544,0.9280193236714975,0.999670226304432,0.8235199737451456,0.9030855897510235,32
0.8394459312981195,453041,149,1921,95429,0.8260087151530622,0.07198067632850241,0.17399128484693785,0.9280193236714975,0.999671219576778,0.8260087151530622,0.9045803965417406,32
0.8409557261385837,454316,149,1921,94154,0.8283333637208963,0.07198067632850241,0.1716666362791037,0.9280193236714975,0.9996721419691286,0.8283333637208963,0.9059729693350018,32
0.8424655209790479,455659,149,1921,92811,0.8307819935456816,0.07198067632850241,0.16921800645431836,0.9280193236714975,0.9996731079752879,0.8307819935456816,0.9074359888397435,32
0.8439753158195122,457021,149,1921,91449,0.8332652651922621,0.07198067632850241,0.1667347348077379,0.9280193236714975,0.9996740818513901,0.8332652651922621,0.9089157153653395,32
0.8454851106599764,458287,149,1921,90183,0.835573504476088,0.07198067632850241,0.16442649552391198,0.9280193236714975,0.9996749818949646,0.835573504476088,0.9102875541510329,32
0.8469949055004407,459563,149,1921,88907,0.8378999762977009,0.07198067632850241,0.16210002370229912,0.9280193236714975,0.9996758840317416,0.8378999762977009,0.9116667427111375,32
0.848504700340905,460830,149,1921,87640,0.8402100388353055,0.07198067632850241,0.15978996116469452,0.9280193236714975,0.9996767748639309,0.8402100388353055,0.9130327535120646,32
0.8500144951813692,462084,149,1921,86386,0.842496399073787,0.07198067632850241,0.15750360092621293,0.9280193236714975,0.9996776517470626,0.842496399073787,0.9143813761312669,32
0.8515242900218334,463266,149,1921,85204,0.8446514850402027,0.07198067632850241,0.15534851495979726,0.9280193236714975,0.9996784739380469,0.8446514850402027,0.9156495056256393,32
0.8530340848622976,464455,149,1921,84015,0.8468193337830693,0.07198067632850241,0.15318066621693074,0.9280193236714975,0.9996792967774707,0.8468193337830693,0.9169221596842876,32
0.8545438797027619,465659,149,1921,82811,0.8490145313326162,0.07198067632850241,0.15098546866738383,0.9280193236714975,0.9996801257170336,0.8490145313326162,0.9182078286229218,32
0.8560536745432261,466842,149,1921,81628,0.8511714405528106,0.07198067632850241,0.14882855944718945,0.9280193236714975,0.9996809360351698,0.8511714405528106,0.9194681036494754,32
0.8575634693836903,468009,149,1921,80461,0.8532991777125458,0.07198067632850241,0.14670082228745418,0.9280193236714975,0.9996817313812858,0.8532991777125458,0.9207084597315832,32
0.8590732642241546,469110,150,1920,79360,0.8553065801228873,0.07246376811594203,0.1446934198771127,0.927536231884058,0.9996803477816136,0.8553065801228873,0.9218751535279494,32
0.8605830590646188,470261,150,1920,78209,0.8574051452221635,0.07246376811594203,0.14259485477783654,0.927536231884058,0.9996811299055507,0.8574051452221635,0.9230930795647382,32
0.8620928539050831,471424,150,1920,77046,0.8595255893667839,0.07246376811594203,0.14047441063321603,0.927536231884058,0.9996819163058184,0.8595255893667839,0.9243209116469485,32
0.8636026487455474,472575,150,1920,75895,0.8616241544660601,0.07246376811594203,0.13837584553393986,0.927536231884058,0.9996826907821672,0.8616241544660601,0.9255333212559795,32
0.8651124435860116,473663,150,1920,74807,0.8636078545772786,0.07246376811594203,0.13639214542272138,0.927536231884058,0.9996834194080787,0.8636078545772786,0.9266768595388949,32
0.8666222384264758,474731,150,1920,73739,0.8655550896129233,0.07246376811594203,0.1344449103870768,0.927536231884058,0.9996841313929173,0.8655550896129233,0.9277970119734089,32
0.8681320332669401,475794,150,1920,72676,0.8674932083796744,0.07246376811594203,0.13250679162032564,0.927536231884058,0.9996848368715647,0.8674932083796744,0.9289096010011577,32
0.8696418281074043,476884,150,1920,71586,0.8694805549984502,0.07246376811594203,0.13051944500154977,0.927536231884058,0.9996855570043225,0.8694805549984502,0.9300480544200705,32
0.8711516229478685,477943,150,1920,70527,0.8714113807500866,0.07246376811594203,0.12858861924991338,0.927536231884058,0.9996862535113461,0.8714113807500866,0.9311518143552807,32
0.8726614177883328,479001,150,1920,69469,0.8733403832479443,0.07246376811594203,0.12665961675205573,0.927536231884058,0.9996869462862438,0.8733403832479443,0.9322522603177632,32
0.874171212628797,480030,150,1920,68440,0.8752165113862198,0.07246376811594203,0.12478348861378015,0.927536231884058,0.9996876171435711,0.8752165113862198,0.933320371360521,32
0.8756810074692613,481070,150,1920,67400,0.8771126953160611,0.07246376811594203,0.12288730468393896,0.927536231884058,0.9996882922571797,0.8771126953160611,0.9343977313560392,32
0.8771908023097256,482086,150,1920,66384,0.8789651211552136,0.07246376811594203,0.1210348788447864,0.927536231884058,0.9996889489793379,0.8789651211552136,0.9354481297285551,32
0.8787005971501898,483105,150,1920,65365,0.8808230167557022,0.07246376811594203,0.11917698324429778,0.927536231884058,0.9996896048669957,0.8808230167557022,0.9364995517216312,32
0.880210391990654,484097,150,1920,64373,0.8826316845041662,0.07246376811594203,0.11736831549583386,0.927536231884058,0.9996902407242585,0.8826316845041662,0.937521121468902,32
0.8817201868311183,485117,150,1920,63353,0.8844914033584335,0.07246376811594203,0.11550859664156654,0.927536231884058,0.9996908918183186,0.8844914033584335,0.9385694814058122,32
0.8832299816715825,486107,150,1920,62363,0.88629642459934,0.07246376811594203,0.11370357540066002,0.927536231884058,0.9996915211503382,0.88629642459934,0.9395850306409324,32
0.8847397765120467,487085,150,1920,61385,0.8880795667949022,0.07246376811594203,0.11192043320509781,0.927536231884058,0.9996921403429556,0.8880795667949022,0.9405863638777451,32
0.886249571352511,488015,150,1920,60455,0.8897751928090871,0.07246376811594203,0.1102248071909129,0.927536231884058,0.9996927268444071,0.8897751928090871,0.9415367993556073,32
0.8877593661929752,489000,150,1920,59470,0.8915710977811001,0.07246376811594203,0.10842890221889985,0.927536231884058,0.9996933455995094,0.8915710977811001,0.9425415855515505,32
0.8892691610334394,489949,150,1920,58521,0.8933013656170803,0.07246376811594203,0.10669863438291975,0.927536231884058,0.9996939393877563,0.8933013656170803,0.9435078458917993,32
0.8907789558739038,490883,150,1920,57587,0.8950042846463799,0.07246376811594203,0.10499571535362007,0.927536231884058,0.9996945215494681,0.8950042846463799,0.9444571107538892,32
0.892288750714368,491801,150,1920,56669,0.8966780316152205,0.07246376811594203,0.10332196838477947,0.927536231884058,0.9996950915843245,0.8966780316152205,0.9453884533280279,32
0.8937985455548322,492706,150,1920,55764,0.898328076284938,0.07246376811594203,0.1016719237150619,0.927536231884058,0.9996956514681773,0.898328076284938,0.9463049995870648,32
0.8953083403952965,493679,150,1920,54791,0.9001021022116068,0.07246376811594203,0.09989789778839317,0.927536231884058,0.9996962511314645,0.9001021022116068,0.947288637905246,32
0.8968181352357607,494507,150,1920,53963,0.9016117563403651,0.07246376811594203,0.09838824365963499,0.927536231884058,0.9996967595727949,0.9016117563403651,0.9481242456575278,32
0.8983279300762249,495326,150,1920,53144,0.9031050011851149,0.07246376811594203,0.09689499881488504,0.927536231884058,0.999697260815862,0.9031050011851149,0.9489494667348695,32
0.8998377249166892,496183,150,1920,52287,0.9046675296734552,0.07246376811594203,0.09533247032654475,0.927536231884058,0.9996977835445154,0.9046675296734552,0.9498115912760589,32
0.9013475197571534,497063,150,1920,51407,0.9062719929987055,0.07246376811594203,0.09372800700129451,0.927536231884058,0.9996983184269116,0.9062719929987055,0.950695382826344,32
0.9028573145976176,497862,150,1920,50608,0.9077287727678816,0.07246376811594203,0.09227122723211843,0.927536231884058,0.9996988024384954,0.9077287727678816,0.951496537924207,32
0.904367109438082,498660,150,1920,49810,0.909183729283279,0.07246376811594203,0.09081627071672106,0.927536231884058,0.999699284296626,0.909183729283279,0.952295470170346,32
0.9058769042785462,499529,150,1920,48941,0.9107681368169636,0.07246376811594203,0.08923186318303644,0.927536231884058,0.9996998072762714,0.9107681368169636,0.9531641016687513,32
0.9073866991190104,500330,150,1920,48140,0.912228563093697,0.07246376811594203,0.08777143690630299,0.927536231884058,0.9997002877237852,0.912228563093697,0.9539634872968206,32
0.9088964939594747,501149,150,1920,47321,0.9137218079384469,0.07246376811594203,0.08627819206155304,0.927536231884058,0.9997007773803658,0.9137218079384469,0.9547795753160934,32
0.9104062887999389,501945,150,1920,46525,0.915173117946287,0.07246376811594203,0.08482688205371305,0.927536231884058,0.9997012517551459,0.915173117946287,0.9555715257980231,32
0.9119160836404031,502669,150,1920,45801,0.916493153682061,0.07246376811594203,0.08350684631793899,0.927536231884058,0.99970168191735,0.916493153682061,0.9562908011022658,32
0.9134258784808674,503446,150,1920,45024,0.9179098218681058,0.07246376811594203,0.08209017813189418,0.927536231884058,0.9997021421933454,0.9179098218681058,0.9570616292133763,32
0.9149356733213316,504197,150,1920,44273,0.9192790854559046,0.07246376811594203,0.0807209145440954,0.927536231884058,0.9997025857197525,0.9192790854559046,0.9578055825466344,32
0.9164454681617958,504911,150,1920,43559,0.9205808886538918,0.07246376811594203,0.07941911134610827,0.927536231884058,0.9997030061715317,0.9205808886538918,0.9585118995074658,32
0.9179552630022602,505672,150,1920,42798,0.9219683847794774,0.07246376811594203,0.07803161522052254,0.927536231884058,0.9997034529933455,0.9219683847794774,0.9592636575066489,32
0.9194650578427244,506370,150,1920,42100,0.9232410159170055,0.07246376811594203,0.07675898408299452,0.927536231884058,0.9997038616441601,0.9232410159170055,0.9599522270353272,32
0.9209748526831886,507080,150,1920,41390,0.9245355260998779,0.07246376811594203,0.07546447390012216,0.927536231884058,0.9997042761666305,0.9245355260998779,0.960651700293644,32
0.9224846475236529,507773,150,1920,40697,0.9257990409685124,0.07246376811594203,0.07420095903148759,0.927536231884058,0.9997046796463244,0.9257990409685124,0.9613335188703447,32
0.9239944423641171,508435,150,1920,40035,0.9270060349700074,0.07246376811594203,0.07299396502999253,0.927536231884058,0.999705064050257,0.9270060349700074,0.9619840027245508,32
0.9255042372045813,509155,150,1920,39315,0.9283187776906667,0.07246376811594203,0.07168122230933324,0.927536231884058,0.9997054809986158,0.9283187776906667,0.962690553284016,32
0.9270140320450456,509800,150,1920,38670,0.929494776377924,0.07246376811594203,0.07050522362207595,0.927536231884058,0.9997058535150505,0.929494776377924,0.9633226885357419,32
0.9285238268855098,510473,150,1920,37997,0.9307218261709848,0.07246376811594203,0.06927817382901526,0.927536231884058,0.9997062411994759,0.9307218261709848,0.9639814445001524,32
0.930033621725974,511161,150,1920,37309,0.9319762247707258,0.07246376811594203,0.06802377522927416,0.927536231884058,0.9997066364697806,0.9319762247707258,0.9646540181414841,32
0.9315434165664384,511791,150,1920,36679,0.9331248746513027,0.07246376811594203,0.06687512534869729,0.927536231884058,0.9997069974860384,0.9331248746513027,0.9652691267819741,32
0.9330532114069026,512481,150,1920,35989,0.9343829197586012,0.07246376811594203,0.0656170802413988,0.927536231884058,0.9997073918666644,0.9343829197586012,0.965941979132995,32
0.9345630062473668,513134,150,1920,35336,0.935573504476088,0.07246376811594203,0.06442649552391197,0.927536231884058,0.9997077641227858,0.935573504476088,0.9665779455504759,32
0.9360728010878311,513721,150,1920,34749,0.9366437544441811,0.07246376811594203,0.06335624555581891,0.927536231884058,0.999708097946761,0.9366437544441811,0.9671489662923676,32
0.9375825959282953,514367,150,1920,34103,0.937821576385217,0.07246376811594203,0.06217842361478294,0.927536231884058,0.9997084644433517,0.937821576385217,0.9677766520192627,32
0.9390923907687595,514977,150,1920,33493,0.9389337611902201,0.07246376811594203,0.06106623880977993,0.927536231884058,0.9997088096721779,0.9389337611902201,0.9683686584298377,32
0.9406021856092238,515561,150,1920,32909,0.939998541396977,0.07246376811594203,0.06000145860302295,0.927536231884058,0.9997091394211098,0.939998541396977,0.9689347958664926,32
0.942111980449688,516164,150,1920,32306,0.9410979634255292,0.07246376811594203,0.0589020365744708,0.927536231884058,0.999709479115422,0.9410979634255292,0.9695187005063938,32
0.9436217752901522,516746,150,1920,31724,0.9421590971247288,0.07246376811594203,0.05784090287527121,0.927536231884058,0.9997098062279453,0.9421590971247288,0.9700816433038036,32
0.9451315701306165,517292,150,1920,31178,0.9431545936878954,0.07246376811594203,0.05684540631210458,0.927536231884058,0.9997101124377225,0.9431545936878954,0.9706092060132544,32
0.9466413649710808,517853,150,1920,30617,0.9441774390577424,0.07246376811594203,0.05582256094225755,0.927536231884058,0.999710426387492,0.9441774390577424,0.9711506995488869,32
0.948151159811545,518419,150,1920,30051,0.945209400696483,0.07246376811594203,0.054790599303517054,0.927536231884058,0.9997107424470032,0.945209400696483,0.9716964422106408,32
0.9496609546520093,518950,150,1920,29520,0.9461775484529692,0.07246376811594203,0.05382245154703083,0.927536231884058,0.9997110383355808,0.9461775484529692,0.972207911425012,32
0.9511707494924735,519459,150,1920,29011,0.9471055846263241,0.07246376811594203,0.05289441537367586,0.927536231884058,0.9997113213974353,0.9471055846263241,0.9726977124351288,32
0.9526805443329377,519987,150,1920,28483,0.9480682626214743,0.07246376811594203,0.051931737378525716,0.927536231884058,0.9997116144400418,0.9480682626214743,0.9732053037271887,32
0.954190339173402,520520,150,1920,27950,0.9490400568855178,0.07246376811594203,0.050959943114482105,0.927536231884058,0.9997119096548678,0.9490400568855178,0.9737171932581327,32
0.9557001340138662,521035,150,1920,27435,0.949979032581545,0.07246376811594203,0.05002096741845497,0.927536231884058,0.9997121943263908,0.949979032581545,0.97421131112368,32
0.9572099288543304,521532,150,1920,26938,0.9508851897095557,0.07246376811594203,0.04911481029044433,0.927536231884058,0.9997124685153024,0.9508851897095557,0.9746877079143897,32
0.9587197236947947,522046,150,1920,26424,0.9518223421518041,0.07246376811594203,0.04817765784819589,0.927536231884058,0.9997127515339068,0.9518223421518041,0.9751799347322133,32
0.960229518535259,522534,150,1920,25936,0.9527120899958065,0.07246376811594203,0.04728791000419348,0.927536231884058,0.9997130197212848,0.9527120899958065,0.9756468257598814,32
0.9617393133757232,523039,150,1920,25431,0.9536328331540467,0.07246376811594203,0.04636716684595329,0.927536231884058,0.9997132967245106,0.9536328331540467,0.9761295337416099,32
0.9632491082161875,523494,150,1920,24976,0.9544624136233523,0.07246376811594203,0.045537586376647766,0.927536231884058,0.9997135458441231,0.9544624136233523,0.9765640594190543,32
0.9647589030566517,523994,150,1920,24476,0.9553740405126989,0.07246376811594203,0.04462595948730104,0.927536231884058,0.9997138191031473,0.9553740405126989,0.9770411350215454,32
0.9662686978971159,524448,150,1920,24022,0.9562017977282258,0.07246376811594203,0.04379820227177421,0.927536231884058,0.9997140667711276,0.9562017977282258,0.9774739345502801,32
0.9677784927375802,524906,150,1920,23564,0.9570368479588673,0.07246376811594203,0.04296315204113261,0.927536231884058,0.9997143161872257,0.9570368479588673,0.9779101763720673,32
0.9692882875780444,525359,150,1920,23111,0.9578627819206156,0.07246376811594203,0.04213721807938447,0.927536231884058,0.9997145624527839,0.9578627819206156,0.9783412897272665,32
0.9707980824185086,525801,150,1920,22669,0.958668660090798,0.07246376811594203,0.04133133990920196,0.927536231884058,0.9997148023294946,0.958668660090798,0.9787615841462517,32
0.9723078772589729,526234,150,1920,22236,0.9594581289769724,0.07246376811594203,0.0405418710230277,0.927536231884058,0.9997150369312137,0.9594581289769724,0.97917298535429,32
0.9738176720994371,526679,150,1920,21791,0.9602694769084908,0.07246376811594203,0.03973052309150911,0.927536231884058,0.9997152776327802,0.9602694769084908,0.9795954427559218,32
0.9753274669399014,527134,150,1920,21336,0.9610990573777964,0.07246376811594203,0.03890094262220358,0.927536231884058,0.9997155233232945,0.9610990573777964,0.9800270322025296,32
0.9768372617803657,527517,150,1920,20953,0.961797363575036,0.07246376811594203,0.03820263642496399,0.927536231884058,0.9997157298068668,0.961797363575036,0.9803900432751592,32
0.9783470566208299,527933,150,1920,20537,0.9625558371469725,0.07246376811594203,0.03744416285302751,0.927536231884058,0.9997159537421201,0.9625558371469725,0.9807840394295496,32
0.9798568514612941,528310,150,1920,20160,0.9632432038215399,0.07246376811594203,0.03675679617846008,0.927536231884058,0.9997161563789123,0.9632432038215399,0.9811408355232002,32
0.9813666463017584,528681,150,1920,19789,0.9639196309734351,0.07246376811594203,0.03608036902656481,0.927536231884058,0.9997163555086597,0.9639196309734351,0.9814917093737033,32
0.9828764411422226,529047,150,1920,19423,0.964586941856437,0.07246376811594203,0.035413058143563006,0.927536231884058,0.9997165516811319,0.964586941856437,0.9818376177427721,32
0.9843862359826868,529446,150,1920,19024,0.9653144201141357,0.07246376811594203,0.034685579885864314,0.927536231884058,0.9997167652323659,0.9653144201141357,0.9822144469819103,32
0.9858960308231511,529815,151,1919,18655,0.9659872007584736,0.07294685990338164,0.03401279924152643,0.9270531400966183,0.9997150760614832,0.9659872007584736,0.982561783916709,32
0.9874058256636153,530206,151,1919,18264,0.9667000929859427,0.07294685990338164,0.03329990701405729,0.9270531400966183,0.9997152861185956,0.9667000929859427,0.9829305347381925,32
0.9889156205040796,530522,152,1918,17948,0.9672762411800099,0.07342995169082125,0.03272375881999016,0.9265700483091788,0.9997135717973746,0.9672762411800099,0.9832274469394262,32
0.9904254153445439,530908,152,1918,17562,0.9679800171385855,0.07342995169082125,0.03201998286141448,0.9265700483091788,0.9997137799871955,0.9679800171385855,0.9835910071975767,32
0.9919352101850081,531257,152,1918,17213,0.9686163327073495,0.07342995169082125,0.03138366729265046,0.9265700483091788,0.999713967960648,0.9686163327073495,0.9839194946841266,32
0.9934450050254723,531604,152,1918,16866,0.9692490017685562,0.07342995169082125,0.030750998231443834,0.9265700483091788,0.9997141546122658,0.9692490017685562,0.9842458892861309,32
0.9949547998659366,531934,152,1918,16536,0.969850675515525,0.07342995169082125,0.030149324484474993,0.9265700483091788,0.9997143318937164,0.969850675515525,0.9845560988972343,32
0.9964645947064008,532285,152,1918,16185,0.9704906375918464,0.07342995169082125,0.02950936240815359,0.9265700483091788,0.9997145202155372,0.9704906375918464,0.984885841242586,32
0.997974389546865,532608,152,1918,15862,0.9710795485623644,0.07342995169082125,0.028920451437635605,0.9265700483091788,0.9997146932952924,0.9710795485623644,0.9851890902028246,32
0.9994841843873293,532902,152,1918,15568,0.9716155851733003,0.07342995169082125,0.02838441482669973,0.9265700483091788,0.9997148506530296,0.9716155851733003,0.9854649550079334,32
1.0009939792277935,533253,152,1918,15217,0.9722555472496217,0.07342995169082125,0.027744452750378325,0.9265700483091788,0.9997150382917296,0.9722555472496217,0.9857941074523398,32
1.0025037740682579,533585,153,1917,14885,0.9728608675041479,0.07391304347826087,0.0271391324958521,0.9260869565217391,0.9997133425013771,0.9728608675041479,0.9861043348413614,32
1.004013568908722,533885,153,1917,14585,0.9734078436377559,0.07391304347826087,0.02659215636224406,0.9260869565217391,0.9997135035334564,0.9734078436377559,0.9863853200161108,32
1.0055233637491863,534177,153,1917,14293,0.9739402337411345,0.07391304347826087,0.026059766258865573,0.9260869565217391,0.9997136600976925,0.9739402337411345,0.9866586627262652,32
1.0070331585896506,534471,153,1917,13999,0.9744762703520703,0.07391304347826087,0.025523729647929694,0.9260869565217391,0.9997138175615011,0.9744762703520703,0.9869337287437655,32
1.0085429534301147,534764,154,1916,13706,0.9750104837092275,0.07439613526570048,0.024989516290772514,0.9256038647342996,0.99971210540681,0.9750104837092275,0.9872067994107374,32
1.010052748270579,535042,154,1916,13428,0.9755173482597043,0.07439613526570048,0.024482651740295732,0.9256038647342996,0.9997122549495886,0.9755173482597043,0.987466617943167,32
1.0115625431110433,535294,154,1916,13176,0.975976808211935,0.07439613526570048,0.02402319178806498,0.9256038647342996,0.9997123903721743,0.975976808211935,0.9877020217396519,32
1.0130723379515074,535547,154,1916,12923,0.9764380914179445,0.07439613526570048,0.023561908582055535,0.9256038647342996,0.9997125262039832,0.9764380914179445,0.9879382495934682,32
1.0145821327919717,535843,154,1916,12627,0.9769777745364377,0.07439613526570048,0.023022225463562272,0.9256038647342996,0.9997126849590576,0.9769777745364377,0.9882144869322902,32
1.016091927632436,536125,154,1916,12345,0.9774919321020292,0.07439613526570048,0.02250806789797072,0.9256038647342996,0.9997128360424331,0.9774919321020292,0.988477518762405,32
1.0176017224729001,536396,154,1916,12074,0.9779860338760552,0.07439613526570048,0.02201396612394479,0.9256038647342996,0.9997129810828441,0.9779860338760552,0.9887301616560064,32
1.0191115173133645,536657,154,1916,11813,0.9784619031122942,0.07439613526570048,0.0215380968877058,0.9256038647342996,0.999713120632774,0.9784619031122942,0.9889733626590717,32
1.0206213121538288,536881,154,1916,11589,0.9788703119587215,0.07439613526570048,0.021129688041278464,0.9256038647342996,0.9997132402916011,0.9788703119587215,0.9891819936342993,32
1.0221311069942929,537125,156,1914,11345,0.9793151858807227,0.07536231884057971,0.02068481411927726,0.9246376811594202,0.9997096491407662,0.9793151858807227,0.9894073318836455,32
1.0236409018347572,537383,157,1913,11087,0.9797855853556257,0.07584541062801932,0.02021441464437435,0.9241545893719807,0.9997079287122819,0.9797855853556257,0.9896465041758363,32
1.0251506966752215,537658,157,1913,10812,0.9802869801447663,0.07584541062801932,0.01971301985523365,0.9241545893719807,0.9997080780565808,0.9802869801447663,0.9899022816295908,32
1.0266604915156856,537890,161,1909,10580,0.9807099750214232,0.07777777777777778,0.019290024978576768,0.9222222222222223,0.9997007718599166,0.9807099750214232,0.990114319005339,32
1.02817028635615,538125,161,1909,10345,0.9811384396594162,0.07777777777777778,0.018861560340583807,0.9222222222222223,0.9997009024942131,0.9811384396594162,0.9903326965758642,32
1.0296800811966142,538337,161,1909,10133,0.9815249694604992,0.07777777777777778,0.018475030539500795,0.9222222222222223,0.9997010202452006,0.9815249694604992,0.9905296200072127,32
1.0311898760370783,538554,162,1908,9916,0.9819206155304757,0.0782608695652174,0.018079384469524312,0.9217391304347826,0.9996992849664759,0.9819206155304757,0.9907301970408008,32
1.0326996708775427,538746,162,1908,9724,0.9822706802559849,0.0782608695652174,0.01772931974401517,0.9217391304347826,0.9996993921040326,0.9822706802559849,0.9909084053567389,32
1.034209465718007,538968,162,1908,9502,0.9826754425948547,0.0782608695652174,0.017324557405145224,0.9217391304347826,0.9996995158867064,0.9826754425948547,0.9911143802868702,32
1.035719260558471,539176,162,1908,9294,0.983054679380823,0.0782608695652174,0.016945320619176984,0.9217391304347826,0.9996996317708005,0.983054679380823,0.9913072895216802,32
1.0372290553989354,539376,162,1908,9094,0.9834193301365617,0.0782608695652174,0.016580669863438292,0.9217391304347826,0.9996997431135527,0.9834193301365617,0.9914927096124294,32
1.0387388502393997,539539,163,1907,8931,0.9837165205024887,0.078743961352657,0.016283479497511258,0.921256038647343,0.9996979814786678,0.9837165205024887,0.9916428652823267,32
1.0402486450798638,539731,165,1905,8739,0.9840665852279978,0.07971014492753623,0.015933414772002115,0.9202898550724637,0.999694385585372,0.9840665852279978,0.991818928558959,32
1.0417584399203281,539924,166,1904,8546,0.9844184732072857,0.08019323671497584,0.015581526792714278,0.9198067632850242,0.9996926438186228,0.9844184732072857,0.9919967663702506,32
1.0432682347607924,540110,167,1903,8360,0.9847575984101227,0.08067632850241546,0.015242401589877295,0.9193236714975845,0.9996908992979527,0.9847575984101227,0.9921680610830615,32
1.0447780296012565,540286,167,1903,8184,0.9850784910751728,0.08067632850241546,0.014921508924827246,0.9193236714975845,0.9996909999574431,0.9850784910751728,0.992330954530302,32
1.0462878244417209,540474,169,1901,7996,0.9854212627855671,0.08164251207729468,0.014578737214432877,0.9183574879227053,0.9996874092515764,0.9854212627855671,0.9925030736020963,32
1.0477976192821852,540664,169,1901,7806,0.9857676810035189,0.08164251207729468,0.01423231899648112,0.9183574879227053,0.9996875190678084,0.9857676810035189,0.9926788047035582,32
1.0493074141226493,540826,170,1900,7644,0.9860630481156673,0.0821256038647343,0.01393695188433278,0.9178743961352657,0.9996857647746009,0.9860630481156673,0.9928276788812135,32
1.0508172089631136,540994,171,1899,7476,0.9863693547504877,0.08260869565217391,0.01363064524951228,0.9173913043478261,0.9996840150416232,0.9863693547504877,0.992982053623461,32
1.052327003803578,541147,172,1898,7323,0.9866483125786278,0.08309178743961353,0.013351687421372181,0.9169082125603865,0.9996822575967221,0.9866483125786278,0.9931225218826764,32
1.053836798644042,541328,173,1897,7142,0.9869783215125714,0.08357487922705314,0.013021678487428665,0.9164251207729469,0.9996805176721743,0.9869783215125714,0.9932888122711523,32
1.0553465934845063,541490,174,1896,6980,0.9872736886247196,0.08405797101449275,0.012726311375280325,0.9159420289855073,0.9996787676493176,0.9872736886247196,0.9934375040132681,32
1.0568563883249706,541624,175,1895,6846,0.9875180046310646,0.08454106280193237,0.012481995368935402,0.9154589371980676,0.9996770019878221,0.9875180046310646,0.9935603048421996,32
1.0583661831654347,541750,176,1894,6720,0.98774773460718,0.08502415458937199,0.012252265392820027,0.914975845410628,0.9996752324118053,0.98774773460718,0.993675692133867,32
1.059875978005899,541915,176,1894,6555,0.9880485714806644,0.08502415458937199,0.011951428519335606,0.914975845410628,0.9996753312635701,0.9880485714806644,0.9938279472675073,32
1.0613857728463634,542071,178,1892,6399,0.9883329990701406,0.08599033816425121,0.011667000929859428,0.9140096618357488,0.9996717375227986,0.9883329990701406,0.993970032611516,32
1.0628955676868275,542223,180,1890,6247,0.988610133644502,0.08695652173913043,0.011389866355498022,0.9130434782608695,0.9996681434284103,0.988610133644502,0.9941083884191835,32
1.0644053625272918,542368,181,1889,6102,0.9888745054424125,0.08743961352657005,0.01112549455758747,0.91256038647343,0.9996663895795587,0.9888745054424125,0.994241163536107,32
1.065915157367756,542508,182,1888,5962,0.9891297609714296,0.08792270531400966,0.010870239028570386,0.9120772946859903,0.999664633584551,0.9891297609714296,0.9943692950621356,32
1.0674249522082202,542640,182,1888,5830,0.9893704304702171,0.08792270531400966,0.01062956952978285,0.9120772946859903,0.999664715136822,0.9893704304702171,0.9944909336822775,32
1.0689347470486845,542777,182,1888,5693,0.9896202162378982,0.08792270531400966,0.010379783762101847,0.9120772946859903,0.99966479973626,0.9896202162378982,0.9946171487105437,32
1.0704445418891488,542898,184,1886,5572,0.98984082994512,0.08888888888888889,0.01015917005487994,0.9111111111111111,0.9996611929690176,0.98984082994512,0.9947267743543138,32
1.071954336729613,543017,187,1883,5453,0.9900577971447846,0.09033816425120773,0.009942202855215418,0.9096618357487922,0.9996557462758007,0.9900577971447846,0.9948336224916963,32
1.0734641315700773,543154,188,1882,5316,0.9903075829124656,0.09082125603864734,0.009692417087534414,0.9091787439613527,0.9996539932491875,0.9903075829124656,0.9949588390675317,32
1.0749739264105416,543269,192,1878,5201,0.9905172570970153,0.0927536231884058,0.009482742902984667,0.9072463768115943,0.9996467087794708,0.9905172570970153,0.9950610432344167,32
1.0764837212510057,543383,192,1878,5087,0.9907251080277863,0.0927536231884058,0.009274891972213612,0.9072463768115943,0.9996467828726486,0.9907251080277863,0.9951659501211031,32
1.07799351609147,543494,194,1876,4976,0.9909274891972214,0.09371980676328502,0.00907251080277864,0.9062801932367149,0.9996431777048601,0.9909274891972214,0.9952662526850511,32
1.0795033109319343,543596,196,1874,4874,0.9911134610826481,0.09468599033816426,0.008886538917351906,0.9053140096618357,0.9996395680701444,0.9911134610826481,0.9953582565355198,32
1.0810131057723984,543721,198,1872,4749,0.9913413678049848,0.09565217391304348,0.008658632195015224,0.9043478260869565,0.9996359752095441,0.9913413678049848,0.9954713934321933,32
1.0825229006128627,543845,200,1870,4625,0.9915674512735427,0.0966183574879227,0.008432548726457236,0.9033816425120773,0.999632383350642,0.9915674512735427,0.9955835846647414,32
1.0840326954533268,543931,201,1869,4539,0.9917242510985104,0.09710144927536232,0.008275748901489598,0.9028985507246376,0.9996306043386531,0.9917242510985104,0.9956617322684745,32
1.0855424902937911,544025,201,1869,4445,0.9918956369537076,0.09710144927536232,0.008104363046292414,0.9028985507246376,0.9996306681415441,0.9918956369537076,0.9957481312277158,32
1.0870522851342554,544119,201,1869,4351,0.9920670228089048,0.09710144927536232,0.007932977191095229,0.9028985507246376,0.9996307319223986,0.9920670228089048,0.9958345153231637,32
1.0885620799747195,544222,202,1868,4248,0.9922548179481102,0.09758454106280193,0.007745182051889802,0.9024154589371981,0.9996289656591186,0.9922548179481102,0.9959282418972013,32
1.0900718748151839,544320,205,1865,4150,0.9924334968184222,0.09903381642512077,0.0075665031815778435,0.9009661835748792,0.9996235250906753,0.9924334968184222,0.9960155352952209,32
1.0915816696556482,544413,208,1862,4057,0.9926030594198406,0.10048309178743961,0.007396940580159352,0.8995169082125604,0.9996180830338897,0.9926030594198406,0.9960982205507135,32
1.0930914644961123,544505,208,1862,3965,0.9927707987674804,0.10048309178743961,0.007229201232519554,0.8995169082125604,0.999618147538245,0.9927707987674804,0.9961827068295062,32
1.0946012593365766,544593,208,1862,3877,0.9929312451000055,0.10048309178743961,0.00706875489999453,0.8995169082125604,0.9996182092176776,0.9929312451000055,0.9962635064864979,32
1.096111054177041,544690,209,1861,3780,0.9931081007165388,0.10096618357487923,0.006891899283461265,0.8990338164251208,0.9996164426802031,0.9931081007165388,0.9963516434067548,32
1.097620849017505,544791,213,1857,3679,0.9932922493481868,0.10289855072463767,0.006707750651813226,0.8971014492753623,0.9996091771803509,0.9932922493481868,0.9964407018365321,32
1.0991306438579693,544872,215,1855,3598,0.9934399329042609,0.10386473429951691,0.006560067095739056,0.8961352657004831,0.9996055675516019,0.9934399329042609,0.9965132133030102,32
1.1006404386984336,544942,218,1852,3528,0.9935675606687695,0.10531400966183575,0.006432439331230514,0.8946859903381642,0.9996001173967276,0.9935675606687695,0.9965747099110303,32
1.1021502335388977,545020,221,1849,3450,0.9937097744635076,0.1067632850241546,0.006290225536492424,0.8932367149758454,0.9995946746484582,0.9937097744635076,0.9966435374609929,32
1.103660028379362,545096,221,1849,3374,0.9938483417506883,0.1067632850241546,0.006151658249311721,0.8932367149758454,0.9995947311380353,0.9938483417506883,0.9967132540430632,32
1.1051698232198264,545168,223,1847,3302,0.9939796160227542,0.10772946859903382,0.006020383977245793,0.8922705314009662,0.9995911190320339,0.9939796160227542,0.996777469897912,32
1.1066796180602905,545246,226,1844,3224,0.9941218298174923,0.10917874396135266,0.005878170182507704,0.8908212560386474,0.9995856799249091,0.9941218298174923,0.9968462679008577,32
1.1081894129007548,545322,227,1843,3148,0.994260397104673,0.10966183574879228,0.005739602895327001,0.8903381642512077,0.9995839053870504,0.994260397104673,0.996915044437071,32
1.109699207741219,545395,230,1840,3075,0.9943934946305176,0.1111111111111111,0.005606505369482378,0.8888888888888888,0.9995784650630012,0.9943934946305176,0.9969792385487549,32
1.1112090025816832,545456,230,1840,3014,0.994504713111018,0.1111111111111111,0.0054952868889820775,0.8888888888888888,0.999578512184663,0.994504713111018,0.9970351576923218,32
1.1127187974221475,545521,232,1838,2949,0.994623224606633,0.11207729468599034,0.0053767753933670025,0.8879227053140096,0.9995748992676174,0.994623224606633,0.9970929143328189,32
1.1142285922626118,545574,233,1837,2896,0.9947198570569038,0.11256038647342995,0.005280142943096249,0.8874396135265701,0.9995731091759541,0.9947198570569038,0.9971405777513372,32
1.115738387103076,545643,233,1837,2827,0.9948456615676335,0.11256038647342995,0.005154338432366401,0.8874396135265701,0.9995731631359502,0.9948456615676335,0.9972038093984901,32
1.1172481819435403,545723,235,1835,2747,0.9949915218699291,0.11352657004830918,0.005008478130070925,0.8864734299516909,0.9995695639591324,0.9949915218699291,0.9972752890094185,32
1.1187579767840046,545784,236,1834,2686,0.9951027403504293,0.11400966183574879,0.004897259649570624,0.8859903381642512,0.9995677813999487,0.9951027403504293,0.9973302634103554,32
1.1202677716244687,545857,238,1832,2613,0.995235837876274,0.11497584541062802,0.004764162123726001,0.885024154589372,0.9995641783938692,0.995235837876274,0.9973953122930115,32
1.121777566464933,545913,239,1831,2557,0.9953379400878808,0.11545893719806763,0.004662059912119168,0.8845410628019323,0.9995623928869619,0.9953379400878808,0.9974456935818939,32
1.1232873613053973,545972,241,1829,2498,0.9954455120608238,0.11642512077294687,0.0045544879391762536,0.8835748792270531,0.9995587801828224,0.9954455120608238,0.997497905786424,32
1.1247971561458614,546035,241,1829,2435,0.9955603770488815,0.11642512077294687,0.0044396229511185666,0.8835748792270531,0.9995588310670797,0.9955603770488815,0.997555597371445,32
1.1263069509863257,546086,243,1827,2384,0.9956533629915948,0.11739130434782609,0.0043466370084052,0.8826086956521739,0.9995552130675838,0.9956533629915948,0.9976004727808484,32
1.12781674582679,546146,243,1827,2324,0.9957627582183164,0.11739130434782609,0.004237241781683593,0.8826086956521739,0.9995552619104704,0.9957627582183164,0.997655405855914,32
1.1293265406672541,546206,245,1825,2264,0.995872153445038,0.11835748792270531,0.004127846554961985,0.8816425120772947,0.9995516523896928,0.995872153445038,0.9977085104770116,32
1.1308363355077184,546256,246,1824,2214,0.9959633161339727,0.11884057971014493,0.0040366838660273125,0.881159420289855,0.9995498644103773,0.9959633161339727,0.9977533672093899,32
1.1323461303481828,546306,249,1821,2164,0.9960544788229073,0.12028985507246377,0.00394552117709264,0.8797101449275362,0.9995444191343964,0.9960544788229073,0.9977963973425263,32
1.1338559251886469,546359,251,1819,2111,0.9961511112731781,0.121256038647343,0.0038488887268218865,0.878743961352657,0.9995408060591646,0.9961511112731781,0.9978430799576287,32
1.1353657200291112,546419,254,1816,2051,0.9962605064998997,0.12270531400966184,0.003739493500100279,0.8772946859903382,0.9995353712365528,0.9962605064998997,0.9978952520355789,32
1.1368755148695755,546466,254,1816,2004,0.9963461994274984,0.12270531400966184,0.0036538005725016867,0.8772946859903382,0.9995354111793971,0.9963461994274984,0.9979382572886896,32
1.1383853097100396,546521,254,1816,1949,0.9964464783853264,0.12270531400966184,0.0035535216146735465,0.8772946859903382,0.9995354579123039,0.9964464783853264,0.9979885778980958,32
1.139895104550504,546575,257,1813,1895,0.9965449340893759,0.12415458937198068,0.0034550659106240998,0.8758454106280193,0.999530020189016,0.9965449340893759,0.9980352450739614,32
1.1414048993909682,546623,259,1811,1847,0.9966324502707532,0.12512077294685992,0.003367549729246814,0.8748792270531401,0.9995264060620024,0.9966324502707532,0.9980773303924217,32
1.1429146942314323,546662,263,1807,1808,0.9967035571681222,0.12705314009661836,0.003296442831877769,0.8729468599033816,0.9995191296795721,0.9967035571681222,0.9981093578115657,32
1.1444244890718966,546703,265,1805,1767,0.9967783105730487,0.1280193236714976,0.0032216894269513374,0.8719806763285024,0.9995155109622501,0.9967783105730487,0.9981450342237534,32
1.145934283912361,546749,266,1804,1721,0.9968621802468686,0.1285024154589372,0.0031378197531314383,0.8714975845410629,0.9995137244865314,0.9968621802468686,0.9981861915042196,32
1.147444078752825,546800,270,1800,1670,0.9969551661895819,0.13043478260869565,0.003044833810418072,0.8695652173913043,0.9995064616959438,0.9969551661895819,0.9982291837815142,32
1.1489538735932894,546839,273,1797,1631,0.997026273086951,0.1318840579710145,0.0029737269130490273,0.8681159420289855,0.9995010162453026,0.997026273086951,0.9982621109145642,32
1.1504636684337537,546879,278,1792,1591,0.9970992032380988,0.13429951690821257,0.002900796761901289,0.8657004830917875,0.9994919191383825,0.9970992032380988,0.9982941274722145,32
1.1519734632742178,546921,280,1790,1549,0.9971757798968038,0.13526570048309178,0.002824220103196164,0.8647342995169082,0.9994883050286824,0.9971757798968038,0.9983307032859317,32
1.153483258114682,546962,280,1790,1508,0.9972505333017303,0.13526570048309178,0.0027494666982697323,0.8647342995169082,0.9994883433654581,0.9972505333017303,0.9983681843404107,32
1.1549930529551464,546997,283,1787,1473,0.9973143471839845,0.13671497584541062,0.002685652816015461,0.8632850241545894,0.999482897237246,0.9973143471839845,0.9983974446725987,32
1.1565028477956105,547027,285,1785,1443,0.9973690447973453,0.13768115942028986,0.0026309552026546573,0.8623188405797102,0.9994792732481655,0.9973690447973453,0.9984230439996277,32
1.1580126426360748,547057,286,1784,1413,0.9974237424107062,0.13816425120772946,0.002576257589293854,0.8618357487922705,0.9994774757327672,0.9974237424107062,0.9984495529802987,32
1.1595224374765392,547094,286,1784,1376,0.9974912028005178,0.13816425120772946,0.002508797199482196,0.8618357487922705,0.9994775110526508,0.9974912028005178,0.9984833690742346,32
1.1610322323170033,547125,289,1781,1345,0.9975477236676573,0.1396135265700483,0.0024522763323426987,0.8603864734299517,0.9994720631916612,0.9975477236676573,0.9985089662774528,32
1.1625420271574676,547165,292,1778,1305,0.997620653818805,0.14106280193236714,0.0023793461811949606,0.8589371980676328,0.9994666247760098,0.997620653818805,0.9985427861527273,32
1.164051821997932,547199,294,1776,1271,0.9976826444472806,0.14202898550724638,0.002317355552719383,0.8579710144927536,0.9994630068329641,0.9976826444472806,0.9985720320850249,32
1.165561616838396,547227,300,1770,1243,0.997733695553084,0.14492753623188406,0.0022663044469159663,0.855072463768116,0.9994520818151433,0.997733695553084,0.9985921494310659,32
1.1670714116788603,547252,302,1768,1218,0.9977792768975514,0.14589371980676327,0.00222072310244863,0.8541062801932368,0.9994484562253221,0.9977792768975514,0.9986131690546922,32
1.1685812065193246,547289,305,1765,1181,0.9978467372873631,0.1473429951690821,0.002153262712636972,0.8526570048309179,0.9994430180023887,0.9978467372873631,0.9986442397524232,32
1.1700910013597887,547326,310,1760,1144,0.9979141976771747,0.1497584541062802,0.002085802322825314,0.8502415458937198,0.999433930567019,0.9979141976771747,0.9986734859584749,32
1.171600796200253,547354,312,1758,1116,0.9979652487829781,0.15072463768115943,0.0020347512170218974,0.8492753623188406,0.9994303097143149,0.9979652487829781,0.9986972419480795,32
1.1731105910407174,547372,313,1757,1098,0.9979980673509946,0.15120772946859903,0.002001932649005415,0.8487922705314009,0.9994285036106522,0.9979980673509946,0.9987127732848,32
1.1746203858811815,547398,314,1756,1072,0.9980454719492406,0.15169082125603864,0.001954528050759385,0.8483091787439614,0.9994267060060762,0.9980454719492406,0.9987356114221908,32
1.1761301807216458,547426,315,1755,1044,0.998096523055044,0.15217391304347827,0.0019034769449559684,0.8478260869565217,0.9994249106785872,0.998096523055044,0.9987602751660036,32
1.17763997556211,547448,321,1749,1022,0.9981366346381753,0.15507246376811595,0.0018633653618247124,0.8449275362318841,0.9994139865527257,0.9981366346381753,0.9987749021883002,32
1.1791497704025742,547479,321,1749,991,0.9981931555053147,0.15507246376811595,0.0018068444946852153,0.8449275362318841,0.9994140197152246,0.9981931555053147,0.998803214536565,32
1.1806595652430385,547507,323,1747,963,0.9982442066111182,0.15603864734299516,0.0017557933888817984,0.8439613526570048,0.999410401036818,0.9982442066111182,0.9988269634224209,32
1.1821693600835028,547527,324,1746,943,0.9982806716866921,0.1565217391304348,0.0017193283133079293,0.8434782608695652,0.9994085983232667,0.9982806716866921,0.9988443165824609,32
1.183679154923967,547542,324,1746,928,0.9983080204933725,0.1565217391304348,0.0016919795066275274,0.8434782608695652,0.9994086145152282,0.9983080204933725,0.9988580143313728,32
1.1851889497644312,547557,328,1742,913,0.9983353693000528,0.15845410628019324,0.0016646306999471257,0.8415458937198068,0.9994013342215976,0.9983353693000528,0.9988680673686898,32
1.1866987446048956,547582,328,1742,888,0.9983809506445203,0.15845410628019324,0.0016190493554797893,0.8415458937198068,0.9994013615374788,0.9983809506445203,0.9988908954924387,32
1.1882085394453596,547607,330,1740,863,0.9984265319889876,0.15942028985507245,0.0015734680110124528,0.8405797101449275,0.9993977409811712,0.9984265319889876,0.9989119004165424,32
1.189718334285824,547622,334,1736,848,0.998453880795668,0.16135265700483092,0.001546119204332051,0.8386473429951691,0.9993904620078985,0.998453880795668,0.9989219518690727,32
1.1912281291262883,547647,336,1734,823,0.9984994621401353,0.16231884057971013,0.0015005378598647145,0.8376811594202899,0.9993868422925529,0.9984994621401353,0.9989429551471883,32
1.1927379239667524,547660,341,1729,810,0.9985231644392583,0.1647342995169082,0.0014768355607416997,0.8352657004830918,0.9993777383617913,0.9985231644392583,0.9989502686345558,32
1.1942477188072167,547678,344,1726,792,0.9985559830072748,0.16618357487922705,0.0014440169927252174,0.8338164251207729,0.9993722879738405,0.9985559830072748,0.998963968729366,32
1.195757513647681,547690,349,1721,780,0.9985778620526191,0.16859903381642513,0.001422137947380896,0.8314009661835748,0.9993631840069777,0.9985778620526191,0.9989703686882643,32
1.197267308488145,547706,352,1718,764,0.9986070341130782,0.17004830917874397,0.0013929658869218007,0.8299516908212561,0.9993577322108244,0.9986070341130782,0.9989822421315278,32
1.1987771033286094,547720,353,1717,750,0.9986325596659799,0.17053140096618358,0.0013674403340200923,0.8294685990338164,0.9993559252143419,0.9986325596659799,0.9989941114940317,32
1.2002868981690737,547742,358,1712,728,0.9986726712491112,0.17294685990338166,0.0013273287508888362,0.8270531400966183,0.9993468345192483,0.9986726712491112,0.9990096391475237,32
1.2017966930095378,547759,360,1710,711,0.998703666563349,0.17391304347826086,0.0012963334366510476,0.8260869565217391,0.9993432083179018,0.998703666563349,0.999023335087257,32
1.2033064878500022,547778,367,1703,692,0.9987383083851441,0.17729468599033815,0.0012616916148558718,0.8227053140096618,0.9993304691276943,0.9987383083851441,0.9990343010081021,32
1.2048162826904665,547796,375,1695,674,0.9987711269531606,0.18115942028985507,0.0012288730468393895,0.8188405797101449,0.9993159068976651,0.9987711269531606,0.9990434426580805,32
1.2063260775309306,547811,383,1687,659,0.998798475759841,0.185024154589372,0.0012015242401589878,0.8149758454106281,0.9993013422255624,0.998798475759841,0.9990498457139105,32
1.207835872371395,547828,390,1680,642,0.9988294710740788,0.18840579710144928,0.001170528925921199,0.8115942028985508,0.9992886041684148,0.9988294710740788,0.999058984870811,32
1.2093456672118592,547842,401,1669,628,0.9988549966269805,0.193719806763285,0.0011450033730194906,0.806280193236715,0.9992685725125537,0.9988549966269805,0.9990617417683569,32
1.2108554620523233,547851,406,1664,619,0.9988714059109888,0.1961352657004831,0.0011285940890112495,0.8038647342995169,0.9992594713792984,0.9988714059109888,0.9990654009612238,32
1.2123652568927876,547865,412,1658,605,0.9988969314638905,0.19903381642512077,0.0011030685361095411,0.8009661835748793,0.9992485550187223,0.9988969314638905,0.9990727123028375,32
1.213875051733252,547882,423,1647,588,0.9989279267781283,0.20434782608695654,0.0010720732218717523,0.7956521739130434,0.9992285315654609,0.9989279267781283,0.9990782065601422,32
1.215384846573716,547901,433,1637,569,0.9989625685999234,0.20917874396135266,0.0010374314000765766,0.7908212560386474,0.9992103353065832,0.9989625685999234,0.9990864365921349,32
1.2168946414141804,547922,439,1631,548,0.999000856929276,0.21207729468599035,0.0009991430707240142,0.7879227053140097,0.9991994324906402,0.999000856929276,0.9991001348430159,32
1.2184044362546447,547932,445,1625,538,0.999019089467063,0.21497584541062803,0.0009809105329370794,0.785024154589372,0.9991885144708841,0.999019089467063,0.9991037947863285,32
1.2199142310951088,547947,450,1620,523,0.9990464382737433,0.21739130434782608,0.0009535617262566776,0.782608695652174,0.9991794265832964,0.9990464382737433,0.9991129280031216,32
1.221424025935573,547964,455,1615,506,0.9990774335879811,0.21980676328502416,0.0009225664120188889,0.7801932367149759,0.999170342384199,0.9990774335879811,0.9991238858261866,32
1.2229338207760374,547978,459,1611,492,0.9991029591408829,0.2217391304347826,0.0008970408591171805,0.7782608695652173,0.9991630761600694,0.9991029591408829,0.9991330167461782,32
1.2244436156165015,547994,463,1607,476,0.9991321312013419,0.22367149758454105,0.0008678687986580852,0.7763285024154589,0.9991558134913038,0.9991321312013419,0.9991439722059899,32
1.2259534104569658,548004,469,1601,466,0.9991503637391288,0.22657004830917873,0.0008496362608711506,0.7734299516908213,0.999144898654993,0.9991503637391288,0.9991476311895878,32
1.2274632052974301,548009,476,1594,461,0.9991594800080223,0.22995169082125605,0.0008405199919776833,0.770048309178744,0.9991321549358688,0.9991594800080223,0.9991458172851211,32
1.2289730001378942,548021,485,1585,449,0.9991813590533667,0.23429951690821257,0.0008186409466333619,0.7657004830917874,0.999115779955005,0.9991813590533667,0.9991485684281151,32
1.2304827949783586,548034,492,1578,436,0.9992050613524897,0.23768115942028986,0.000794938647510347,0.7623188405797101,0.9991030507213878,0.9992050613524897,0.999154053433194,32
1.2319925898188229,548039,500,1570,431,0.9992141776213831,0.24154589371980675,0.0007858223786168796,0.7584541062801933,0.9990884877830017,0.9992141776213831,0.999151328749354,32
1.233502384659287,548049,508,1562,421,0.9992324101591701,0.24541062801932367,0.0007675898408299451,0.7545893719806763,0.9990739339758676,0.9992324101591701,0.9991531657835223,32
1.2350121794997513,548057,514,1556,413,0.9992469961893996,0.24830917874396136,0.0007530038106003975,0.7516908212560387,0.9990630201013178,0.9992469961893996,0.9991549996764023,32
1.2365219743402156,548062,526,1544,408,0.999256112458293,0.2541062801932367,0.0007438875417069302,0.7458937198067633,0.9990411747978446,0.999256112458293,0.9991486320686782,32
1.2380317691806797,548066,533,1537,404,0.9992634054734079,0.257487922705314,0.0007365945265921564,0.7425120772946859,0.9990284342479662,0.9992634054734079,0.9991459060460189,32
1.239541564021144,548074,538,1532,396,0.9992779915036374,0.2599033816425121,0.0007220084963626087,0.740096618357488,0.9990193433610639,0.9992779915036374,0.9991486506933849,32
1.2410513588616083,548085,546,1524,385,0.999298047295203,0.263768115942029,0.0007019527047969807,0.736231884057971,0.9990047955729807,0.999298047295203,0.9991513999166894,32
1.2425611537020724,548092,558,1512,378,0.9993108100716539,0.26956521739130435,0.0006891899283461265,0.7304347826086957,0.9989829581700538,0.9993108100716539,0.9991468572261922,32
1.2440709485425367,548098,566,1504,372,0.9993217495943261,0.27342995169082124,0.0006782504056739658,0.7265700483091787,0.9989684032486185,0.9993217495943261,0.9991450451813544,32
1.245580743383001,548102,574,1496,368,0.9993290426094408,0.2772946859903382,0.0006709573905591919,0.7227053140096619,0.9989538452565813,0.9993290426094408,0.9991414087095063,32
1.2470905382234652,548107,584,1486,363,0.9993381588783343,0.2821256038647343,0.0006618411216657246,0.7178743961352657,0.9989356486619974,0.9993381588783343,0.9991368632315585,32
1.2486003330639295,548113,590,1480,357,0.9993490984010064,0.28502415458937197,0.0006509015989935639,0.714975845410628,0.998924737061762,0.9993490984010064,0.9991368726718576,32
1.2501101279043938,548119,605,1465,351,0.9993600379236786,0.2922705314009662,0.0006399620763214032,0.7077294685990339,0.9988974420655922,0.9993600379236786,0.9991286864492515,32
1.251619922744858,548126,617,1453,344,0.9993728007001295,0.29806763285024157,0.000627199299870549,0.7019323671497585,0.9988756120807007,0.9993728007001295,0.9991241445371136,32
1.2531297175853222,548132,625,1445,338,0.9993837402228016,0.30193236714975846,0.0006162597771983882,0.6980676328502415,0.9988610623645803,0.9993837402228016,0.9991223329356641,32
1.2546395124257865,548135,633,1437,335,0.9993892099841377,0.30579710144927535,0.0006107900158623078,0.6942028985507246,0.9988465070849613,0.9993892099841377,0.9991177848379295,32
1.2561493072662506,548137,641,1429,333,0.9993928564916951,0.30966183574879225,0.0006071435083049209,0.6903381642512078,0.9988319502603967,0.9993928564916951,0.9991123246522208,32
1.257659102106715,548142,647,1423,328,0.9994019727605885,0.31256038647342993,0.0005980272394114537,0.68743961352657,0.9988210405091938,0.9994019727605885,0.9991114221892916,32
1.2591688969471793,548148,653,1417,322,0.9994129122832607,0.3154589371980676,0.0005870877167392929,0.6845410628019324,0.9988101333634596,0.9994129122832607,0.9991114319069765,32
1.2606786917876434,548151,674,1396,319,0.9994183820445968,0.32560386473429953,0.0005816179554032126,0.6743961352657005,0.9987719218330069,0.9994183820445968,0.9990950473664785,32
1.2621884866281077,548155,687,1383,315,0.9994256750597116,0.3318840579710145,0.0005743249402884388,0.6681159420289855,0.9987482736379505,0.9994256750597116,0.9990868595258231,32
1.263698281468572,548164,691,1379,306,0.9994420843437198,0.3338164251207729,0.0005579156562801977,0.6661835748792271,0.9987410153865776,0.9994420843437198,0.9990914268790012,32
1.265208076309036,548169,704,1366,301,0.9994512006126133,0.34009661835748795,0.0005487993873867303,0.659903381642512,0.9987173717781709,0.9994512006126133,0.9990841514458104,32
1.2667178711495004,548171,715,1355,299,0.9994548471201706,0.34541062801932365,0.0005451528798293434,0.6545893719806763,0.9986973615650608,0.9994548471201706,0.9990759607638724,32
1.2682276659899647,548178,722,1348,292,0.9994676098966215,0.34879227053140094,0.0005323901033784892,0.6512077294685991,0.9986846420112954,0.9994676098966215,0.9990759725525575,32
1.2697374608304288,548185,730,1340,285,0.9994803726730723,0.3526570048309179,0.0005196273269276351,0.6473429951690821,0.9986701037501252,0.9994803726730723,0.9990750739257416,32
1.2712472556708931,548189,738,1332,281,0.9994876656881871,0.3565217391304348,0.0005123343118128613,0.6434782608695652,0.9986555589358876,0.9994876656881871,0.9990714390507721,32
1.2727570505113575,548194,745,1325,276,0.9994967819570806,0.35990338164251207,0.000503218042919394,0.6400966183574879,0.998642836453595,0.9994967819570806,0.99906962672987,32
1.2742668453518216,548196,754,1316,274,0.999500428464638,0.3642512077294686,0.0004995715353620071,0.6357487922705314,0.9986264687129975,0.999500428464638,0.9990632574584024,32
1.2757766401922859,548203,758,1312,267,0.9995131912410888,0.36618357487922704,0.00048680875891115287,0.633816425120773,0.9986192097434973,0.9995131912410888,0.9990660005048154,32
1.2772864350327502,548210,769,1301,260,0.9995259540175397,0.3714975845410628,0.00047404598246029864,0.6285024154589371,0.9985992178207181,0.9995259540175397,0.9990623710076734,32
1.2787962298732143,548214,775,1295,256,0.9995332470326544,0.3743961352657005,0.00046675296734552483,0.6256038647342995,0.9985883141556571,0.9995332470326544,0.9990605571597663,32
1.2803060247136786,548221,784,1286,249,0.9995460098091054,0.37874396135265703,0.0004539901908946706,0.621256038647343,0.998571962003989,0.9995460098091054,0.999058748490854,32
1.281815819554143,548227,795,1275,243,0.9995569493317775,0.38405797101449274,0.0004430506682225099,0.6159420289855072,0.9985519705949852,0.9995569493317775,0.9990542072288454,32
1.283325614394607,548231,798,1272,239,0.9995642423468922,0.3855072463768116,0.0004357576531077361,0.6144927536231884,0.9985465248648068,0.9995642423468922,0.9990551244238035,32
1.2848354092350713,548233,809,1261,237,0.9995678888544497,0.39082125603864737,0.00043211114555034917,0.6091787439613526,0.9985265243824698,0.9995678888544497,0.9990469352499107,32
1.2863452040755357,548235,812,1258,235,0.999571535362007,0.3922705314009662,0.00042846463799296226,0.6077294685990338,0.9985210737878543,0.999571535362007,0.9990460284442063,32
1.2878549989159997,548241,821,1249,229,0.9995824748846792,0.3966183574879227,0.0004175251153208015,0.6033816425120773,0.9985047225996335,0.9995824748846792,0.9990433080766665,32
1.289364793756464,548247,834,1236,223,0.9995934144073514,0.4028985507246377,0.00040658559264864077,0.5971014492753624,0.9984810984171735,0.9995934144073514,0.999036946802472,32
1.2908745885969284,548252,842,1228,218,0.9996025306762448,0.4067632850241546,0.0003974693237551735,0.5932367149758454,0.99846656492331,0.9996025306762448,0.9990342248834692,32
1.2923843834373925,548257,850,1220,213,0.9996116469451383,0.4106280193236715,0.0003883530548617062,0.5893719806763285,0.9984520321176018,0.9996116469451383,0.9990315030289447,32
1.2938941782778568,548262,855,1215,208,0.9996207632140318,0.41304347826086957,0.0003792367859682389,0.5869565217391305,0.9984429547801288,0.9996207632140318,0.9990315118528189,32
1.2954039731183211,548265,858,1212,205,0.9996262329753678,0.4144927536231884,0.00037376702463215856,0.5855072463768116,0.9984375085363388,0.9996262329753678,0.9990315171470663,32
1.2969137679587852,548269,864,1206,201,0.9996335259904826,0.41739130434782606,0.0003664740095173847,0.5826086956521739,0.9984266106753737,0.9996335259904826,0.9990297038182294,32
1.2984235627992495,548273,872,1198,197,0.9996408190055974,0.421256038647343,0.0003591809944026109,0.578743961352657,0.9984120769559952,0.9996408190055974,0.9990260701612133,32
1.2999333576397138,548279,875,1195,191,0.9996517585282696,0.4227053140096618,0.00034824147173045017,0.5772946859903382,0.9984066400317579,0.9996517585282696,0.9990288113233675,32
1.301443152480178,548280,882,1188,190,0.9996535817820482,0.4260869565217391,0.0003464182179517567,0.5739130434782609,0.9983939165492149,0.9996535817820482,0.9990233520888604,32
1.3029529473206423,548285,886,1184,185,0.9996626980509417,0.4280193236714976,0.0003373019490582894,0.5719806763285025,0.9983866591644497,0.9996626980509417,0.9990242711414752,32
1.3044627421611066,548289,895,1175,181,0.9996699910660565,0.4323671497584541,0.0003300089339435156,0.5676328502415459,0.9983703094044983,0.9996699910660565,0.9990197275279825,32
1.3059725370015707,548289,902,1168,181,0.9996699910660565,0.4357487922705314,0.0003300089339435156,0.5642512077294686,0.9983575841556034,0.9996699910660565,0.9990133565827701,32
1.307482331842035,548293,909,1161,177,0.9996772840811713,0.4391304347826087,0.00032271591882874177,0.5608695652173913,0.9983448712859749,0.9996772840811713,0.99901063341326,32
1.3089921266824993,548298,923,1147,172,0.9996864003500647,0.4458937198067633,0.0003135996499352745,0.5541062801932367,0.9983194378947636,0.9996864003500647,0.9990024515095779,32
1.3105019215229634,548300,929,1141,170,0.9996900468576221,0.44879227053140097,0.0003099531423778876,0.5512077294685991,0.9983085379686797,0.9996900468576221,0.9989988147934907,32
1.3120117163634277,548301,938,1132,169,0.9996918701114008,0.45314009661835747,0.0003081298885991941,0.5468599033816425,0.9982921824560892,0.9996918701114008,0.9989915360081769,32
1.313521511203892,548304,948,1122,166,0.9996973398727369,0.4579710144927536,0.00030266012726311374,0.5420289855072464,0.9982740162985296,0.9996973398727369,0.9989851711088965,32
1.3150313060443561,548306,956,1114,164,0.9997009863802943,0.4618357487922705,0.00029901361970572683,0.5381642512077295,0.9982594827240916,0.9997009863802943,0.9989797145387034,32
1.3165411008848205,548308,965,1105,162,0.9997046328878516,0.46618357487922707,0.0002953671121483399,0.533816425120773,0.9982431322857668,0.9997046328878516,0.9989733480423013,32
1.3180508957252848,548313,976,1094,157,0.9997137491567452,0.4714975845410628,0.00028625084325487266,0.5285024154589372,0.9982231575727896,0.9997137491567452,0.9989678973253693,32
1.3195606905657489,548317,982,1088,153,0.9997210421718599,0.47439613526570046,0.00027895782814009885,0.5256038647342995,0.9982122669074585,0.9997210421718599,0.9989660848502736,32
1.3210704854062132,548318,995,1075,152,0.9997228654256386,0.4806763285024155,0.00027713457436140534,0.5193236714975845,0.9981886465457762,0.9997228654256386,0.9989551669136796,32
1.3225802802466775,548323,1005,1065,147,0.999731981694532,0.4855072463768116,0.0002680183054679381,0.5144927536231884,0.9981704919465237,0.999731981694532,0.9989506266180116,32
1.3240900750871416,548327,1016,1054,143,0.9997392747096469,0.49082125603864735,0.00026072529035316426,0.5091787439613527,0.9981505179823899,0.9997392747096469,0.9989442646425212,32
1.325599869927606,548329,1028,1042,141,0.9997429212172042,0.4966183574879227,0.00025707878279577736,0.5033816425120773,0.9981287213961049,0.9997429212172042,0.9989351692024335,32
1.3271096647680702,548329,1039,1031,141,0.9997429212172042,0.5019323671497584,0.00025707878279577736,0.4980676328502415,0.9981087358564751,0.9997429212172042,0.9989251601784598,32
1.3286194596085343,548332,1047,1023,138,0.9997483909785403,0.5057971014492754,0.000251609021459697,0.49420289855072463,0.9980942118282643,0.9997483909785403,0.9989206165875271,32
1.3301292544489987,548336,1054,1016,134,0.9997556839936551,0.5091787439613527,0.00024431600634492313,0.49082125603864735,0.9980815085822458,0.9997556839936551,0.9989178948135463,32
1.331639049289463,548336,1064,1006,134,0.9997556839936551,0.5140096618357488,0.00024431600634492313,0.4859903381642512,0.9980633418274482,0.9997556839936551,0.9989087961234026,32
1.333148844129927,548338,1074,996,132,0.9997593305012125,0.518840579710145,0.00024066949878753623,0.4811594202898551,0.9980451828500287,0.9997593305012125,0.9989015212928165,32
1.3346586389703914,548343,1083,987,127,0.9997684467701059,0.5231884057971015,0.00023155322989406896,0.47681159420289854,0.9980288519291042,0.9997684467701059,0.9988978919679096,32
1.3361684338108557,548345,1092,978,125,0.9997720932776634,0.527536231884058,0.00022790672233668206,0.47246376811594204,0.998012510988521,0.9997720932776634,0.9988915272422891,32
1.3376782286513198,548345,1099,971,125,0.9997720932776634,0.5309178743961352,0.00022790672233668206,0.46908212560386475,0.9979997961575702,0.9997720932776634,0.9988851585825483,32
1.3391880234917841,548350,1106,964,120,0.9997812095465568,0.5342995169082125,0.00021879045344321476,0.46570048309178746,0.9979870999679683,0.9997812095465568,0.9988833491510356,32
1.3406978183322484,548351,1118,952,119,0.9997830328003354,0.5400966183574879,0.0002169671996645213,0.4599033816425121,0.9979653083249465,0.9997830328003354,0.9988733436010562,32
1.3422076131727125,548355,1131,939,115,0.9997903258154502,0.5463768115942029,0.00020967418454974747,0.45362318840579713,0.9979417128006901,0.9997903258154502,0.9988651639956428,32
1.3437174080131769,548356,1143,927,114,0.999792149069229,0.5521739130434783,0.00020785093077105402,0.44782608695652176,0.9979199234211528,0.999792149069229,0.9988551589343598,32
1.3452272028536412,548358,1161,909,112,0.9997957955767863,0.5608695652173913,0.0002042044232136671,0.4391304347826087,0.9978872432072412,0.9997957955767863,0.9988406076927911,32
1.3467369976941053,548361,1170,900,109,0.9998012653381224,0.5652173913043478,0.00019873466187758675,0.43478260869565216,0.9978709117411029,0.9998012653381224,0.9988351558878362,32
1.3482467925345696,548362,1183,887,108,0.9998030885919011,0.5714975845410628,0.00019691140809889327,0.4285024154589372,0.9978473100474029,0.9998030885919011,0.9988242419274783,32
1.349756587375034,548365,1198,872,105,0.9998085583532372,0.578743961352657,0.00019144164676281291,0.421256038647343,0.9978200861411703,0.9998085583532372,0.998813332568329,32
1.351266382215498,548367,1215,855,103,0.9998122048607946,0.5869565217391305,0.000187795139205426,0.41304347826086957,0.9977892289048768,0.9998122048607946,0.9987996925464369,32
1.3527761770559623,548369,1231,839,101,0.9998158513683519,0.5946859903381643,0.0001841486316480391,0.40531400966183573,0.9977601892285298,0.9998158513683519,0.998786962579799,32
1.3542859718964266,548372,1246,824,98,0.999821321129688,0.6019323671497585,0.00017867887031195872,0.39806763285024155,0.9977329708997886,0.999821321129688,0.9987760543781555,32
1.3557957667368907,548374,1260,810,96,0.9998249676372454,0.6086956521739131,0.0001750323627545718,0.391304347826087,0.9977075653980649,0.9998249676372454,0.9987651442850586,32
1.357305561577355,548379,1268,802,91,0.9998340839061389,0.6125603864734299,0.00016591609386110452,0.38743961352657,0.9976930648216037,0.9998340839061389,0.9987624269545048,32
1.3588153564178194,548379,1287,783,91,0.9998340839061389,0.6217391304347826,0.00016591609386110452,0.3782608695652174,0.9976585781183482,0.9998340839061389,0.9987451463206745,32
1.3603251512582835,548381,1301,769,89,0.9998377304136963,0.6285024154589371,0.0001622695863037176,0.3714975845410628,0.9976331770005203,0.9998377304136963,0.9987342371547837,32
1.3618349460987478,548383,1313,757,87,0.9998413769212536,0.6342995169082125,0.0001586230787463307,0.36570048309178743,0.9976114070322506,0.9998413769212536,0.9987251471999679,32
1.363344740939212,548387,1329,741,83,0.9998486699363685,0.6420289855072464,0.00015133006363155687,0.35797101449275365,0.9975823879967111,0.9998486699363685,0.9987142433066895,32
1.3648545357796762,548391,1339,731,79,0.9998559629514833,0.6468599033816426,0.00014403704851678306,0.3531400966183575,0.9975642588179652,0.9998559629514833,0.9987087962119832,32
1.3663643306201405,548394,1350,720,76,0.9998614327128192,0.6521739130434783,0.00013856728718070267,0.34782608695652173,0.9975443115340958,0.9998614327128192,0.9987015281174707,32
1.3678741254606048,548397,1360,710,73,0.9998669024741553,0.6570048309178744,0.0001330975258446223,0.34299516908212563,0.9975261797485071,0.9998669024741553,0.9986951695778742,32
1.369383920301069,548401,1377,693,69,0.9998741954892701,0.6652173913043479,0.0001258045107298485,0.3347826086956522,0.997495352669623,0.9998741954892701,0.9986833574930252,32
1.3708937151415332,548403,1394,676,67,0.9998778419968275,0.6734299516908212,0.00012215800317246157,0.32657004830917874,0.9974645187223647,0.9998778419968275,0.9986697223899106,32
1.3724035099819976,548405,1413,657,65,0.999881488504385,0.6826086956521739,0.00011851149561507466,0.3173913043478261,0.9974300586739612,0.999881488504385,0.9986542691898664,32
1.3739133048224617,548405,1430,640,65,0.999881488504385,0.6908212560386473,0.00011851149561507466,0.30917874396135264,0.9973992197659298,0.999881488504385,0.9986388116233651,32
1.375423099662926,548408,1445,625,62,0.999886958265721,0.6980676328502415,0.00011304173427899429,0.30193236714975846,0.9973720248866516,0.999886958265721,0.9986279081836582,32
1.3769328945033903,548409,1458,612,61,0.9998887815194997,0.7043478260869566,0.00011121848050030083,0.2956521739130435,0.9973484497160222,0.9998887815194997,0.998617000064643,32
1.3784426893438544,548410,1475,595,60,0.9998906047732784,0.7125603864734299,0.00010939522672160738,0.28743961352657005,0.9973176209571092,0.9998906047732784,0.9986024554902558,32
1.3799524841843187,548410,1493,577,60,0.9998906047732784,0.721256038647343,0.00010939522672160738,0.278743961352657,0.9972849757138986,0.9998906047732784,0.9985860905175201,32
1.381462279024783,548410,1508,562,60,0.9998906047732784,0.7285024154589372,0.00010939522672160738,0.2714975845410628,0.9972577729770621,0.9998906047732784,0.9985724534499649,32
1.3829720738652471,548415,1527,543,55,0.9998997210421718,0.7376811594202899,0.0001002789578281401,0.26231884057971017,0.9972233435525928,0.9998997210421718,0.9985597389686202,32
1.3844818687057114,548416,1542,528,54,0.9999015442959506,0.744927536231884,9.845570404944664e-05,0.25507246376811593,0.9971961495241455,0.9999015442959506,0.9985470144606656,32
1.3859916635461758,548419,1562,508,51,0.9999070140572867,0.7545893719806763,9.298594271336628e-05,0.24541062801932367,0.9971599018875198,0.9999070140572867,0.9985315685451605,32
1.3875014583866399,548421,1582,488,49,0.999910660564844,0.7642512077294686,8.933943515597936e-05,0.2357487922705314,0.997123652052807,0.999910660564844,0.9985152115709717,32
1.3890112532271042,548422,1596,474,48,0.9999124838186227,0.7710144927536232,8.75161813772859e-05,0.2289855072463768,0.9970982767836689,0.9999124838186227,0.9985033973971494,32
1.3905210480675685,548423,1609,461,47,0.9999143070724014,0.7772946859903381,8.569292759859245e-05,0.22270531400966184,0.9970747156529075,0.9999143070724014,0.9984924925034274,32
1.3920308429080326,548424,1618,452,46,0.9999161303261801,0.7816425120772947,8.386967381989899e-05,0.21835748792270532,0.997058406448962,0.9999161303261801,0.9984852236479892,32
1.393540637748497,548427,1628,442,43,0.9999216000875162,0.7864734299516908,7.839991248381863e-05,0.2135265700483092,0.997040295970403,0.9999216000875162,0.9984788693930498,32
1.395050432588961,548427,1640,430,43,0.9999216000875162,0.7922705314009661,7.839991248381863e-05,0.20772946859903382,0.9970185450136074,0.9999216000875162,0.9984679623899787,32
1.3965602274294253,548427,1653,417,43,0.9999216000875162,0.7985507246376812,7.839991248381863e-05,0.20144927536231885,0.996994982547993,0.9999216000875162,0.998456146738883,32
1.3980700222698896,548427,1662,408,43,0.9999216000875162,0.8028985507246377,7.839991248381863e-05,0.19710144927536233,0.9969786707241919,0.9999216000875162,0.9984479668365559,32
1.3995798171103537,548429,1681,389,41,0.9999252465950735,0.8120772946859903,7.475340492643171e-05,0.18792270531400967,0.9969442475141336,0.9999252465950735,0.9984325219829234,32
1.401089611950818,548432,1697,373,38,0.9999307163564096,0.8198067632850241,6.928364359035133e-05,0.18019323671497584,0.9969152689641884,0.9999307163564096,0.9984207158389913,32
1.4025994067912824,548433,1713,357,37,0.9999325396101884,0.827536231884058,6.746038981165788e-05,0.17246376811594202,0.9968862810962908,0.9999325396101884,0.9984070867345824,32
1.4041092016317465,548434,1726,344,36,0.9999343628639671,0.8338164251207729,6.563713603296443e-05,0.16618357487922705,0.9968627308419369,0.9999343628639671,0.9983961843386765,32
1.4056189964722108,548437,1738,332,33,0.9999398326253032,0.8396135265700483,6.0167374696884057e-05,0.1603864734299517,0.9968410051347298,0.9999398326253032,0.9983880143267388,32
1.407128791312675,548439,1754,316,31,0.9999434791328605,0.8473429951690822,5.6520867139497144e-05,0.15265700483091788,0.9968120277793429,0.9999434791328605,0.9983752979758125,32
1.4086385861531392,548439,1764,306,31,0.9999434791328605,0.8521739130434782,5.6520867139497144e-05,0.14782608695652175,0.9967939106111744,0.9999434791328605,0.9983662108743913,32
1.4101483809936035,548440,1778,292,30,0.9999453023866391,0.8589371980676328,5.469761336080369e-05,0.14106280193236714,0.9967685535551364,0.9999453023866391,0.9983544008854198,32
1.4116581758340678,548441,1787,283,29,0.9999471256404179,0.8632850241545894,5.287435958211023e-05,0.13671497584541062,0.9967522554286586,0.9999471256404179,0.9983471345174014,32
1.413167970674532,548442,1798,272,28,0.9999489488941966,0.8685990338164251,5.105110580341678e-05,0.13140096618357489,0.9967323349810991,0.9999489488941966,0.9983380509870666,32
1.4146777655149962,548442,1809,261,28,0.9999489488941966,0.8739130434782608,5.105110580341678e-05,0.12608695652173912,0.9967124094276976,0.9999489488941966,0.9983280559850954,32
1.4161875603554606,548443,1816,254,27,0.9999507721479752,0.8772946859903382,4.922785202472332e-05,0.12270531400966184,0.9966997359425289,0.9999507721479752,0.9983226073035297,32
1.4176973551959247,548444,1828,242,26,0.999952595401754,0.8830917874396135,4.7404598246029865e-05,0.11690821256038647,0.9966780065131426,0.999952595401754,0.9983126157005011,32
1.419207150036389,548446,1836,234,24,0.9999562419093113,0.8869565217391304,4.375809068864295e-05,0.11304347826086956,0.9966635288815553,0.9999562419093113,0.9983071703168686,32
1.4207169448768533,548448,1845,225,22,0.9999598884168688,0.8913043478260869,4.011158313125604e-05,0.10869565217391304,0.9966472406517982,0.9999598884168688,0.998300816463605,32
1.4222267397173174,548450,1852,218,20,0.9999635349244261,0.8946859903381642,3.646507557386913e-05,0.10531400966183575,0.9966345751968919,0.9999635349244261,0.9982962798469565,32
1.4237365345577817,548450,1857,213,20,0.9999635349244261,0.8971014492753623,3.646507557386913e-05,0.10289855072463767,0.9966255199370533,0.9999635349244261,0.998291737085869,32
1.425246329398246,548452,1862,208,18,0.9999671814319835,0.8995169082125604,3.2818568016482215e-05,0.10048309178743961,0.9966164771385064,0.9999671814319835,0.9982890176777237,32
1.4267561242387101,548452,1874,196,18,0.9999671814319835,0.9053140096618357,3.2818568016482215e-05,0.09468599033816426,0.9965947456598453,0.9999671814319835,0.998278115318949,32
1.4282659190791744,548453,1882,188,17,0.9999690046857622,0.9091787439613527,3.0995314237788755e-05,0.09082125603864734,0.9965802647478355,0.9999690046857622,0.9982717588653128,32
1.4297757139196388,548455,1889,181,15,0.9999726511933196,0.91256038647343,2.7348806680401845e-05,0.08743961352657005,0.9965676013547891,0.9999726511933196,0.998267222660068,32
1.4312855087601029,548456,1890,180,14,0.9999744744470983,0.9130434782608695,2.552555290170839e-05,0.08695652173913043,0.996565796789656,0.9999744744470983,0.998267225813967,32
1.4327953036005672,548456,1895,175,14,0.9999744744470983,0.9154589371980676,2.552555290170839e-05,0.08454106280193237,0.9965567428786356,0.9999744744470983,0.9982626833669905,32
1.4343050984410315,548456,1901,169,14,0.9999744744470983,0.9183574879227053,2.552555290170839e-05,0.08164251207729468,0.9965458784025641,0.9999744744470983,0.9982572324851865,32
1.4358148932814956,548456,1906,164,14,0.9999744744470983,0.9207729468599034,2.552555290170839e-05,0.07922705314009662,0.9965368248534601,0.9999744744470983,0.9982526901291553,32
1.43732468812196,548458,1913,157,12,0.9999781209546557,0.9241545893719807,2.1879045344321476e-05,0.07584541062801932,0.9965241627920076,0.9999781209546557,0.9982481541915528,32
1.4388344829624242,548460,1915,155,10,0.999981767462213,0.9251207729468599,1.8232537786934564e-05,0.0748792270531401,0.996520554167613,0.999981767462213,0.998248160568597,32
1.4403442778028883,548460,1925,145,10,0.999981767462213,0.9299516908212561,1.8232537786934564e-05,0.07004830917874397,0.9965024482861997,0.999981767462213,0.9982390761292437,32
1.4418540726433526,548460,1929,141,10,0.999981767462213,0.9318840579710145,1.8232537786934564e-05,0.06811594202898551,0.9964952061178548,0.999981767462213,0.9982354423997983,32
1.443363867483817,548461,1937,133,9,0.9999835907159917,0.9357487922705314,1.6409284008241107e-05,0.0642512077294686,0.9964807284910192,0.9999835907159917,0.9982290866600901,32
1.444873662324281,548462,1940,130,8,0.9999854139697705,0.9371980676328503,1.4586030229547651e-05,0.06280193236714976,0.9964753035054379,0.9999854139697705,0.9982272730581906,32
1.4463834571647454,548463,1945,125,7,0.9999872372235491,0.9396135265700483,1.2762776450854195e-05,0.06038647342995169,0.9964662577578814,0.9999872372235491,0.9982236426609686,32
1.4478932520052097,548463,1950,120,7,0.9999872372235491,0.9420289855072463,1.2762776450854195e-05,0.057971014492753624,0.9964572057709393,0.9999872372235491,0.998219100668588,32
1.4494030468456738,548463,1955,115,7,0.9999872372235491,0.9444444444444444,1.2762776450854195e-05,0.05555555555555555,0.9964481539484538,0.9999872372235491,0.99821455871754,32
1.450912841686138,548464,1961,109,6,0.9999890604773278,0.9473429951690822,1.0939522672160738e-05,0.052657004830917876,0.9964372984511968,0.9999890604773278,0.9982100200656113,32
1.4524226365266024,548464,1967,103,6,0.9999890604773278,0.9502415458937198,1.0939522672160738e-05,0.049758454106280194,0.9964264367377564,0.9999890604773278,0.9982045698384113,32
1.4539324313670665,548465,1973,97,5,0.9999908837311066,0.9531400966183575,9.116268893467282e-06,0.04685990338164251,0.9964155817730608,0.9999908837311066,0.9982000313038034,32
1.4554422262075308,548465,1982,88,5,0.9999908837311066,0.957487922705314,9.116268893467282e-06,0.04251207729468599,0.9963992900315561,0.9999908837311066,0.9981918561638412,32
1.4569520210479951,548465,1985,85,5,0.9999908837311066,0.9589371980676329,9.116268893467282e-06,0.04106280193236715,0.9963938595694432,0.9999908837311066,0.9981891311469443,32
1.4584618158884592,548466,1988,82,4,0.9999927069848852,0.9603864734299516,7.2930151147738254e-06,0.03961352657004831,0.9963884357275994,0.9999927069848852,0.9981873177762975,32
1.4599716107289236,548466,1990,80,4,0.9999927069848852,0.961352657004831,7.2930151147738254e-06,0.03864734299516908,0.9963848154984232,0.9999927069848852,0.9981855011165447,32
1.4614814055693879,548467,1996,74,3,0.9999945302386639,0.9642512077294686,5.469761336080369e-06,0.035748792270531404,0.9963739615559992,0.9999945302386639,0.9981809628066497,32
1.462991200409852,548467,2000,70,3,0.9999945302386639,0.966183574879227,5.469761336080369e-06,0.033816425120772944,0.9963667213475104,0.9999945302386639,0.9981773295466436,32
1.4645009952503163,548467,2005,65,3,0.9999945302386639,0.9685990338164251,5.469761336080369e-06,0.03140096618357488,0.9963576712348675,0.9999945302386639,0.9981727880088302,32
1.4660107900907806,548467,2012,58,3,0.9999945302386639,0.9719806763285024,5.469761336080369e-06,0.028019323671497585,0.9963450013533668,0.9999945302386639,0.9981664299253196,32
1.4675205849312447,548467,2016,54,3,0.9999945302386639,0.9739130434782609,5.469761336080369e-06,0.02608695652173913,0.9963377615657523,0.9999945302386639,0.9981627967711085,32
1.469030379771709,548467,2018,52,3,0.9999945302386639,0.9748792270531401,5.469761336080369e-06,0.025120772946859903,0.9963341417114,0.9999945302386639,0.998160980203921,32
1.4705401746121733,548467,2022,48,3,0.9999945302386639,0.9768115942028985,5.469761336080369e-06,0.02318840579710145,0.9963269020816038,0.9999945302386639,0.998157347089382,32
1.4720499694526374,548467,2028,42,3,0.9999945302386639,0.9797101449275363,5.469761336080369e-06,0.020289855072463767,0.9963160428341765,0.9999945302386639,0.9981518974671623,32
1.4735597642931018,548467,2034,36,3,0.9999945302386639,0.9826086956521739,5.469761336080369e-06,0.017391304347826087,0.9963051838234627,0.9999945302386639,0.9981464479044488,32
1.475069559133566,548467,2042,28,3,0.9999945302386639,0.9864734299516909,5.469761336080369e-06,0.01352657004830918,0.9962907055107183,0.9999945302386639,0.9981391819133942,32
1.4765793539740302,548467,2044,26,3,0.9999945302386639,0.9874396135265701,5.469761336080369e-06,0.012560386473429951,0.9962870859982816,0.9999945302386639,0.9981373654321594,32
1.4780891488144945,548468,2048,22,2,0.9999963534924426,0.9893719806763285,3.6465075573869127e-06,0.010628019323671498,0.9962798538098802,0.9999963534924426,0.9981346441173955,32
1.4795989436549588,548469,2052,18,1,0.9999981767462213,0.991304347826087,1.8232537786934564e-06,0.008695652173913044,0.9962726217528487,0.9999981767462213,0.9981319228273935,32
1.481108738495423,548469,2054,16,1,0.9999981767462213,0.9922705314009662,1.8232537786934564e-06,0.007729468599033816,0.9962690023850048,0.9999981767462213,0.9981301063792035,32
1.4826185333358872,548469,2058,12,1,0.9999981767462213,0.9942028985507246,1.8232537786934564e-06,0.005797101449275362,0.9962617637282095,0.9999981767462213,0.9981264735026574,32
1.4841283281763515,548469,2060,10,1,0.9999981767462213,0.9951690821256038,1.8232537786934564e-06,0.004830917874396135,0.9962581444392575,0.9999981767462213,0.9981246570743011,32
1.4856381230168156,548469,2062,8,1,0.9999981767462213,0.996135265700483,1.8232537786934564e-06,0.003864734299516908,0.9962545251766022,0.9999981767462213,0.9981228406525561,32
1.48714791785728,548470,2065,5,0,1.0,0.9975845410628019,0.0,0.0024154589371980675,0.9962491031451225,1.0,0.9981210276568351,32
1.4886577126977443,548470,2065,5,0,1.0,0.9975845410628019,0.0,0.0024154589371980675,0.9962491031451225,1.0,0.9981210276568351,32
1.4901675075382084,548470,2065,5,0,1.0,0.9975845410628019,0.0,0.0024154589371980675,0.9962491031451225,1.0,0.9981210276568351,32
1.4916773023786727,548470,2065,5,0,1.0,0.9975845410628019,0.0,0.0024154589371980675,0.9962491031451225,1.0,0.9981210276568351,32
1.493187097219137,548470,2067,3,0,1.0,0.9985507246376811,0.0,0.0014492753623188406,0.9962454839547569,1.0,0.9981192112516117,32
1.494696892059601,548470,2068,2,0,1.0,0.9990338164251208,0.0,0.000966183574879227,0.996243674369435,1.0,0.9981183030514791,32
1.4962066869000654,548470,2068,2,0,1.0,0.9990338164251208,0.0,0.000966183574879227,0.996243674369435,1.0,0.9981183030514791,32
1.4977164817405297,548470,2068,2,0,1.0,0.9990338164251208,0.0,0.000966183574879227,0.996243674369435,1.0,0.9981183030514791,32
1.4992262765809938,548470,2069,1,0,1.0,0.9995169082125603,0.0,0.0004830917874396135,0.996241864790687,1.0,0.9981173948529994,32
1.5007360714214582,548470,2069,1,0,1.0,0.9995169082125603,0.0,0.0004830917874396135,0.996241864790687,1.0,0.9981173948529994,32
1.5022458662619225,548470,2069,1,0,1.0,0.9995169082125603,0.0,0.0004830917874396135,0.996241864790687,1.0,0.9981173948529994,32
1.5037556611023866,548470,2069,1,0,1.0,0.9995169082125603,0.0,0.0004830917874396135,0.996241864790687,1.0,0.9981173948529994,32
1.5052654559428509,548470,2069,1,0,1.0,0.9995169082125603,0.0,0.0004830917874396135,0.996241864790687,1.0,0.9981173948529994,32
1.5067752507833152,548470,2069,1,0,1.0,0.9995169082125603,0.0,0.0004830917874396135,0.996241864790687,1.0,0.9981173948529994,32
1.5082850456237793,548470,2069,1,0,1.0,0.9995169082125603,0.0,0.0004830917874396135,0.996241864790687,1.0,0.9981173948529994,32
